IID	PC1	PC2	PC3	PC4	PC5	PC6	PC7	PC8	PC9	PC10	pop	superpop
HG00096	-0.0120144	0.026567	0.01269	0.018397	0.00278638	0.00202318	0.00485594	-0.000472761	-0.00660947	-0.0303	GBR	EUR
HG00097	-0.0110104	0.0257427	0.0122768	0.016926	-0.0112912	-0.00340198	0.00391262	-0.00434817	-0.00832767	-0.000328987	GBR	EUR
HG00099	-0.0108744	0.027396	0.0119385	0.0152817	-0.00199562	-0.000760984	0.0245817	-0.00495665	-0.0222346	-0.00935645	GBR	EUR
HG00100	-0.0109653	0.026405	0.0111918	0.0130903	-0.00784174	-0.00604304	0.0163219	-0.00979025	-0.0132356	0.00362506	GBR	EUR
HG00101	-0.0109446	0.0274878	0.00915529	0.0176269	-0.0147787	-0.000658695	0.0042533	-0.0184998	-0.00240582	-0.00964459	GBR	EUR
HG00102	-0.0112895	0.0266451	0.0128393	0.0212459	-0.001114	0.000993725	0.0184524	0.0150616	0.0118027	0.0132148	GBR	EUR
HG00103	-0.0107912	0.0266765	0.0106527	0.0156416	-0.0102611	-0.00277825	0.0106473	-0.00946222	0.00808761	0.0220948	GBR	EUR
HG00105	-0.0112076	0.0271827	0.00856152	0.0169438	-0.0172018	-0.00464421	0.0196018	0.0205431	0.00689797	0.0139015	GBR	EUR
HG00106	-0.0107912	0.0267969	0.0063455	0.0126507	-0.00130758	0.000238396	0.00484156	-0.000296337	0.0135084	0.00534537	GBR	EUR
HG00107	-0.0103919	0.0257124	0.012889	0.0192661	0.00941774	0.00827915	-0.0025574	0.00384668	0.0132565	-0.016209	GBR	EUR
HG00108	-0.0110601	0.0250212	0.0119248	0.0147329	-0.00253171	0.00072893	0.0272782	0.0111076	0.00985161	-0.0166483	GBR	EUR
HG00109	-0.011517	0.0258282	0.0131997	0.016895	-0.000657179	-0.00167641	0.00449376	-0.0140518	-0.0327414	-0.0157172	GBR	EUR
HG00110	-0.0113904	0.0263304	0.012049	0.020231	-0.0064454	-0.00242549	0.0170689	0.0072973	0.0106995	-0.0204647	GBR	EUR
HG00111	-0.0105784	0.0269393	0.00879605	0.0164341	-0.011487	-0.00191228	0.00163131	-0.000220741	0.0147957	0.0215049	GBR	EUR
HG00112	-0.0106961	0.0263057	0.00908852	0.0184948	-0.000350292	-0.00136037	0.0119792	-0.0153889	-0.0124618	-0.0177487	GBR	EUR
HG00113	-0.0111948	0.0257485	0.00971598	0.0170737	-0.0102181	-0.00651619	0.0267849	0.00312138	-0.0133323	-0.0117183	GBR	EUR
HG00114	-0.0115171	0.0276953	0.00838727	0.0205404	0.0021378	-0.00380178	0.0130114	-0.00359293	-0.00297385	-0.00168228	GBR	EUR
HG00115	-0.00965198	0.0252101	0.00947461	0.0205433	-0.000643735	-0.00219985	0.00444293	-0.00459139	-0.0290602	0.0311923	GBR	EUR
HG00116	-0.010079	0.0250996	0.0126614	0.0185341	-0.00148231	0.00395711	0.0358484	-0.0236022	-0.0389191	-0.00848799	GBR	EUR
HG00117	-0.0106602	0.0263815	0.0123933	0.0174933	-0.00430126	-0.00565657	0.0278968	0.00225305	-0.00720298	0.0179747	GBR	EUR
HG00118	-0.0109081	0.0279805	0.0098517	0.0172557	0.00410704	-0.00547955	0.0109213	-0.000993145	-0.00763468	-0.000562119	GBR	EUR
HG00119	-0.010291	0.0277457	0.0108083	0.0175495	-0.00499698	0.000502576	0.0244643	0.00156745	-0.0181019	0.00608942	GBR	EUR
HG00120	-0.0109631	0.0276628	0.010344	0.0171824	-0.00160877	0.00291115	0.0242863	0.00268728	0.015992	-0.0169003	GBR	EUR
HG00121	-0.0114521	0.0275761	0.0114743	0.0206152	-0.0099906	0.00393872	0.0156812	0.00906511	0.00941288	-0.000817531	GBR	EUR
HG00122	-0.0112987	0.0274528	0.0112272	0.0226838	-0.000109151	-0.00775746	0.0206257	0.0306103	0.0170278	0.0181637	GBR	EUR
HG00123	-0.0115997	0.0273481	0.00913579	0.0188965	-0.00699295	-0.00808686	0.0263452	-0.0053114	0.00133812	-0.0185609	GBR	EUR
HG00125	-0.0114906	0.0263938	0.00845732	0.0148629	-0.000284056	-0.00726249	0.0293309	-0.00474639	-0.0260543	-0.00289759	GBR	EUR
HG00126	-0.0110106	0.0277168	0.0112504	0.0176846	0.0071462	0.00436922	0.00559184	-0.00829432	0.00161989	-0.0105446	GBR	EUR
HG00127	-0.0114114	0.0262677	0.00811369	0.0191906	-7.12042e-05	-0.00087707	0.0032282	0.0139475	0.0135945	0.00796988	GBR	EUR
HG00128	-0.010806	0.0267843	0.010126	0.0197824	-0.00592364	0.00193482	0.0194919	0.00394311	0.0219303	0.0164618	GBR	EUR
HG00129	-0.0112329	0.0270636	0.0105037	0.0167331	-0.0250584	-0.00614147	0.0263477	0.0126581	0.00491658	0.0202726	GBR	EUR
HG00130	-0.0112342	0.0255616	0.00790469	0.0208308	0.00788545	-0.00303827	0.0118724	0.0123571	0.00490996	-0.0291516	GBR	EUR
HG00131	-0.0115925	0.0289441	0.0130191	0.0177727	-0.00379678	1.58319e-06	0.0042856	-0.00487547	-0.0138515	0.0129829	GBR	EUR
HG00132	-0.0111535	0.0256477	0.00522549	0.0167048	0.0045883	-0.000961328	0.00762481	-0.0109269	0.00451899	0.0209041	GBR	EUR
HG00133	-0.0110311	0.027152	0.0108415	0.0156013	-0.00362855	-0.00234204	0.018001	0.00911939	0.00177389	0.0330869	GBR	EUR
HG00136	-0.0117287	0.027962	0.0117109	0.0206094	-0.00277883	-0.0106084	0.0144429	-0.00864267	-0.0138834	-0.0191151	GBR	EUR
HG00137	-0.0111408	0.0271988	0.0110795	0.0222509	-0.000738809	-0.00418821	-0.00261748	0.000661445	0.0158888	0.00304925	GBR	EUR
HG00138	-0.0116292	0.0267082	0.0111307	0.0165312	-0.00942232	0.00716184	0.0298241	0.00949078	-0.00372876	0.00851128	GBR	EUR
HG00139	-0.011493	0.028546	0.0119869	0.0191888	-0.00167991	0.00425257	-0.00965094	0.0149825	0.0142526	0.0012509	GBR	EUR
HG00140	-0.0114783	0.0274313	0.0101877	0.0222518	0.00451131	-0.00252026	0.0242079	0.0236345	0.0327706	0.0339155	GBR	EUR
HG00141	-0.0105798	0.0284461	0.01068	0.0203315	-0.00521961	0.000430554	0.00329572	0.00771952	0.018951	0.017876	GBR	EUR
HG00142	-0.0111793	0.0277264	0.010911	0.0204034	0.000740402	-0.0051081	-0.00148635	-0.0100689	0.0070253	-0.0117398	GBR	EUR
HG00143	-0.0109554	0.0271947	0.0116129	0.0199824	-0.00144109	0.00376681	-0.00704935	-0.00186421	0.0122183	0.00897559	GBR	EUR
HG00145	-0.0108092	0.0266823	0.00932336	0.0209383	0.00694443	0.00181177	0.0132147	0.003186	-0.0098532	0.00741421	GBR	EUR
HG00146	-0.0110498	0.0276626	0.0112308	0.0248317	0.000242139	-0.00323404	-0.00390897	-0.00830432	-0.00506027	0.00550542	GBR	EUR
HG00148	-0.0108694	0.0290474	0.0144786	0.0269726	-0.00159542	-0.0136869	0.0101172	0.00437173	0.00282507	0.036345	GBR	EUR
HG00149	-0.0105632	0.0275603	0.0115938	0.0211439	-0.000502614	-0.00605984	0.0185803	-0.00591863	-0.0166765	-0.00484767	GBR	EUR
HG00150	-0.0105999	0.0284576	0.0105884	0.0154898	-0.00844786	-0.00929275	0.00106964	0.00413857	0.0231833	-0.00155277	GBR	EUR
HG00151	-0.0113437	0.0271245	0.00808082	0.0141245	-0.00055055	-0.0092736	0.0170598	-0.00847557	-0.00160031	0.0136267	GBR	EUR
HG00154	-0.0108092	0.0280965	0.0095268	0.0218924	-0.00334017	-0.00316653	0.000499713	0.00381639	0.0018723	-0.00329975	GBR	EUR
HG00155	-0.0109533	0.027657	0.0126315	0.014861	-0.00144606	-0.0055933	0.0162911	-0.00650806	-0.0117685	0.00238563	GBR	EUR
HG00157	-0.0114345	0.0251091	0.0109872	0.0141568	0.0028399	-0.00586789	0.0231135	0.00491168	0.0177226	0.012414	GBR	EUR
HG00158	-0.0107398	0.0281703	0.0136819	0.0189804	0.00541413	0.000159976	-0.00196045	0.0081394	0.0123376	-2.77339e-05	GBR	EUR
HG00159	-0.0116034	0.0291022	0.00978083	0.0196036	-0.00280669	-0.0010434	0.00651653	-0.00435777	-0.00616287	0.0148237	GBR	EUR
HG00160	-0.0110568	0.0271456	0.0111051	0.0159351	-0.00150474	-0.000991288	0.00434748	-0.019543	-0.0385287	0.00691212	GBR	EUR
HG00171	-0.0124269	0.0208107	0.00799569	0.0146176	-0.0350049	-0.0127814	0.0872811	0.0341049	0.0111995	0.0125652	FIN	EUR
HG00173	-0.0121069	0.0225052	0.011926	0.0185457	-0.0177572	-0.0133809	0.078306	0.00888142	-0.0461772	0.0107009	FIN	EUR
HG00174	-0.011914	0.0250573	0.0119412	0.0161334	-0.01667	-0.00454965	0.0498334	0.0109016	-0.017926	0.0145434	FIN	EUR
HG00176	-0.0123058	0.0231556	0.00894681	0.0164468	-0.010225	-0.0102191	0.0754801	-0.00755293	-0.0187588	0.00811359	FIN	EUR
HG00177	-0.012708	0.0184377	0.0129934	0.0210462	-0.0362778	-0.00958612	0.0698347	0.000394424	-0.0140279	-0.0260504	FIN	EUR
HG00178	-0.0113737	0.0207703	0.0104253	0.0137549	-0.0119868	0.000670994	0.0542799	0.00928747	-0.00466591	-0.00229936	FIN	EUR
HG00179	-0.0119007	0.0220437	0.0159837	0.0149975	-0.0167587	-0.0160841	0.0678354	0.000420932	-0.0398037	-0.0278605	FIN	EUR
HG00180	-0.0125557	0.0208902	0.0118233	0.0139942	-0.0178527	-0.00687531	0.0556041	0.0178823	0.0135744	0.00135732	FIN	EUR
HG00181	-0.0100568	0.0218996	0.00587373	0.0165454	0.00302041	-0.00823826	0.0218312	-0.00420955	-0.0233612	0.0267574	FIN	EUR
HG00182	-0.0115329	0.0196472	0.0113882	0.0175376	-0.0153155	-0.0114547	0.0515737	-0.00771432	-0.0300921	-0.0127194	FIN	EUR
HG00183	-0.0109983	0.0235973	0.0119273	0.0154426	-0.0283861	-0.00781395	0.0710606	0.000298166	-0.00695824	-0.00817482	FIN	EUR
HG00185	-0.0118203	0.0182579	0.0134883	0.0140519	-0.0391233	-0.00936244	0.0895722	0.0142329	-0.0315369	0.00258564	FIN	EUR
HG00186	-0.0122879	0.0231867	0.0132703	0.0144433	-0.0149067	-0.00856424	0.0593888	0.011097	0.0155576	-0.00704428	FIN	EUR
HG00187	-0.011429	0.0242795	0.0107368	0.0202495	-0.0252729	-0.0102021	0.0809632	0.0292513	0.0122291	-0.00383038	FIN	EUR
HG00188	-0.011503	0.0214677	0.00581611	0.0153176	-0.0245273	-0.0147535	0.0796607	0.0196353	0.0063204	0.010373	FIN	EUR
HG00189	-0.0131381	0.0226538	0.0143311	0.0157349	-0.0125038	-0.00917979	0.0651403	0.0303787	0.0230475	-0.00485575	FIN	EUR
HG00190	-0.0120904	0.0235163	0.0157177	0.0131072	-0.00575223	-0.00509239	0.0366895	-0.0116387	-0.0193158	0.00118386	FIN	EUR
HG00231	-0.0115544	0.0261994	0.0111819	0.0225375	0.00916269	0.00633087	0.00766192	0.00609391	0.00234875	-0.0200761	GBR	EUR
HG00232	-0.0114018	0.0257389	0.0136791	0.0111104	-0.00341214	-0.000186846	0.00119917	0.00325978	0.0191101	0.00385286	GBR	EUR
HG00233	-0.0109025	0.0284791	0.0110727	0.0228339	-0.00448637	-0.00285785	0.00666151	0.0160366	0.0161807	-0.0065946	GBR	EUR
HG00234	-0.0111732	0.0278385	0.0134119	0.0217212	-0.00183896	-0.00257628	0.00489104	-0.00319756	0.0250198	0.00142391	GBR	EUR
HG00235	-0.010747	0.025789	0.0123636	0.020033	7.75025e-05	-0.00527532	0.021532	-0.000780736	-0.00978302	-0.00306775	GBR	EUR
HG00236	-0.0104723	0.0271404	0.00729149	0.0173145	-0.0248446	-5.7037e-05	0.0381878	-0.00484886	-0.00644348	0.026184	GBR	EUR
HG00237	-0.011351	0.0273034	0.00958679	0.0184121	-0.00709278	-0.00388605	0.00617814	-0.0154969	-0.0305258	0.00411274	GBR	EUR
HG00238	-0.011398	0.0273204	0.00817172	0.017004	0.00183677	-0.0098842	0.0177889	-0.0131525	-0.0113317	-0.0213401	GBR	EUR
HG00239	-0.0109071	0.0286418	0.0104324	0.019636	-0.00836161	-0.00377785	0.00443192	-0.0162283	-0.0165575	-0.00153978	GBR	EUR
HG00240	-0.0109836	0.0252016	0.0109642	0.0124758	0.00908719	-0.00668981	0.0215527	0.0105477	-0.00561733	-0.0140111	GBR	EUR
HG00242	-0.0110444	0.025357	0.00929321	0.0128889	0.0095062	-0.0022359	0.00945026	-0.00707297	-0.00910432	-0.00471365	GBR	EUR
HG00243	-0.0118985	0.0268453	0.00790991	0.0159361	-0.00674652	-0.00839625	0.018921	0.00484923	-0.0183643	0.0457184	GBR	EUR
HG00244	-0.010907	0.0282809	0.00998736	0.0195213	0.0120809	0.00352422	-0.0127114	-0.0133746	-0.00921267	-0.00253616	GBR	EUR
HG00245	-0.0100212	0.0273606	0.00873312	0.0177114	-0.00240586	-3.04286e-05	0.00856483	0.0112335	0.00544166	-0.00520696	GBR	EUR
HG00246	-0.0115634	0.0269768	0.0112204	0.0168076	0.0060702	0.00013734	0.0217129	-0.00731488	-0.0219896	-0.00219836	GBR	EUR
HG00250	-0.0115638	0.0268346	0.0103602	0.0161056	-0.00894807	0.00108794	0.0102963	0.00102416	0.0110406	-0.00775716	GBR	EUR
HG00251	-0.0106053	0.0277543	0.011319	0.0203659	-0.00330278	0.00440254	0.00583214	0.0204706	0.00925045	0.0346316	GBR	EUR
HG00252	-0.0114784	0.024823	0.00880909	0.0172891	-0.00153563	-0.0056523	0.0163867	0.00915112	0.0213386	0.0139706	GBR	EUR
HG00253	-0.0107846	0.0260925	0.00804803	0.0128688	-0.0123837	-0.0053894	0.0149254	0.00212846	-0.0120196	0.0223223	GBR	EUR
HG00254	-0.0104837	0.0268294	0.0123926	0.0185485	0.00466327	-0.00491094	0.0260776	0.01047	-0.000692416	-0.00703362	GBR	EUR
HG00255	-0.011922	0.0262103	0.0119514	0.0116669	0.00182642	-0.00272398	0.012079	0.0182436	0.0161913	-0.0181285	GBR	EUR
HG00256	-0.0116926	0.027723	0.0121236	0.0176971	-0.00169593	-0.00414122	0.0132215	0.00957529	0.0150578	0.0165399	GBR	EUR
HG00257	-0.0121006	0.026193	0.0136485	0.0145685	0.000848498	0.00183487	0.00740445	-0.000816353	0.0158439	-0.00304018	GBR	EUR
HG00258	-0.0113331	0.0274644	0.0151249	0.0184989	-0.00441475	-0.00491912	0.00527206	-0.00549786	-0.0041646	0.0125224	GBR	EUR
HG00259	-0.0108687	0.0275433	0.00960772	0.0154922	0.0054131	0.00173086	-6.0465e-05	0.0039486	0.0180119	0.0165348	GBR	EUR
HG00260	-0.0112153	0.027526	0.00748364	0.0220165	0.0136874	0.00362502	0.0116152	-0.00568977	-0.00184256	0.0010811	GBR	EUR
HG00261	-0.009941	0.0275968	0.0132151	0.0199736	-0.00831583	-0.000937893	0.00752357	-0.001978	0.0251285	0.017581	GBR	EUR
HG00262	-0.0109525	0.0262557	0.00818099	0.0152644	0.00329091	-0.00315159	0.0196956	-0.00286074	0.00136958	-0.00779134	GBR	EUR
HG00263	-0.0110808	0.0280789	0.0132864	0.02128	-0.0114454	0.000525458	0.01577	0.00597832	0.0166671	0.000856599	GBR	EUR
HG00264	-0.0110904	0.0253131	0.0095547	0.015021	-0.00683657	-0.00247399	0.00468587	-0.0240966	-0.0419819	-0.000285714	GBR	EUR
HG00265	-0.010874	0.0275274	0.0129355	0.018753	0.00297973	-0.00158787	0.0223152	0.0113718	0.0310679	-0.0196982	GBR	EUR
HG00266	-0.012121	0.0244238	0.0128165	0.0157616	-0.0106112	-0.0211565	0.0692093	0.0213888	0.0184389	0.0184708	FIN	EUR
HG00267	-0.0125735	0.0153644	0.0105847	0.0141155	-0.0269511	-0.0194857	0.0786792	0.0106305	-0.0156263	-0.00286727	FIN	EUR
HG00268	-0.0122619	0.0228447	0.0122825	0.0177526	-0.0121622	-0.0110756	0.0713957	0.0177869	-4.73888e-05	0.00145021	FIN	EUR
HG00269	-0.0118938	0.0220851	0.0125538	0.0122452	-0.0138721	-0.0155407	0.0937477	0.0260841	-0.0110187	-0.00999901	FIN	EUR
HG00271	-0.0116606	0.019005	0.00922266	0.0140375	-0.017087	-0.0151222	0.0870273	0.0112049	-0.01045	0.00661115	FIN	EUR
HG00272	-0.0115938	0.0217015	0.00973133	0.0143145	-0.0220779	-0.0187126	0.0716975	0.0264858	0.00733433	0.0227957	FIN	EUR
HG00273	-0.0107453	0.0244327	0.00994263	0.0134003	-0.018721	-0.00930338	0.0453252	0.00470718	-0.0308458	0.0456485	FIN	EUR
HG00274	-0.0112978	0.0247847	0.0148253	0.0185659	-0.0103087	-0.00198753	0.0549794	0.00442271	-0.00780818	-0.00728642	FIN	EUR
HG00275	-0.0109662	0.0227166	0.0107133	0.0176402	-0.000660877	-0.0149542	0.0572204	-0.00561333	-0.0369042	0.0122756	FIN	EUR
HG00276	-0.0113867	0.0228924	0.0120964	0.0137348	-0.0169779	-0.0103387	0.0593359	0.0119498	-0.00610819	0.00833997	FIN	EUR
HG00277	-0.0118952	0.0254329	0.0106009	0.0106033	-0.0192829	-0.0142262	0.0624045	0.0219033	0.0134004	-0.0306003	FIN	EUR
HG00278	-0.0125386	0.0226461	0.00752157	0.0175399	-0.0060523	-0.0117732	0.0847076	0.0151796	-0.00216827	-0.0126192	FIN	EUR
HG00280	-0.0120546	0.0219948	0.00443102	0.0155642	-0.0228771	-0.0136943	0.0686448	0.00462142	-0.0128518	-0.00656273	FIN	EUR
HG00281	-0.0119955	0.0195258	0.0136473	0.0140297	-0.0240719	-0.0124448	0.0562528	0.0109838	-0.00319566	-0.0173951	FIN	EUR
HG00282	-0.0119475	0.0250411	0.0109691	0.012506	-0.0148697	-0.0169312	0.0557535	0.0220461	0.0285478	-0.0286096	FIN	EUR
HG00284	-0.0123792	0.0236074	0.00803442	0.00943462	-0.0217119	-0.0129844	0.057781	0.0105999	-0.00367729	0.00833979	FIN	EUR
HG00285	-0.0124389	0.0215659	0.0123224	0.0180521	-0.0273553	-0.011409	0.0905559	0.0151341	-0.00771552	-0.00647552	FIN	EUR
HG00288	-0.0121228	0.0239776	0.0166101	0.0208689	-0.0280119	-0.0246724	0.0962672	0.0187755	-0.0212972	-0.00676701	FIN	EUR
HG00290	-0.0122209	0.0212913	0.0127553	0.00920943	-0.0117985	-0.00459788	0.0732728	0.000619457	-0.0449202	-0.016274	FIN	EUR
HG00304	-0.0123665	0.0213345	0.0109097	0.0122472	-0.0276188	-0.0138685	0.0807522	0.00574512	-0.00706303	0.00467689	FIN	EUR
HG00306	-0.011621	0.0257917	0.0112689	0.0148858	-0.0131795	-0.00372386	0.0553548	2.8296e-05	-0.00237607	-0.0144057	FIN	EUR
HG00308	-0.0110845	0.0205303	0.00918007	0.0186352	-0.0150359	-0.00766764	0.0663613	0.0183972	0.00681093	0.018824	FIN	EUR
HG00309	-0.0123744	0.0221864	0.00979454	0.0126989	-0.0191785	-0.0156627	0.0580589	0.00186798	-0.00922728	0.0156794	FIN	EUR
HG00310	-0.011748	0.0217128	0.0124585	0.0152882	-0.028805	-0.00397322	0.0709799	0.0269434	0.00240095	0.00528238	FIN	EUR
HG00311	-0.0109345	0.0274485	0.00795273	0.0239251	-0.0156118	-0.00750424	0.0345863	0.0129731	0.0163504	-0.00114064	FIN	EUR
HG00313	-0.0125661	0.0199835	0.00867833	0.0196494	-0.0233801	-0.0143351	0.0893087	0.00677109	-0.00878519	-0.0109586	FIN	EUR
HG00315	-0.0119179	0.0210999	0.0138588	0.0109401	-0.0205696	-0.0190858	0.0735579	0.0252778	0.0138197	-0.0116304	FIN	EUR
HG00318	-0.0121326	0.0237009	0.0133559	0.0151214	-0.0157051	-0.0110159	0.0648201	0.0173529	-0.00772017	-0.00125222	FIN	EUR
HG00319	-0.0114147	0.0216791	0.00903622	0.0164669	-0.0286585	-0.00918653	0.0782654	0.0136344	0.00204642	0.00306834	FIN	EUR
HG00320	-0.0128344	0.0206482	0.0138751	0.0106833	-0.0235789	-0.0113542	0.0655004	0.021975	0.019273	-0.0345649	FIN	EUR
HG00321	-0.0118615	0.019815	0.0127285	0.0174084	-0.0256529	-0.00807758	0.0736285	0.0211498	0.00619971	0.000463735	FIN	EUR
HG00323	-0.0117316	0.0200543	0.0128936	0.0173375	-0.0192321	-0.0158572	0.0785839	-0.000416188	-0.0362658	0.00164161	FIN	EUR
HG00324	-0.0113869	0.0245633	0.0119359	0.0141537	-0.0163134	-0.0140402	0.0516984	0.0259079	0.0109793	0.0117553	FIN	EUR
HG00325	-0.0117952	0.0195734	0.0143299	0.0119733	-0.0278627	-0.016591	0.0816711	0.0204347	0.00414742	0.00403337	FIN	EUR
HG00326	-0.0123091	0.0231661	0.0126655	0.0177669	-0.0127128	-0.00926023	0.0747144	0.0202357	0.00998562	-0.00560702	FIN	EUR
HG00327	-0.0115116	0.0214233	0.0148861	0.0127585	-0.0286248	-0.0151539	0.0671639	0.0115367	-0.00341832	0.0169082	FIN	EUR
HG00328	-0.0123699	0.0236872	0.0127438	0.0157094	-0.00953344	-0.0135227	0.0589118	-0.000524304	-0.0368116	0.00993351	FIN	EUR
HG00329	-0.0115605	0.0237349	0.0133208	0.0159045	-0.00481285	-0.0108335	0.057311	0.0116195	0.0121579	-0.001611	FIN	EUR
HG00330	-0.0121823	0.0234753	0.0126245	0.0141311	-0.0304463	-0.0161398	0.0653301	0.00481449	-0.0171364	-0.0125365	FIN	EUR
HG00331	-0.0118013	0.0270284	0.0120424	0.0156504	-0.0272976	-0.00864743	0.0549783	0.00294119	-0.0206403	0.00667456	FIN	EUR
HG00332	-0.0120752	0.0218944	0.00889323	0.0188381	-0.0249306	-0.0126316	0.0410602	0.0149014	-0.00189003	0.0109771	FIN	EUR
HG00334	-0.0110927	0.0244653	0.0102834	0.0148696	-0.0124512	-0.000386668	0.0370553	0.00277125	0.0134794	-0.011096	FIN	EUR
HG00335	-0.0115962	0.0219632	0.0108398	0.0205587	-0.0185924	-0.0124106	0.0754753	0.0051788	-0.0067423	0.0191428	FIN	EUR
HG00336	-0.0123641	0.0207207	0.0132554	0.0163114	-0.0222518	-0.00472289	0.0586342	0.0164343	0.0131384	0.00621077	FIN	EUR
HG00337	-0.0115196	0.0210365	0.0130505	0.018005	-0.0234991	-0.0135047	0.0734621	0.0221094	0.0134716	-0.00768911	FIN	EUR
HG00338	-0.011289	0.0219729	0.0128879	0.0154224	-0.029107	-0.00862434	0.081786	0.0136025	-0.0145181	-0.00748776	FIN	EUR
HG00339	-0.0119071	0.0190361	0.0109008	0.017742	-0.0211067	-0.0175257	0.0627174	0.00930275	0.0100697	-0.0345368	FIN	EUR
HG00341	-0.0113046	0.0243066	0.00796949	0.015459	-0.0144748	-0.00818156	0.0423715	0.0184784	-0.000691433	-0.00681671	FIN	EUR
HG00342	-0.011776	0.0232689	0.00830323	0.0169737	-0.00947072	-0.0161905	0.0647201	0.0202715	-0.000182052	-0.00663596	FIN	EUR
HG00343	-0.0109234	0.0219209	0.0135145	0.0166964	-0.0314141	-0.0193835	0.0896682	0.00393478	-0.0245787	0.0170888	FIN	EUR
HG00344	-0.0117378	0.0218413	0.0131628	0.0145869	-0.0100478	-0.00583513	0.0354579	0.00446943	-0.00264447	0.025341	FIN	EUR
HG00345	-0.0122522	0.0219199	0.010277	0.0179254	-0.0243645	-0.0155947	0.0786019	0.0216875	0.0111724	0.00653876	FIN	EUR
HG00346	-0.0119686	0.0252772	0.0121774	0.0172839	-0.0259744	-0.011859	0.0643931	0.0019948	-0.0112505	-0.0107429	FIN	EUR
HG00349	-0.0113889	0.0234309	0.0130866	0.0206886	-0.029768	-0.0152096	0.0810246	0.0263511	0.0072125	0.0163846	FIN	EUR
HG00350	-0.0117274	0.0256308	0.00948442	0.0203481	-0.00912986	-0.00522332	0.0405419	0.0156244	0.00652109	-0.0195438	FIN	EUR
HG00351	-0.0125421	0.021017	0.0128117	0.0121019	-0.0216251	-0.00675579	0.0648557	0.0254216	0.00698352	0.00352605	FIN	EUR
HG00353	-0.0113778	0.0211843	0.00849565	0.0150027	-0.017194	-0.0108665	0.0646449	0.00640406	-0.017555	-0.0104604	FIN	EUR
HG00355	-0.012375	0.0235719	0.0118439	0.0192208	-0.0164443	-0.0106058	0.0399152	0.012592	0.0157086	0.0210145	FIN	EUR
HG00356	-0.0115834	0.022806	0.0142089	0.0171117	-0.0159618	-0.0164692	0.0596241	0.0200133	0.0211547	-0.00922704	FIN	EUR
HG00357	-0.0125008	0.0243723	0.0113572	0.0142105	-0.0181622	-0.0109326	0.0686646	0.0185477	0.0129797	-0.0049912	FIN	EUR
HG00358	-0.0116683	0.0203865	0.0133602	0.0165293	-0.0252647	-0.0138962	0.0826474	0.0311133	0.0166492	0.0106993	FIN	EUR
HG00360	-0.0112134	0.0222686	0.0120146	0.0127825	-0.0190824	-0.018689	0.0687368	0.0125098	-0.0218022	0.00499158	FIN	EUR
HG00361	-0.0111634	0.0201101	0.0104227	0.0128398	-0.0152805	-0.0118515	0.0999655	0.0246238	-0.00333511	0.0183604	FIN	EUR
HG00362	-0.0121022	0.0228289	0.0109488	0.0105422	-0.023389	-0.0133678	0.0695328	0.00913392	0.00911242	-0.00715986	FIN	EUR
HG00364	-0.0113919	0.0214497	0.0127039	0.0190594	-0.0106366	-0.0135966	0.0799027	0.00958928	-0.0255428	0.00832987	FIN	EUR
HG00365	-0.0118615	0.0196377	0.00970792	0.0121688	-0.0233055	-0.0140764	0.0842554	0.0208658	0.00566563	-0.0193909	FIN	EUR
HG00366	-0.0117383	0.023766	0.0104932	0.011111	-0.0151546	-0.00542211	0.0743112	0.0210497	-0.000636975	-0.00341621	FIN	EUR
HG00367	-0.0124599	0.0206508	0.00779769	0.0127452	-0.0162331	-0.0169401	0.0703382	0.00976909	0.00869238	-0.00457644	FIN	EUR
HG00368	-0.0122951	0.0170926	0.00997847	0.0133402	-0.0310369	-0.0163708	0.0827028	0.0229527	0.00961001	-0.00586735	FIN	EUR
HG00369	-0.0115519	0.0210668	0.0104437	0.0115992	-0.0156568	-0.00950335	0.0697029	0.00793141	-0.00316064	0.014805	FIN	EUR
HG00371	-0.012096	0.0217076	0.00914183	0.0137554	-0.02966	-0.0096424	0.0705646	0.0145683	0.0080182	-0.00632264	FIN	EUR
HG00372	-0.0126175	0.0223293	0.0126791	0.0167433	-0.0226693	-0.0057053	0.0555679	0.0112905	0.00260318	-0.0259878	FIN	EUR
HG00373	-0.0124543	0.0184099	0.0114654	0.0188598	-0.0381253	-0.0128889	0.0784789	0.0139455	0.0162819	0.0126115	FIN	EUR
HG00375	-0.0109447	0.021872	0.0102243	0.0118113	-0.0241898	-0.0161044	0.0803714	0.0280444	0.0210433	-0.00157296	FIN	EUR
HG00376	-0.0113819	0.0228831	0.0120246	0.0159066	-0.0286942	-0.0143652	0.06813	0.00230792	-0.0202191	-0.0201292	FIN	EUR
HG00378	-0.0115032	0.0240511	0.0133855	0.0167498	-0.0142425	-0.0103769	0.076742	0.028567	0.00766462	-0.0167553	FIN	EUR
HG00379	-0.0124391	0.0221902	0.0115296	0.0176976	-0.0138498	-0.00932368	0.065045	0.0113715	-0.00502858	-0.00201581	FIN	EUR
HG00380	-0.0112173	0.0232557	0.0130529	0.0217355	-0.026293	-0.00732908	0.049872	0.011281	-0.00868251	0.0199428	FIN	EUR
HG00381	-0.0123311	0.0244831	0.0116716	0.015046	-0.0151272	-0.0113273	0.0619235	0.0129845	0.0162184	0.0248766	FIN	EUR
HG00382	-0.0117972	0.0215404	0.0103186	0.0184408	-0.0258264	-0.0163241	0.0706447	0.00399672	-0.00729002	0.000614181	FIN	EUR
HG00383	-0.0121384	0.0248172	0.0131659	0.0212819	-0.0224666	-0.013188	0.0578522	0.00617611	0.00737344	-0.0298264	FIN	EUR
HG00384	-0.0125359	0.0211851	0.0092007	0.0113137	-0.0242081	-0.00808772	0.0604584	0.014367	-0.00557398	-0.00133829	FIN	EUR
HG00403	-0.0160331	-0.0351901	0.00698631	0.0172431	0.0043781	0.00300539	0.00185086	-0.00498885	0.00278781	0.00632716	CHS	EAS
HG00404	-0.0147277	-0.0358167	0.00687027	0.010436	0.00251732	0.00195248	-0.00569593	-0.000951575	0.00967526	0.0113175	CHS	EAS
HG00406	-0.016012	-0.0338051	0.00465213	0.0123313	0.00407886	0.00698177	-0.0110695	0.00871577	0.0118836	-0.0144349	CHS	EAS
HG00407	-0.0154424	-0.0328948	0.00697933	0.0135046	-0.00397456	0.00206081	-0.00426915	-0.00655246	0.000753023	-0.0111375	CHS	EAS
HG00409	-0.0157262	-0.0335527	0.00764516	0.0168551	0.00579363	0.00674212	-0.000166156	-0.00959141	-0.00730355	-0.0244382	CHS	EAS
HG00410	-0.0156896	-0.0352453	0.00919523	0.0145487	0.00315125	0.000111121	0.00112748	0.00573597	-0.000948575	0.0117169	CHS	EAS
HG00419	-0.0161755	-0.0339752	0.00762423	0.0122189	0.00482709	0.00229238	-0.00656337	0.0188026	0.00711157	4.00378e-05	CHS	EAS
HG00421	-0.0162982	-0.034822	0.00612638	0.00879392	-0.00199019	-0.000539503	0.000994929	-0.004676	-0.00266735	-0.0209962	CHS	EAS
HG00422	-0.0161682	-0.0339558	0.00407452	0.0150363	0.00931202	-0.00181243	0.000524903	-0.00133494	-0.000445201	-0.0103416	CHS	EAS
HG00428	-0.0157336	-0.0325168	0.00924588	0.0159085	-0.00353483	0.00166159	-0.00381823	0.0134131	0.0314485	-0.0294382	CHS	EAS
HG00436	-0.0152869	-0.0347662	0.00507767	0.0164598	0.00483243	0.00199995	-0.00666023	0.0180183	0.0168805	0.0112759	CHS	EAS
HG00437	-0.0159398	-0.0364177	0.00632752	0.0151529	0.00657935	-0.00143705	-0.00135116	-0.00575992	-0.026558	0.00461966	CHS	EAS
HG00442	-0.0163538	-0.0346513	0.00921034	0.0108572	-0.00236705	-0.00236598	-0.00351116	-0.00250023	0.00596228	0.0290459	CHS	EAS
HG00443	-0.0160037	-0.0354798	0.0117629	0.0139687	0.00534731	-0.00331433	0.000252526	-0.0112275	-0.0176765	-0.00248089	CHS	EAS
HG00445	-0.0155865	-0.0349017	0.00439965	0.0130499	0.0143083	0.00027208	8.75706e-05	0.0100805	0.0285554	-0.0193436	CHS	EAS
HG00446	-0.0148953	-0.0339068	0.0031912	0.0132913	0.00624448	6.48522e-05	0.00342473	-0.00126026	-0.00655799	0.0107365	CHS	EAS
HG00448	-0.0152552	-0.0337663	0.0062387	0.015017	-0.00187774	-0.00182339	-0.00751589	0.00214932	-0.00321253	-0.00671805	CHS	EAS
HG00449	-0.015568	-0.0335629	0.00616137	0.0139066	0.000379268	-0.00751218	-0.00515759	-0.00363156	0.00321964	0.0223473	CHS	EAS
HG00451	-0.0156639	-0.033055	0.006448	0.0100576	-0.00129109	-0.0038144	0.00470282	0.0105619	0.0143959	-0.0119058	CHS	EAS
HG00452	-0.0157606	-0.0331379	0.00945915	0.00888517	0.00379349	-0.00519717	-0.00370413	0.00564754	-0.000770259	-0.0150007	CHS	EAS
HG00457	-0.0158873	-0.0349697	0.006042	0.0145081	-0.00245431	-0.00187678	0.000981271	0.00652023	0.0016464	-0.00834755	CHS	EAS
HG00458	-0.0158465	-0.0348186	0.00505233	0.0145098	0.00362544	-0.00233848	-0.00143081	-0.00481546	0.0121702	-0.0316355	CHS	EAS
HG00463	-0.0151858	-0.0363281	0.00611362	0.0175315	-0.00612545	-0.00549644	0.0067384	-0.0124605	-0.0224549	-0.00606176	CHS	EAS
HG00464	-0.0158764	-0.0345535	0.00353867	0.0172206	-0.00127944	-0.000803386	0.00196577	0.00680371	-0.00674178	0.0227977	CHS	EAS
HG00472	-0.0154696	-0.0352471	0.00751541	0.0137286	0.00192717	-0.00401429	0.000844154	0.00202111	0.013725	-0.0371104	CHS	EAS
HG00473	-0.0155586	-0.0337263	0.002377	0.0121819	-0.0111555	0.0010408	0.00212724	-0.0104442	-0.0159183	0.00675194	CHS	EAS
HG00475	-0.0152622	-0.0332192	0.00241907	0.0168574	-0.0111145	0.00105446	-0.00628628	0.000315816	0.0083877	-0.0191802	CHS	EAS
HG00476	-0.0157626	-0.0335491	0.00648389	0.0118982	-0.00342773	0.00696652	-0.00154925	0.013226	0.0220632	-0.0130669	CHS	EAS
HG00478	-0.0152395	-0.0354379	0.00499479	0.0160061	-0.00626496	0.00801872	-0.00409967	0.00624954	0.0044501	-0.00762566	CHS	EAS
HG00479	-0.0158039	-0.0350142	0.00849801	0.0156169	-0.00819397	0.00272955	-0.000337921	0.000704285	0.00680488	-0.00875883	CHS	EAS
HG00500	-0.0157433	-0.0344639	0.00966102	0.0159205	-0.0122119	0.00376728	0.00150251	-0.000788974	0.00445598	-0.00898698	CHS	EAS
HG00513	-0.0151895	-0.034767	0.00771605	0.0128039	0.00581693	0.00104305	-0.00795135	0.00933175	0.00478795	-0.00917551	CHS	EAS
HG00524	-0.0157854	-0.0364548	0.00587007	0.0180668	-0.00679486	0.00562733	-0.00834348	0.00760539	-0.00108254	0.0235975	CHS	EAS
HG00525	-0.015541	-0.0339792	0.0016281	0.0133092	-0.0157423	8.30006e-05	-0.00847164	-0.00963395	0.0026873	0.0127023	CHS	EAS
HG00530	-0.0146936	-0.0324857	-9.01789e-05	0.01018	0.00409653	0.00280353	-0.00187678	0.00462748	0.0139144	-0.019146	CHS	EAS
HG00531	-0.0157151	-0.0330129	0.00298642	0.0147704	0.000671531	-0.00467618	-0.00181101	-0.00838844	-0.00955695	0.00309736	CHS	EAS
HG00533	-0.0157126	-0.0335782	0.00381118	0.0127771	-0.00119849	-0.00215211	0.012353	-0.00751151	-0.0255171	0.0198386	CHS	EAS
HG00534	-0.0154492	-0.0335072	0.00812205	0.0159999	0.0123579	-0.000499478	-0.00772032	3.9391e-05	0.00787766	-0.00124026	CHS	EAS
HG00536	-0.0160362	-0.0359393	0.00957185	0.0129489	0.00750035	0.00146673	-0.00497998	-0.015104	-0.0198232	-0.0147322	CHS	EAS
HG00537	-0.0157869	-0.0356742	0.00935188	0.0135094	-0.00483604	0.00508527	0.0167256	-0.0152864	-0.0254128	-0.00913088	CHS	EAS
HG00542	-0.0157636	-0.0344289	0.00775306	0.0131206	-0.0140749	0.0128001	-0.00297101	-0.00243097	0.00377392	-0.0197701	CHS	EAS
HG00543	-0.0161391	-0.0345411	0.00578568	0.0122271	0.00025248	0.00429176	0.00251472	0.00698041	0.0228724	-0.00867932	CHS	EAS
HG00551	-0.00880926	0.0228914	0.00680621	0.00980414	0.0123198	0.00304022	-0.0308603	-0.00187491	-0.025159	0.0109449	PUR	AMR
HG00553	-0.00405642	0.0165245	0.0158925	-0.00855127	0.00990957	0.0069005	-0.0118422	-0.0067426	0.0112781	-0.0084414	PUR	AMR
HG00554	-0.00971736	0.015549	0.0191512	-0.0104795	-0.000426312	-0.00748331	-0.0294566	-0.000704928	0.013983	0.0154709	PUR	AMR
HG00556	-0.0154504	-0.0342683	0.00465304	0.0158205	0.0264236	-0.00759412	0.00241447	0.00776082	0.0108807	0.0193443	CHS	EAS
HG00557	-0.0152453	-0.0356088	0.00540087	0.00911026	-0.016282	-0.0018067	-0.00244028	-0.00431819	-0.0062966	0.0166268	CHS	EAS
HG00559	-0.0155248	-0.0332702	0.00652522	0.0174391	-0.0162156	-0.00045908	-0.00873355	0.0141607	0.0300306	0.000824976	CHS	EAS
HG00560	-0.0151976	-0.0339557	0.00343569	0.0145256	-0.0123485	0.0022274	0.00730062	-0.00349011	-0.0105133	0.000401426	CHS	EAS
HG00565	-0.0161403	-0.0340462	0.00342545	0.0157996	0.00801537	0.000411187	-0.00689114	0.00878998	0.0244213	-0.0123227	CHS	EAS
HG00566	-0.0161566	-0.0350434	0.0082955	0.0135681	-0.0124747	-0.000197519	-0.00596097	-0.00944778	-0.0191679	-0.00309604	CHS	EAS
HG00580	-0.0161765	-0.034315	0.00777303	0.0123247	0.00960797	9.92248e-05	-0.000657029	-0.00146275	0.00420868	-0.0170676	CHS	EAS
HG00581	-0.0150814	-0.0344275	0.00395744	0.017777	0.0105334	-0.000275328	0.00183772	-0.00636181	-0.0219471	0.00182494	CHS	EAS
HG00583	-0.0158069	-0.0337112	0.00733474	0.0171961	4.30212e-06	0.00110973	0.000287828	-0.00705047	-0.00195385	0.0189087	CHS	EAS
HG00584	-0.0152627	-0.0339799	0.00114007	0.0189888	-0.00475001	0.00152444	0.00954131	0.00556703	0.0113581	0.00888088	CHS	EAS
HG00589	-0.0157448	-0.0352743	0.00787854	0.0132028	0.00932785	-0.00159692	0.00761857	0.000174096	0.00661497	0.0129454	CHS	EAS
HG00590	-0.0155478	-0.0324585	0.00655493	0.0095116	-0.0108986	-0.00778498	-0.00478728	-0.00636715	0.000501963	0.00910743	CHS	EAS
HG00592	-0.0153011	-0.0323976	0.00761568	0.00842766	-0.00921565	0.00171882	-0.0176223	0.0131004	0.0277849	0.0180633	CHS	EAS
HG00593	-0.0156482	-0.0343607	0.00741463	0.0145245	0.00300993	0.000419861	-0.00209204	-0.00436999	0.013865	0.0154156	CHS	EAS
HG00595	-0.0155739	-0.0342751	0.00586204	0.0160408	-0.0165837	-0.0014516	0.000394633	-0.0085959	-0.0249354	0.00827528	CHS	EAS
HG00596	-0.0163674	-0.0350434	0.00424108	0.010543	-0.0089271	-0.0010592	-0.0107063	-0.0150397	-0.0219463	-0.0130653	CHS	EAS
HG00598	-0.0153532	-0.0358616	0.00830303	0.0129136	-0.00634438	0.00142775	-0.0122118	-0.0076504	-0.0207657	0.0274243	CHS	EAS
HG00599	-0.0155493	-0.0355006	0.0109136	0.00953013	0.00136403	0.00373358	-0.00127443	-0.00600429	-0.0160783	0.00863387	CHS	EAS
HG00607	-0.0158603	-0.0353361	0.00720372	0.0161802	0.0171433	0.00172752	0.00363601	-0.0122861	-0.0210163	-0.0147058	CHS	EAS
HG00608	-0.0155908	-0.034821	0.00545377	0.015423	0.00423224	-0.00537915	0.00930336	0.0100591	0.0183717	-0.00781598	CHS	EAS
HG00610	-0.015776	-0.0351862	0.00838364	0.0135686	-0.0166201	0.00206045	0.00421749	-0.0015849	0.0133749	-0.0236432	CHS	EAS
HG00611	-0.0162707	-0.0348431	0.00836434	0.0151821	-0.00960843	-0.000877238	-0.010992	-0.00389605	-0.0164062	0.00834452	CHS	EAS
HG00613	-0.0153423	-0.0344184	0.00617527	0.0142781	-0.00743674	-0.00265988	-0.00398429	0.00985076	0.0347496	-0.004576	CHS	EAS
HG00614	-0.0154002	-0.0341968	0.00513051	0.0164225	-0.00934476	0.000477799	0.00239453	0.0112127	0.0229863	-0.014186	CHS	EAS
HG00619	-0.0157075	-0.033694	0.0062384	0.0151424	0.00575575	-0.0038975	0.00398617	-0.00236119	-0.0070469	0.0142521	CHS	EAS
HG00620	-0.0155602	-0.0341672	0.00985975	0.0146065	0.00636616	0.0064861	0.00907776	0.00239981	-0.00438111	-0.00692308	CHS	EAS
HG00622	-0.0160094	-0.0354549	0.00511078	0.0144546	-0.0040779	-0.00181304	0.000227215	0.00397712	-0.000203918	0.010278	CHS	EAS
HG00623	-0.0155	-0.0368388	0.00495396	0.0188598	-0.00258466	-0.0042944	-0.00391214	-0.00251334	-0.020044	0.00881971	CHS	EAS
HG00625	-0.0152552	-0.0318051	0.00572949	0.0141136	0.0199363	0.00281126	0.00602853	-0.00249639	0.00649965	-0.017308	CHS	EAS
HG00626	-0.015897	-0.034188	0.00659896	0.0115588	-0.00565571	0.00469721	-0.00158005	0.00309143	0.0282291	-0.0336919	CHS	EAS
HG00628	-0.0155386	-0.0328919	0.00572641	0.01493	-0.00873471	-0.000959624	-0.00455107	0.000528756	-0.00287074	-0.00823971	CHS	EAS
HG00629	-0.0155958	-0.0358483	0.00796038	0.0148736	-0.0100396	0.000258825	-0.00442392	0.0108737	0.018713	-0.016661	CHS	EAS
HG00631	-0.0151834	-0.0334653	0.00795954	0.0104548	0.00015815	0.00600348	0.00128239	0.00187167	-0.00381043	-0.00710182	CHS	EAS
HG00632	-0.0159682	-0.033835	0.00653948	0.0138819	0.00403822	-0.00562676	-0.00147071	0.0042211	0.00949411	-0.0015576	CHS	EAS
HG00634	-0.0151209	-0.0331308	0.00418093	0.0163586	-0.00913404	0.00137536	0.00500698	-0.0146165	-0.0273795	0.0113028	CHS	EAS
HG00637	-0.000998049	0.00982738	0.0216435	-0.0102994	0.00596794	0.00277683	-0.00634936	0.0124424	-0.0264596	-0.0484796	PUR	AMR
HG00638	-0.00244698	0.0147129	0.014895	-0.00675153	0.0110636	0.00474032	-0.0310988	-0.0129883	-0.0205961	0.000589688	PUR	AMR
HG00640	-0.00951667	0.018658	0.00967629	0.00522982	0.000117345	0.00114377	-0.011473	0.0177427	0.0170123	-0.0346288	PUR	AMR
HG00641	-0.00928624	0.0209627	0.0159574	0.00256067	-0.0103818	-0.000568668	-0.0129536	0.00200262	0.0239296	-0.00973153	PUR	AMR
HG00650	-0.0150399	-0.0333034	0.00436365	0.0198629	0.033254	-0.00452423	0.00729666	-0.0159814	-0.016879	-0.0027922	CHS	EAS
HG00651	-0.0150944	-0.0355261	0.00599684	0.0178888	0.0123079	0.00287206	0.00915673	-0.0103829	-0.0208863	0.00362619	CHS	EAS
HG00653	-0.0159306	-0.0336863	0.00444103	0.0143063	0.0149651	-0.000938018	0.000190197	0.000317664	-0.00815289	0.0176008	CHS	EAS
HG00654	-0.0161903	-0.0341559	0.00626811	0.0147	0.0161482	-0.00651342	0.00890996	-0.00599284	-0.0195856	0.0115721	CHS	EAS
HG00656	-0.0160282	-0.0339677	0.00545884	0.0122555	0.0159157	0.00153487	-0.00124218	-0.00723084	0.00417262	-0.00719121	CHS	EAS
HG00657	-0.0149474	-0.0336002	0.00292132	0.0159426	0.0169054	0.00124165	0.00600597	-0.00324318	-0.00513798	-0.013103	CHS	EAS
HG00662	-0.016283	-0.035771	0.00166058	0.0181119	0.00581275	0.000868094	-0.00151997	-0.0169664	-0.023659	-0.00179524	CHS	EAS
HG00663	-0.0152029	-0.0348304	0.0050704	0.0193063	0.0344691	0.00175201	0.00756507	0.00597315	-0.0301843	0.00329626	CHS	EAS
HG00671	-0.0156214	-0.0355968	0.00460496	0.0160143	0.00951065	-0.00220826	-0.00362087	-0.00860974	-0.0274873	-0.00995987	CHS	EAS
HG00672	-0.0152115	-0.0319556	0.00678915	0.0142946	0.00176536	0.00187226	-0.00285162	-0.0230854	-0.0238697	-0.0128061	CHS	EAS
HG00674	-0.0155321	-0.0345757	0.00286456	0.0110016	0.00231809	0.00685104	-0.00580025	0.00394993	0.0244232	-0.0038126	CHS	EAS
HG00675	-0.0156106	-0.0344624	0.00598316	0.0178647	0.00619296	-0.00125216	-0.000117273	0.00902454	0.00291849	-0.0300084	CHS	EAS
HG00683	-0.0155063	-0.0358829	0.00559343	0.0148489	0.00791861	0.0015824	-0.00646953	-0.00332302	-0.00413625	0.0176553	CHS	EAS
HG00684	-0.0159404	-0.0347582	0.00718859	0.0174245	0.0223468	-0.00370982	0.00283267	0.00182998	0.00052706	-0.00507431	CHS	EAS
HG00689	-0.0155009	-0.0345993	0.00360224	0.0159288	0.015593	0.000145135	0.000112087	0.00656203	0.00947257	0.00376561	CHS	EAS
HG00690	-0.0153833	-0.0335538	0.0044621	0.0137631	0.017723	-0.000111919	0.00512864	-0.0076904	-0.0149567	0.000661196	CHS	EAS
HG00692	-0.0160138	-0.0365179	0.00775004	0.0127826	0.026785	0.000384484	-0.00445918	0.00230523	0.00561823	0.0047929	CHS	EAS
HG00693	-0.016081	-0.034928	0.006377	0.0182278	0.0136032	-0.00526903	0.00266368	0.00456945	0.00891393	-0.014323	CHS	EAS
HG00698	-0.0152945	-0.0336869	0.00829796	0.0139346	0.0213033	-0.00173283	0.00692737	-0.00522227	-0.000812337	-0.010179	CHS	EAS
HG00699	-0.0156197	-0.033927	0.00991071	0.0169003	0.00430746	-0.0037606	0.00624176	-0.00714181	-0.00575072	0.000269238	CHS	EAS
HG00701	-0.0154937	-0.0345715	0.00647822	0.0150859	0.00871825	-0.00214907	-0.00142629	0.0074174	0.00977721	-0.000706564	CHS	EAS
HG00704	-0.0148711	-0.0344007	0.00481616	0.0142249	0.00901142	-0.000793695	0.00109866	-0.00464128	-0.015378	0.0557472	CHS	EAS
HG00705	-0.0159214	-0.0331607	0.00784314	0.0168469	0.000300572	-0.00477993	0.00206173	-0.0075176	-0.0228858	0.0170114	CHS	EAS
HG00707	-0.0159088	-0.0339794	0.00254807	0.0128868	0.00732028	-0.00127832	0.00172419	-0.0150792	-0.0231172	0.00612092	CHS	EAS
HG00708	-0.0158797	-0.0348171	0.00449075	0.0103867	0.015719	-0.0025296	0.00344331	-0.0100959	-0.0198922	0.0287113	CHS	EAS
HG00717	-0.0164296	-0.0343328	0.00569396	0.0156994	0.0152779	-0.00179054	0.00924864	-0.0153881	-0.0292278	-0.00587214	CHS	EAS
HG00728	-0.0155945	-0.0332835	0.00955356	0.0184789	0.0200631	-0.00408729	0.0128949	-0.00212069	-0.0026676	-0.000951875	CHS	EAS
HG00729	-0.015258	-0.0336202	0.00198965	0.0153848	0.0198327	-0.002309	0.00579234	0.00384962	0.0112684	0.0197732	CHS	EAS
HG00731	-0.00784803	0.0246955	0.0121638	0.0148146	0.00468209	0.00430495	-0.0249875	-0.00144741	-0.00269238	-0.00869993	PUR	AMR
HG00732	-0.00873119	0.0182805	0.0155938	-0.00277295	-0.00796326	0.00422093	-0.0116796	0.00251325	-0.0181774	0.00290277	PUR	AMR
HG00734	-0.00541982	0.0180455	0.0182556	-0.00407826	0.00861734	-0.00120917	-0.0107054	0.00194456	0.0239455	-0.0175377	PUR	AMR
HG00736	-0.00854177	0.016989	0.0157656	-0.00625223	-0.000367638	-0.00568219	-0.0223544	-0.00382877	-0.0118526	0.0219357	PUR	AMR
HG00737	-0.00883412	0.019285	0.0197267	0.00465491	-0.0101302	-0.000428279	-0.0281076	0.00401886	0.0120269	0.00465175	PUR	AMR
HG00739	-0.00862141	0.0245847	0.0111737	0.0120826	0.006451	0.00120296	-0.010175	0.000345674	-0.0333274	-0.0043487	PUR	AMR
HG00740	-0.00634625	0.0158283	0.020087	-0.00153483	0.00620882	0.00254192	-0.0120812	-0.00784017	-0.0064885	0.0320027	PUR	AMR
HG00742	-0.00901215	0.0231552	0.0141658	0.0136207	0.0148849	0.00837952	-0.0165838	-0.0185279	-0.0233426	-0.0385628	PUR	AMR
HG00743	-0.00260776	0.0165666	0.0120443	0.00793464	0.00651918	0.00362444	-0.0356937	-0.00498866	0.0172132	-0.0565952	PUR	AMR
HG00759	-0.0147331	-0.033719	0.00510417	0.0166151	0.0607214	-0.000240005	0.00970515	-0.00713862	-0.0110684	0.0104779	CDX	EAS
HG00766	-0.0148302	-0.0335022	0.00167832	0.0107736	0.0336381	-0.0095036	0.00247813	0.0130953	0.0243759	0.0244924	CDX	EAS
HG00844	-0.0158479	-0.0334538	0.0029504	0.0183947	0.0541221	0.00211461	0.013434	0.00697356	0.00779839	-0.00698797	CDX	EAS
HG00851	-0.0164181	-0.032934	0.00564292	0.0148797	0.0515855	0.00680077	0.0128942	-0.00179797	-0.00776227	-0.00354022	CDX	EAS
HG00864	-0.0157204	-0.0334209	0.00531581	0.0150689	0.0540425	0.00293406	0.00460597	5.32188e-05	-0.00157662	0.0162993	CDX	EAS
HG00867	-0.015265	-0.0355142	0.00205999	0.0198249	0.0376173	9.22731e-05	0.00560622	0.00859082	0.0216252	0.00283587	CDX	EAS
HG00879	-0.0158661	-0.0342532	0.00175808	0.017719	0.0313008	0.00119755	0.0098263	-0.00253826	-0.00402758	0.0137071	CDX	EAS
HG00881	-0.0158712	-0.0323834	0.00206628	0.0142819	0.0596837	0.0100311	0.00915475	0.01961	0.0346084	-0.00052935	CDX	EAS
HG00956	-0.0154817	-0.0332567	0.00397193	0.0167465	0.0463592	0.00449051	0.00486275	0.015372	0.0298113	-0.00567521	CDX	EAS
HG00978	-0.0151172	-0.0332632	0.00532955	0.0154288	0.0371571	0.0032277	0.00417179	-0.00318167	0.00165532	0.0102473	CDX	EAS
HG00982	-0.0144218	-0.0336162	0.0025494	0.020245	0.069907	0.0115202	0.0229888	0.00488759	-0.00976236	-0.0195906	CDX	EAS
HG01028	-0.0155431	-0.0357921	0.000350273	0.0173289	0.0400926	0.00770686	0.00292579	0.000212493	-0.016456	0.0174496	CDX	EAS
HG01029	-0.0159077	-0.034427	0.00475953	0.0189042	0.0543344	0.0063665	0.00364155	0.00377192	0.0127657	-0.00815455	CDX	EAS
HG01031	-0.0154606	-0.0342274	0.00184792	0.0186322	0.0567706	0.00300063	0.00175406	0.0116413	0.0315686	0.0156334	CDX	EAS
HG01046	-0.0154106	-0.0333209	0.00637621	0.0182618	0.0431402	0.00583764	0.00846538	-0.00626636	-0.0044966	-0.00994951	CDX	EAS
HG01047	-0.00868721	0.0205161	0.0160946	-0.00310641	0.00638405	0.0138495	-0.0303597	0.00141627	-0.000267713	0.0207797	PUR	AMR
HG01048	-0.00523366	0.0171343	0.019928	-0.001857	0.00472858	0.00702607	-0.0109398	-0.00977993	0.00326671	-0.0103078	PUR	AMR
HG01049	-0.00107422	0.0109705	0.0155318	-0.00825106	0.00822252	0.0104652	-0.018286	-0.00413181	0.0351109	0.032994	PUR	AMR
HG01051	-0.000929131	0.0155787	0.014633	-0.00248446	0.00725542	-0.00396849	-0.0189926	-0.00721158	0.0258555	-0.00677638	PUR	AMR
HG01052	0.000948346	0.0100169	0.0208168	-0.0112298	-0.00477181	0.000749866	-0.0103488	0.0164324	0.00156798	0.00920617	PUR	AMR
HG01054	-0.00893471	0.0228419	0.0173952	0.0070728	0.00500776	0.00639941	-0.0448142	0.00892226	0.0282246	-0.0312889	PUR	AMR
HG01055	-0.00798093	0.0152532	0.0208941	-0.00911453	-0.00681027	-0.00271377	0.00577983	0.00853002	-0.00214123	0.00275073	PUR	AMR
HG01058	-0.00914478	0.0171566	0.0192252	0.00316943	0.00675142	0.00247938	-0.0157707	-0.000123433	0.0175656	-0.0203105	PUR	AMR
HG01060	-0.00794991	0.0225157	0.01545	0.00735759	0.0106942	0.000462611	-0.0348737	0.00380572	0.0174539	-0.00234439	PUR	AMR
HG01061	-0.00911076	0.0238591	0.012502	0.0123275	0.00694857	0.00604201	-0.0366141	-0.00659712	-0.0139747	-0.0094088	PUR	AMR
HG01063	0.0116921	0.00632391	0.00803877	-0.00138282	-0.00356938	0.00584343	-0.012974	-0.00782694	-0.0106404	0.000755499	PUR	AMR
HG01064	-0.00676443	0.0189237	0.018056	-0.00484213	0.00287185	0.00559782	-0.0233245	-0.00948983	0.0104894	0.021372	PUR	AMR
HG01066	-0.00573893	0.021201	0.0102447	0.0114679	0.00399918	-0.00256284	-0.0220575	-0.00575992	-0.0307061	-0.00281661	PUR	AMR
HG01067	-0.0096574	0.0137695	0.0204096	-0.0110549	0.00493609	-0.00115526	-0.012504	-0.0146335	0.00791362	-0.0317131	PUR	AMR
HG01069	-0.00445195	0.0194846	0.0121389	-0.000832917	-0.00294522	0.00824306	-0.0249335	0.015161	0.000982908	-0.00893848	PUR	AMR
HG01070	-0.0103176	0.0208308	0.0186016	0.00078478	0.00176117	0.00465579	-0.0336357	-0.0070299	-0.00718431	-0.0242267	PUR	AMR
HG01072	-0.00359559	0.0191558	0.0181848	0.00251113	0.0070736	-0.00478983	-0.03914	-0.00686284	0.0531517	0.0307291	PUR	AMR
HG01073	-0.00901975	0.0174906	0.0224097	-0.00168876	0.0019871	-0.000545506	-0.0333334	0.00958403	0.0232685	0.00304065	PUR	AMR
HG01075	-0.00554576	0.0218718	0.00978701	0.0143857	0.0111688	0.00202531	-0.018093	0.0288227	0.037326	0.0136772	PUR	AMR
HG01077	-0.009044	0.0132852	0.016248	-0.0119868	0.0122026	0.00104585	-0.0121208	-0.00407721	-0.0145229	-0.0117873	PUR	AMR
HG01079	-0.00764011	0.0184336	0.0129493	-0.00258783	0.00738725	-0.00547756	-0.0298494	0.0194502	0.00325349	-0.017539	PUR	AMR
HG01080	-0.00963801	0.0178923	0.0177009	-0.00725922	7.44909e-05	0.00512994	-0.0157614	-0.00447718	-0.00419062	0.0271721	PUR	AMR
HG01082	-0.00190129	0.0122773	0.0183262	-0.0133372	-9.03911e-05	0.0108128	-0.0377824	0.0154651	0.0263948	-0.0257964	PUR	AMR
HG01083	-0.00768957	0.0141198	0.0211114	-0.0156326	0.00498026	-0.00240189	-0.0269191	-0.00741803	-0.00666889	0.00402988	PUR	AMR
HG01085	-0.00822135	0.0192906	0.0130085	0.00270462	0.011591	0.00233472	-0.0123385	0.00883939	0.00596961	-0.0160733	PUR	AMR
HG01086	-0.00601921	0.00923716	0.021665	-0.0220645	-0.0015802	-0.000894081	-0.00853595	7.14904e-05	0.0134214	0.00688075	PUR	AMR
HG01088	-0.00128999	0.0122564	0.0133505	-0.00684554	0.00955973	0.00963137	-0.0119428	0.0222526	0.0315497	0.00658374	PUR	AMR
HG01089	-0.0063665	0.0184867	0.0115749	0.00500668	0.013256	0.000460455	-0.0164748	-0.000194365	0.00302176	0.049822	PUR	AMR
HG01092	-0.00255536	0.0145894	0.0147957	-0.00247739	-0.000105208	-0.000619212	-0.013365	0.012766	-0.00777335	0.00806358	PUR	AMR
HG01094	-0.00487974	0.0179518	0.0108426	0.00905345	0.0132671	0.0062601	-0.0245305	-0.00650475	-0.026199	0.00923688	PUR	AMR
HG01095	-0.00938823	0.0218888	0.0168893	0.00643053	0.00863065	0.0047144	-0.0412898	-0.000423157	-0.00524931	0.00590673	PUR	AMR
HG01097	-0.0065725	0.0144078	0.0148559	0.00560704	0.010389	-0.00191572	-0.0294608	0.00364175	0.0300728	-0.0134944	PUR	AMR
HG01098	-0.00771876	0.0215817	0.0205056	0.00338642	0.00235746	0.00756879	-0.0133404	0.00799476	-0.00604693	0.000315968	PUR	AMR
HG01101	-0.00763109	0.0148178	0.0238341	-0.00905304	-0.0044707	-0.000713341	-0.0301281	-0.00925366	-0.0152852	-0.00874408	PUR	AMR
HG01102	-0.00315753	0.0134138	0.0143129	-0.00209439	0.00135871	-0.00599256	-0.0209193	0.00755248	0.0350779	-0.00423232	PUR	AMR
HG01104	-0.00394869	0.0180338	0.0183177	0.00244515	0.0101893	0.00811284	-0.0321887	0.0133735	0.0340625	-0.0049017	PUR	AMR
HG01105	-0.0106269	0.0202154	0.0157684	0.00500565	0.00787997	0.00269586	-0.0308922	-0.0156653	-0.00898634	-0.00414286	PUR	AMR
HG01107	-0.00150493	0.0139613	0.0181784	-0.00143501	0.0175312	0.00321163	-0.0207927	-0.0119549	0.019746	0.00955907	PUR	AMR
HG01108	0.0261389	-0.00111711	0.00184892	-0.00420815	-0.00403313	-0.0235264	-0.00471618	-0.00861236	-0.0141419	0.0301438	PUR	AMR
HG01110	-0.00826038	0.0176992	0.019861	0.000841667	0.0059321	0.000494111	-0.0326681	0.00719246	0.0196602	-0.0313934	PUR	AMR
HG01111	-0.00654324	0.020596	0.0142147	0.0130907	0.000285244	0.00176426	-0.0165949	-0.00109828	0.0249898	-0.0116602	PUR	AMR
HG01112	-0.00554809	0.019954	0.019813	0.00594417	0.00966127	0.00630406	-0.0247838	-0.0107378	0.00831533	0.0102494	CLM	AMR
HG01113	-0.0108581	0.0157986	0.0224503	-0.00900414	0.00724299	0.00369162	-0.0305276	-0.00635389	0.0190461	0.00267788	CLM	AMR
HG01119	-0.00805243	0.0166829	0.0197518	-0.00809087	0.00704791	0.00311238	-0.0165251	-0.00999242	0.0256332	-0.0126458	CLM	AMR
HG01121	-0.0106433	0.0199373	0.014156	0.00157387	0.00396356	0.00559639	-0.0239609	-0.00116241	0.02094	-0.00767705	CLM	AMR
HG01122	-0.00993113	0.0145036	0.0218709	-0.0129602	-0.00487417	0.00131153	0.00348806	0.00892603	0.0351505	0.0207039	CLM	AMR
HG01124	-0.000140713	0.00923428	0.0172656	-0.013117	0.00502419	-0.0102279	-0.00881318	0.017946	-0.00335287	-0.0627465	CLM	AMR
HG01125	-0.0111025	0.0176695	0.0157599	-5.46568e-05	0.0205015	0.00418949	-0.0220952	-0.000868702	-0.0147989	0.0318956	CLM	AMR
HG01130	-0.00882761	0.0156105	0.0190089	-0.0118587	0.00808994	-0.002532	-0.0198147	-0.00213588	0.00544218	0.00939309	CLM	AMR
HG01131	-0.0106659	0.0190187	0.0199187	-0.000578785	0.00841649	0.00165505	-0.0391405	-0.0187548	-0.0178266	-0.0170144	CLM	AMR
HG01133	-0.0100919	0.025401	0.0152156	0.0132733	0.0029045	-0.00418167	-0.0174389	-0.0165629	-0.0098064	-0.0150529	CLM	AMR
HG01134	-0.00957465	0.0192825	0.0200037	-0.00497068	0.00737163	0.0137133	-0.01596	0.016089	0.0114095	0.0153628	CLM	AMR
HG01136	-0.0102073	0.0188453	0.0120415	4.83308e-05	0.00462994	0.00261638	-0.0270878	-0.0100692	-0.00250938	0.00568002	CLM	AMR
HG01137	-0.0104912	0.0156376	0.0190688	-0.0138253	0.0108511	0.000929359	-0.0209824	-0.00631931	0.014361	-0.0478669	CLM	AMR
HG01139	-0.00696467	0.00826881	0.0194101	-0.0225279	0.0147913	0.0122852	-0.00394597	0.00391336	0.020709	-0.0276626	CLM	AMR
HG01140	-0.0106722	0.0199261	0.0175026	0.000858894	0.00955031	-0.00877835	-0.0116515	-0.00839777	-0.021289	0.007838	CLM	AMR
HG01142	-0.00603553	0.00725695	0.0246843	-0.0286782	0.00303665	0.00848025	0.0005694	0.0106694	0.0296765	-0.0117077	CLM	AMR
HG01148	-0.00847354	0.0158523	0.0214692	-0.0123502	0.0168309	-0.00219277	-0.0126682	-0.0151007	-0.0300781	-0.032908	CLM	AMR
HG01149	-0.00792228	0.00667632	0.02567	-0.0314562	0.0100944	-0.00795	-0.00855517	-0.00310323	0.0360771	-0.0320929	CLM	AMR
HG01161	-0.00127076	0.014942	0.0113469	0.00475874	0.00399161	0.0012571	-0.0312312	0.00218521	0.0187803	0.00144793	PUR	AMR
HG01162	-0.00573917	0.0120971	0.0256698	-0.0177272	0.00163573	0.0139097	-0.00123043	-0.00718522	-0.0360659	0.0164268	PUR	AMR
HG01164	-0.00523985	0.0210184	0.0128359	0.0084282	0.0135411	0.0133567	-0.0547773	-0.0128002	0.0264068	0.0203043	PUR	AMR
HG01167	-0.00545927	0.0168205	0.0151891	-0.00343171	-0.00064131	0.00472613	-0.0179965	0.0120631	0.0347253	0.0255299	PUR	AMR
HG01168	-0.00845739	0.0253596	0.00962567	0.0145233	0.00431947	0.0102289	-0.0343194	-0.00262091	0.00181338	0.00413244	PUR	AMR
HG01170	-0.00651391	0.0156657	0.0192856	-0.00371278	0.0102553	0.00567972	-0.0190476	0.00519963	-0.00132209	0.00252587	PUR	AMR
HG01171	-0.00240827	0.0178819	0.013223	0.00414362	-0.0160604	-0.00386797	-0.0130335	0.0138672	0.022161	0.0577413	PUR	AMR
HG01173	-0.00708601	0.021198	0.0157059	0.00861816	0.0140018	0.00361299	-0.024084	-0.00241857	0.02591	-0.0129274	PUR	AMR
HG01174	-0.00855742	0.0185167	0.0152441	-0.000771883	-0.00218144	-0.000832063	-0.0201135	-0.00905204	0.00420682	-0.00667322	PUR	AMR
HG01176	-0.0082397	0.0211319	0.0195999	0.00715887	0.0182365	0.0117812	-0.02126	-0.00917914	-0.0130896	0.0110674	PUR	AMR
HG01177	-0.00597281	0.0135044	0.0157742	-0.00503486	0.0058167	0.00397492	-0.0245213	0.0062184	0.0363282	-0.0195682	PUR	AMR
HG01182	-0.0054864	0.0164634	0.0198521	-0.00264456	0.00289966	-0.00260697	-0.0211287	0.00959836	0.0421994	0.040681	PUR	AMR
HG01183	-0.00737693	0.0112248	0.0231388	-0.0175139	-0.00172175	-0.0039189	-0.011566	0.0180675	0.0193283	-0.0131339	PUR	AMR
HG01187	-0.00674928	0.0141209	0.0177644	-0.00885799	0.000250798	0.000694988	-0.0258978	0.00716632	0.00262098	-0.0297648	PUR	AMR
HG01188	0.00314831	0.00584133	0.0147174	-0.00971543	0.00581915	-0.00269316	-0.026045	0.00577435	0.0168085	0.0395163	PUR	AMR
HG01190	0.00547422	0.00599525	0.0152624	-0.0164234	-0.00882436	0.000659068	-0.0101273	-0.00737292	-0.00745232	0.0323153	PUR	AMR
HG01191	-0.00632929	0.0202274	0.00906745	0.00441528	0.0100065	-0.000546448	-0.0401871	0.00652942	0.0209762	-0.00754413	PUR	AMR
HG01197	-0.00338537	0.022818	0.0122307	0.0153274	0.00401709	0.000416863	-0.0235165	-0.00899784	0.0189995	0.0572449	PUR	AMR
HG01198	0.00294373	0.01462	0.00913813	0.00557895	0.00408546	0.00992793	-0.00873979	0.000721987	-0.0211426	-0.0119231	PUR	AMR
HG01200	-0.00992408	0.0217602	0.0165069	0.0032533	0.0043657	0.0046463	-0.0305762	-0.0108341	-0.00716166	-0.0121889	PUR	AMR
HG01204	-0.00525327	0.021266	0.0129857	0.00888487	0.0197705	0.0176668	-0.0520749	-0.0103628	-0.00121099	0.0130617	PUR	AMR
HG01205	-0.00384761	0.0193647	0.011436	0.00942453	0.00495308	0.000883284	-0.0220267	-0.011519	-0.0162653	-0.0167763	PUR	AMR
HG01241	0.0201135	0.00325999	0.00296904	-0.00126106	0.00686172	0.0102307	-0.000930412	0.00473538	-0.0190414	-0.032025	PUR	AMR
HG01242	0.0153164	0.00932483	0.00472027	0.00568348	0.004446	0.00273304	-0.00896324	-0.00570712	0.0170548	0.0432167	PUR	AMR
HG01247	-0.00192101	0.0150945	0.0131894	-0.00354434	-0.0035553	-0.0103796	0.00891158	-0.0194169	-0.0308217	0.0208505	PUR	AMR
HG01248	-0.00463304	0.0176415	0.00947524	0.00342057	0.00852857	0.00483833	-0.0444574	-0.0161112	-0.0229537	0.00343282	PUR	AMR
HG01250	-0.0047822	0.00969293	0.0203897	-0.0173413	-0.0050456	-0.0034056	-0.016649	-0.014537	-0.00619386	-0.0103265	CLM	AMR
HG01251	-0.00824572	0.0214584	0.0176262	0.00829577	0.00904358	0.00227761	-0.00693881	0.0211345	0.0276118	0.0338141	CLM	AMR
HG01253	-0.0123122	0.016777	0.0225223	-0.0106236	0.00171013	-0.00552713	-0.0160885	0.018674	0.0247718	-0.017509	CLM	AMR
HG01254	-0.00972162	0.00818364	0.0221578	-0.0271286	-0.00269101	-0.00708553	-0.0150378	0.00600417	0.00945165	0.0447487	CLM	AMR
HG01256	-0.0108244	0.0217749	0.0180532	0.00267733	0.00280376	0.00694451	-0.0159673	0.00654945	0.00961261	-0.0279057	CLM	AMR
HG01257	-0.0116074	0.0184247	0.0187705	-0.0068063	0.0215693	0.00559049	-0.0250231	-0.0201597	-0.0548192	-0.0152943	CLM	AMR
HG01259	-0.00968801	0.0256388	0.0104912	0.0155667	-0.000606352	-0.000409668	-0.00774066	-0.0158412	-0.0152703	0.0243497	CLM	AMR
HG01260	-0.0069644	0.0113014	0.0236701	-0.0224521	-0.00280511	0.00574616	-0.0192652	0.00362996	0.0217093	-0.056023	CLM	AMR
HG01269	-0.0100087	0.0130248	0.0213053	-0.0194559	0.00807102	-0.00326932	-0.0100735	-0.0185741	-0.0330575	-0.0225676	CLM	AMR
HG01271	-0.00871077	0.0201576	0.0175633	-0.000762074	0.00164121	0.000528463	-0.00559022	-0.00476938	-0.00619652	-0.0210319	CLM	AMR
HG01272	-0.00692144	0.00680018	0.0254454	-0.0248294	0.00864947	0.00196236	-0.00786425	-0.000843968	0.00980264	0.0601812	CLM	AMR
HG01275	-0.0101256	0.0237854	0.0125996	0.0101788	-0.0118957	0.00232106	-0.0110381	0.0161163	0.0204488	-0.0100222	CLM	AMR
HG01277	-0.00962114	0.0171384	0.0154367	-0.00285626	0.0147071	-0.00346771	-0.0382428	0.00763226	0.0207069	-0.0571815	CLM	AMR
HG01280	-0.0113495	0.0108825	0.027177	-0.0203535	0.00258731	0.00484825	-0.0339196	0.00717776	0.0146864	0.0214849	CLM	AMR
HG01281	-0.0062032	0.0124711	0.020022	-0.00997355	0.0138409	0.000469323	-0.0245973	-0.00337053	-0.0291624	0.0146652	CLM	AMR
HG01284	-0.00598328	0.0215165	0.0100663	0.0113485	0.0116298	0.00783982	-0.0151083	-0.022274	-0.0351515	0.0119349	CLM	AMR
HG01286	-0.00272945	0.0151919	0.019348	-0.000254914	0.00210095	-0.00178637	-0.000798603	0.00327314	0.0211838	-0.0375269	PUR	AMR
HG01302	-0.00495336	0.0125865	0.0202099	-0.0104942	0.0158486	0.00721029	-0.0231498	0.0273231	0.0316537	-0.0328724	PUR	AMR
HG01303	-0.00564571	0.00895511	0.0188531	-0.0158526	0.0034338	-0.00420409	-0.0158606	0.00721233	-0.00715031	0.0561494	PUR	AMR
HG01305	-0.00815936	0.012926	0.0192263	-0.0112613	0.0057758	-0.00238305	-0.0188632	0.00298696	0.0221072	-0.0144532	PUR	AMR
HG01308	-0.000412138	0.0161154	0.0167686	-0.00272658	0.00987751	-0.00444319	-0.0341799	0.00580817	0.0463662	0.0471959	PUR	AMR
HG01311	-0.00677563	0.0195588	0.0164071	0.00784357	0.00993001	-0.0025507	-0.0318593	-0.00220695	0.0203168	-0.0365677	PUR	AMR
HG01312	-0.00586364	0.0203183	0.0171521	0.00794024	0.0196354	0.00309716	-0.0255843	-0.0130212	0.0103435	-0.0512817	PUR	AMR
HG01323	-0.00505289	0.0178655	0.0169145	0.000964847	0.00573993	0.0127166	-0.0203256	0.00817699	0.0272381	-0.0152883	PUR	AMR
HG01325	-0.00161867	0.017925	0.0127087	0.0103829	0.00855269	0.00104254	-0.033678	0.0119868	0.0565843	0.065116	PUR	AMR
HG01326	-0.00537616	0.0183001	0.0163534	0.00432003	0.0281917	0.0114164	-0.0325888	0.014435	0.0270611	0.00549541	PUR	AMR
HG01334	-0.0115167	0.0255548	0.0105463	0.0149043	-0.00133588	-0.00580513	0.0317971	0.00593314	-0.000644983	-0.00915599	GBR	EUR
HG01341	-0.0137789	0.000379822	0.0417488	-0.0568057	0.00662642	0.0088136	0.0159779	0.00773226	0.00221112	-0.000902093	CLM	AMR
HG01342	0.0101756	0.00912449	0.0104519	0.0074045	0.00250337	0.00200829	-0.011627	-0.0179167	0.0191133	0.0237971	CLM	AMR
HG01344	-0.00964262	0.00997862	0.0289492	-0.0276407	-0.00235908	0.00353088	-0.0150441	-0.00922719	-0.0199781	-0.0279634	CLM	AMR
HG01345	-0.00696252	0.0155815	0.0225641	-0.00449097	-0.000357335	0.00622729	-0.00774261	-0.00763445	-0.00995495	-0.0354631	CLM	AMR
HG01348	-0.00961764	0.0112792	0.0248869	-0.0223382	0.00652167	0.0108093	-0.00945099	-0.00442729	0.0142387	-0.0299936	CLM	AMR
HG01350	-0.00817404	0.0115485	0.0224612	-0.0213381	0.0131948	0.00023159	-0.034118	-0.000497941	0.0190236	-0.017463	CLM	AMR
HG01351	-0.00988614	0.0220789	0.0134746	0.00592	0.00650354	0.01112	-0.0227255	0.00113615	0.00806676	0.00511507	CLM	AMR
HG01353	-0.0117176	0.0211651	0.0178195	0.00295357	0.00794461	0.00537267	-0.0302904	-0.0106534	-0.0126124	-0.0134286	CLM	AMR
HG01354	-0.00746076	0.0220811	0.0184741	0.00362417	-0.00829297	0.000262964	0.00115132	-0.00527776	-0.0078255	-0.00928807	CLM	AMR
HG01356	-0.00901239	0.0127809	0.0230427	-0.0214269	0.00557004	0.00031248	-0.0199498	-0.0115963	-0.0200158	-0.0159607	CLM	AMR
HG01357	-0.0107092	0.0212933	0.0192847	-0.00262338	0.0151732	0.00135215	-0.0163093	0.00924272	0.0213869	-0.026394	CLM	AMR
HG01359	-0.00960528	0.0192641	0.0175342	-0.00130917	0.00385808	-0.000376653	-0.0161864	0.0123806	0.0286702	-0.0577025	CLM	AMR
HG01360	-0.00275696	0.0171435	0.014661	0.000130993	0.0101679	-0.00766244	-0.0157935	-0.000266115	0.0168141	0.0566124	CLM	AMR
HG01362	-0.00484381	0.0122253	0.0167617	-0.00829863	0.00119937	-0.00102831	0.00335308	-0.000500682	-0.0187345	-0.0478912	CLM	AMR
HG01363	-0.00768333	0.0122589	0.0264671	-0.0176785	0.0168825	0.00416211	-0.00841995	0.00143458	0.00465413	-0.0134021	CLM	AMR
HG01365	-0.00948702	0.0153776	0.0186016	-0.0140682	0.00983154	0.00372072	-0.00949624	-0.0122287	0.00333077	-0.0233474	CLM	AMR
HG01366	-0.00772092	0.0180177	0.016457	-0.00151442	-0.00433626	0.00261641	-0.00285903	0.00957259	0.0172198	0.00928178	CLM	AMR
HG01369	-0.00379911	0.0117823	0.0166804	-0.00862195	0.00771729	-0.000620712	-0.00161953	-0.0135215	-0.00275685	-0.0261055	CLM	AMR
HG01372	-0.0123036	0.00829613	0.0327557	-0.039418	-0.000940351	0.00743152	0.00205607	-0.0010616	-0.00702869	-0.00427412	CLM	AMR
HG01374	-0.0110262	0.01606	0.0217238	-0.00787172	0.00536939	0.00763953	-0.0278305	0.00110773	-0.0074903	0.00318466	CLM	AMR
HG01375	-0.00128806	0.010368	0.0179895	-0.0110206	0.0183611	0.00241388	-0.0252084	-0.000768634	-0.00993552	-0.0168487	CLM	AMR
HG01377	-0.00811091	0.0140297	0.0185593	-0.00465299	0.00425451	-0.00652529	-0.0168779	-0.0094613	-0.0280364	-0.00891059	CLM	AMR
HG01378	-0.00364248	0.0138775	0.0208046	-0.0161563	0.00462239	-0.00881419	-0.0225607	-0.0147054	-0.0217222	0.0556985	CLM	AMR
HG01383	-0.0114909	0.0173131	0.0179756	-0.003923	0.0176187	0.00566057	-0.026522	-0.0123414	-0.00141921	-0.0419912	CLM	AMR
HG01384	-0.0109987	0.0169357	0.0191552	-0.000562131	0.00101086	0.00498452	-0.017619	-0.0012805	-4.82164e-05	-0.00938318	CLM	AMR
HG01389	-0.00901328	0.0159086	0.0216319	-0.0121419	0.00771041	-0.000224799	-0.00718857	0.00204028	0.00514419	-0.00901028	CLM	AMR
HG01390	-0.0020595	0.00915509	0.0239495	-0.0243942	0.00686812	-0.00602045	-0.00818879	-0.00439107	-0.0032763	-0.0302086	CLM	AMR
HG01392	-0.00325497	0.011547	0.0158636	-0.00772637	0.00610286	0.000535375	-0.0291545	-0.0160177	-0.0126072	0.00831074	PUR	AMR
HG01393	-0.00198548	0.0186483	0.00949243	0.00675638	0.00523779	-0.00134015	-0.0247113	-0.0261982	-0.0593753	-0.012257	PUR	AMR
HG01395	-0.00739922	0.0184005	0.0155329	0.00394327	0.00956964	0.00347794	-0.0271413	-0.0113406	0.00759943	-0.0317601	PUR	AMR
HG01396	-0.00147923	0.0183557	0.011198	0.00396556	0.00561003	-0.00863205	-0.0332606	-0.012858	-0.0311776	-0.0610076	PUR	AMR
HG01398	-0.00453417	0.0181988	0.0111332	0.00204547	-0.000195023	0.00659171	-0.00893858	0.000424311	0.00274501	0.022672	PUR	AMR
HG01402	-0.00544284	0.0156766	0.0217482	-0.00948746	-0.0120551	-0.00219591	-0.0134403	0.000440921	0.0237304	0.0163868	PUR	AMR
HG01403	-0.00202111	0.00805596	0.0220508	-0.0238936	0.00781462	0.00163642	-0.00400954	-0.00596503	-0.0114586	0.0368617	PUR	AMR
HG01405	-0.0019169	0.0146077	0.0143951	-0.00362401	0.0180834	0.000873324	-0.0234866	0.0100419	0.042234	-0.051617	PUR	AMR
HG01412	-0.00697997	0.0174321	0.0186604	-0.00704544	0.00836111	0.00146258	-0.0388157	0.00328364	-0.0019512	0.00429003	PUR	AMR
HG01413	-0.00678475	0.0169873	0.0207754	-0.00566338	0.0124388	0.000654321	-0.00528513	0.0078888	8.89138e-05	0.00332421	PUR	AMR
HG01414	-0.00598698	0.0139082	0.0174353	-0.00460749	-0.0086272	-0.00326259	0.000439409	0.00563181	-0.0304044	0.0225886	PUR	AMR
HG01431	-0.00955464	0.00921766	0.0291013	-0.0399524	0.0116728	0.00193693	-0.00452836	-0.000110446	-0.0152133	-0.0252312	CLM	AMR
HG01432	-0.0116315	0.021597	0.016804	0.00674273	0.0143106	0.000803189	-0.0268278	-0.00382414	-0.00195443	-0.010138	CLM	AMR
HG01435	-0.0132494	0.00281967	0.0353042	-0.051244	0.00600921	0.00182571	0.0027845	-0.00456275	-0.00616779	-0.00375364	CLM	AMR
HG01437	-0.00993859	0.0235361	0.0118487	0.0115232	0.00696236	0.00524621	-0.0368038	-0.00966895	-0.00600274	0.0268039	CLM	AMR
HG01438	-0.0107464	0.024889	0.0140513	0.016997	0.00245856	0.000791563	-0.0147661	0.00248393	0.0239853	0.000860199	CLM	AMR
HG01440	-0.00462084	0.0134037	0.0217267	-0.0156411	0.0132673	0.00609928	-0.00310665	-0.0207866	-0.0321939	-0.0388043	CLM	AMR
HG01441	-0.010477	0.0157548	0.0249515	-0.0168263	-0.0034082	0.00356759	-0.00890702	0.00303755	-0.0325218	-0.00709058	CLM	AMR
HG01443	-0.0104241	0.00785698	0.026728	-0.0253881	0.0111451	-0.00164659	-0.0174228	-0.013258	-0.0162575	-0.0391762	CLM	AMR
HG01444	-0.00700013	0.0167764	0.0181615	-0.00587812	0.00603389	0.00317181	-0.0140016	-0.000425971	0.0136045	0.012658	CLM	AMR
HG01447	-0.000598214	0.0112175	0.0162583	-0.00456117	-0.00129526	0.00918521	-0.00479587	0.0121074	0.0362775	0.0548227	CLM	AMR
HG01455	-0.0109234	0.0133001	0.0272442	-0.0177393	0.00421569	0.0044555	-0.00332689	0.00173337	-0.00946309	-0.0070645	CLM	AMR
HG01456	-0.00571291	0.0142858	0.014394	-0.00698122	0.00538487	0.00429013	-0.0264597	0.00215915	-0.00656182	0.0130066	CLM	AMR
HG01459	-0.012059	0.0132941	0.0242707	-0.0199384	0.00405196	-0.00171396	-0.0239912	-0.00297824	0.0208561	-0.00381749	CLM	AMR
HG01461	-0.00285871	0.00545058	0.0225015	-0.0318273	0.00792272	0.00581612	-0.0279885	-0.0118317	-0.0116871	0.00826914	CLM	AMR
HG01462	-0.00703513	0.00224567	0.0302722	-0.0464282	0.0136029	0.00198122	-0.00411315	0.000458477	0.00566604	-0.00873423	CLM	AMR
HG01464	0.000758432	0.00998139	0.0177218	-0.0155498	-0.00634167	-0.00452887	-0.00998714	-0.0140719	0.0471352	-0.00755357	CLM	AMR
HG01465	-0.0105973	0.0212047	0.0203813	0.00208384	0.0110048	0.00305462	-0.0398126	0.00539628	0.0187201	-0.0357721	CLM	AMR
HG01468	-0.0095756	0.0187592	0.0147952	0.00311823	0.00786228	0.0020013	-0.0314373	0.00872666	0.0321604	0.0315107	CLM	AMR
HG01474	-0.0106913	0.0206762	0.0166785	-0.00264361	-0.00274394	0.0055891	-0.0286837	0.00319614	-0.00553334	-0.0206842	CLM	AMR
HG01479	-0.00659379	0.0236202	0.00895253	0.0108615	0.00903542	0.00171553	-0.0402755	0.0114694	0.00810295	0.00134758	CLM	AMR
HG01485	0.00913743	0.00340229	0.0136918	-0.0182396	0.00474193	0.000405812	0.00614523	-0.0183005	-0.0151075	-0.0398109	CLM	AMR
HG01486	-0.0114183	0.00911502	0.0306142	-0.0346562	0.00516511	0.00585328	-0.00885614	-0.00777067	0.0124733	-0.0284827	CLM	AMR
HG01488	-0.00184822	0.0167994	0.0140216	-0.00104419	-0.0061446	-0.000486347	0.00418571	0.00280835	-0.040771	-0.00496784	CLM	AMR
HG01489	-0.0115648	0.0207976	0.0174928	0.00450778	0.0154271	0.00380177	-0.0131468	-0.00444973	-0.00580017	-0.0146845	CLM	AMR
HG01491	-0.0107208	0.0202743	0.0163725	0.000196385	0.00612651	0.00592037	-0.0315906	0.00416055	0.0381553	-0.0112342	CLM	AMR
HG01492	-0.00952623	0.0158828	0.0235634	-0.0179205	0.00421438	0.00244743	-0.00993336	0.00650339	0.00930869	0.0286984	CLM	AMR
HG01494	-0.00967639	0.00964055	0.023205	-0.0272974	0.00403473	-0.00775331	-0.0109474	-0.00604334	0.0104093	0.0162526	CLM	AMR
HG01495	-0.00873574	0.00545933	0.0290807	-0.0378248	0.0118553	-0.00411477	-0.00803742	0.0223229	0.0234094	-0.00161823	CLM	AMR
HG01497	-0.0100154	0.0119155	0.0260958	-0.0167933	-0.00809688	0.0014373	-0.0213722	0.0018223	0.0178436	-0.0243796	CLM	AMR
HG01498	-0.00552076	0.0117801	0.0182856	-0.00542378	-0.00147087	-0.00349248	-0.0247053	0.00265926	0.0412437	0.0677864	CLM	AMR
HG01500	-0.00971655	0.0274343	0.0139765	0.0183559	-0.00294956	-0.000917649	-0.0322662	-0.00409491	-0.00538925	-0.00552855	IBS	EUR
HG01501	-0.00949573	0.0234434	0.00775895	0.022015	-0.00697572	-0.00241095	-0.0021557	-0.00919331	-0.0111133	0.00712097	IBS	EUR
HG01503	-0.0104703	0.0257942	0.00708331	0.0170806	-0.00436533	-0.00359093	-0.00621644	0.00688359	0.014356	0.0177265	IBS	EUR
HG01504	-0.0105227	0.0262409	0.00872592	0.017503	0.00232116	0.0126747	-0.0224125	0.00197891	0.0106666	-0.00125862	IBS	EUR
HG01506	-0.00940502	0.0279531	0.0114926	0.0254457	0.0125537	4.58893e-05	-0.022527	-0.000203109	0.016975	-0.0136665	IBS	EUR
HG01507	-0.00930202	0.0273801	0.0110394	0.0189641	0.00870106	0.00475233	-0.0305309	-0.0146022	-0.0117134	-0.0203415	IBS	EUR
HG01509	-0.00852351	0.0272935	0.0120872	0.018526	0.00562909	0.00425772	-0.0325523	0.000722165	0.0108793	-0.0200717	IBS	EUR
HG01510	-0.00905544	0.0277517	0.00806411	0.0186292	0.00470078	0.00465359	-0.0326709	0.00569215	0.0185019	0.0130945	IBS	EUR
HG01512	-0.0100475	0.0261483	0.00857845	0.0175868	0.00763816	-0.00687836	-0.0289708	-0.00922447	-0.0246148	-0.0171272	IBS	EUR
HG01513	-0.0106546	0.02652	0.011954	0.0213652	0.00536273	-0.00108345	-0.0163954	-0.0189471	-0.00883522	0.00193555	IBS	EUR
HG01515	-0.0108119	0.0277373	0.0142681	0.0197772	-0.00158305	0.007132	-0.0171502	-0.00887378	-0.00628319	-0.00794477	IBS	EUR
HG01516	-0.0107063	0.0265902	0.013077	0.0228796	-0.00435682	-0.00522031	-0.0125453	-0.00392461	-0.000453196	-0.00381679	IBS	EUR
HG01518	-0.0115903	0.0279877	0.0139242	0.021739	0.0138369	0.00508787	-0.0331768	-0.00283419	0.0046941	-0.0214297	IBS	EUR
HG01519	-0.0102089	0.0274933	0.0128694	0.0184548	0.0105376	0.00804788	-0.0284402	-0.0103897	-0.0152834	0.000227075	IBS	EUR
HG01521	-0.0105577	0.0292154	0.0154942	0.022412	0.0105405	0.00492617	-0.0338499	-0.00791215	0.0107812	-0.0134443	IBS	EUR
HG01522	-0.0113782	0.0273582	0.0102048	0.0169013	0.00224229	0.0118985	-0.0108722	-0.0160885	-0.0227497	-0.0242151	IBS	EUR
HG01524	-0.00962464	0.0251528	0.00731245	0.0146736	-0.00358329	0.00405295	-0.0128508	-0.014365	-0.029259	-0.000338178	IBS	EUR
HG01525	-0.0103814	0.0251804	0.00938871	0.0240271	0.0137217	0.00603354	-0.0436829	-0.00404021	0.0231537	0.0309311	IBS	EUR
HG01527	-0.0102585	0.0268464	0.0117589	0.021526	0.000169248	0.00333648	-0.0232341	0.0170588	0.0159366	-0.00367945	IBS	EUR
HG01528	-0.00900537	0.0260619	0.00982343	0.0226292	-0.0119869	-0.00233421	-0.0204994	-0.00880205	-0.00392945	-0.0264274	IBS	EUR
HG01530	-0.00993334	0.0275383	0.0102631	0.0204321	0.00840335	0.00744215	-0.0209119	-0.00677272	0.0140088	-0.00831629	IBS	EUR
HG01531	-0.00954402	0.0277563	0.0136072	0.0202496	0.020119	0.00598631	-0.0497309	-0.00404061	0.0193518	-0.000187889	IBS	EUR
HG01536	-0.0107069	0.0259799	0.00945212	0.0187391	0.00308003	0.000990803	-0.00962024	-0.00576399	-0.0186684	0.00878645	IBS	EUR
HG01537	-0.0105379	0.0258827	0.0100615	0.0240039	-0.00796613	0.000703257	-0.00333489	-0.0189656	-0.039135	0.0104814	IBS	EUR
HG01550	-0.00880434	0.0163115	0.0185674	-0.00729811	0.0102896	0.00338685	-0.0262933	-0.0203439	-0.017525	-0.0140232	CLM	AMR
HG01551	0.00103313	0.00776181	0.0226271	-0.014841	-0.0014013	-0.000899398	0.00581266	0.0197639	0.0223913	0.0241251	CLM	AMR
HG01556	-0.00357198	0.0167403	0.0161172	0.00351236	-0.00218763	0.00535012	-0.00213994	0.0163137	-0.00397828	-0.0370302	CLM	AMR
HG01565	-0.0129084	-0.000457766	0.044884	-0.0631994	0.00748356	-0.00127772	0.0107412	0.0112342	-0.00149501	-0.00373492	PEL	AMR
HG01566	-0.011669	0.00582705	0.0331104	-0.0407803	0.0192938	0.00848929	-0.0121491	-0.0220488	-0.0343589	-0.000345895	PEL	AMR
HG01571	-0.0122853	-0.000271937	0.0417248	-0.0631261	-0.000677344	-0.00504436	0.00104071	-0.00628141	0.00408601	0.000873383	PEL	AMR
HG01572	-0.0156733	-0.0101625	0.0529977	-0.0910229	0.00301961	0.00358679	0.0202989	-0.0123415	-0.02288	-0.00649164	PEL	AMR
HG01577	-0.00389469	0.00857508	0.0197694	-0.0162526	0.0148768	-0.00996349	-0.0171674	-0.0156674	-0.0126835	-0.0243444	PEL	AMR
HG01578	-0.0129662	0.00437229	0.0374006	-0.0515727	0.0101756	-0.00410282	-0.0100289	-0.00651914	-0.00760117	0.0042724	PEL	AMR
HG01583	-0.010444	0.0116337	-0.0258557	-0.0128957	0.00577981	-0.00244264	0.00725742	0.0112869	0.000980187	0.0590854	PJL	SAS
HG01586	-0.0114577	0.010094	-0.0274966	-0.00572524	-0.00511645	0.000330833	0.00762185	0.00367337	0.0138545	-0.0252279	PJL	SAS
HG01589	-0.0119209	0.00910167	-0.0208214	-0.0048862	0.00754371	0.00372296	-0.00747384	0.00176012	-0.0018058	-0.000897556	PJL	SAS
HG01593	-0.0106844	0.0112052	-0.0226604	-0.00764309	-0.00489042	-0.00322348	0.0151811	-0.0187933	-0.0121848	-0.0165526	PJL	SAS
HG01595	-0.0149532	-0.0319058	0.00706983	0.0166102	0.0459115	0.00448546	0.00399309	-0.000796508	-0.00253995	-0.0281988	KHV	EAS
HG01596	-0.0150806	-0.0321978	0.00124808	0.016048	0.034761	-0.000772378	0.0157673	0.0143998	0.0045157	0.0298221	KHV	EAS
HG01597	-0.0163015	-0.0332635	0.00335056	0.0142549	0.0229308	0.0106668	-0.000559082	-0.0192176	-0.015316	-0.00277141	KHV	EAS
HG01598	-0.0149435	-0.0333722	0.00676997	0.0166141	0.0349414	0.00494035	0.00830354	0.00922217	-0.00163439	0.0335109	KHV	EAS
HG01599	-0.014983	-0.0320797	0.00214569	0.0129246	0.0348099	-0.000126625	0.00671049	0.00109943	-0.00103995	0.00385113	KHV	EAS
HG01600	-0.0155165	-0.0330393	0.00614719	0.0149442	0.0314882	-0.00157847	0.00787154	0.00662961	0.0128468	-0.00657869	KHV	EAS
HG01602	-0.0104451	0.0273086	0.0119996	0.0229353	-0.00624342	0.00563417	-0.0293321	-0.000222436	0.0119837	0.0112557	IBS	EUR
HG01603	-0.0100486	0.0272264	0.0135621	0.0201477	0.00552723	0.00896036	-0.0248921	-0.0140305	-0.0337413	-0.00355523	IBS	EUR
HG01605	-0.00905955	0.0258033	0.00970022	0.0227549	0.00603157	0.00155505	-0.0189687	-0.00801375	-0.0112683	-0.0258941	IBS	EUR
HG01606	-0.00978371	0.0263162	0.0100558	0.0216836	0.0103616	-0.00437847	-0.00890069	-0.0124508	-0.00290339	-0.0183207	IBS	EUR
HG01607	-0.00916765	0.026801	0.0116593	0.0149886	0.00605228	-0.000234937	-0.0409276	-0.00932087	-0.0136121	-0.0043692	IBS	EUR
HG01608	-0.0100538	0.0280289	0.0120376	0.0217548	0.00589272	0.0107031	-0.0389765	-0.00604991	-0.000706299	-0.0207814	IBS	EUR
HG01610	-0.00991982	0.0276639	0.00979251	0.0166705	0.00271583	0.000102029	-0.0185878	-0.0102144	-0.00854178	0.055629	IBS	EUR
HG01612	-0.00908573	0.0265188	0.0123105	0.022477	0.00953018	0.00227202	-0.0286744	0.00590714	0.00787546	0.0186157	IBS	EUR
HG01613	-0.0100125	0.0259505	0.0115949	0.0266325	-0.000727849	0.00967788	-0.0155328	0.0126274	0.0302236	-0.00861491	IBS	EUR
HG01615	-0.0095199	0.0283678	0.0089847	0.0218893	0.00634506	0.0159278	-0.00950101	-0.000702757	0.0142069	0.00887652	IBS	EUR
HG01617	-0.00825922	0.0256018	0.0129337	0.0202761	0.0147131	0.00473273	-0.00927185	-0.017903	-0.0355804	-0.00355087	IBS	EUR
HG01618	-0.0100418	0.0253041	0.00946563	0.0189953	0.000801865	0.00240868	-0.00857071	0.000359326	0.015256	-0.00894023	IBS	EUR
HG01619	-0.00975717	0.0265456	0.00855097	0.0205949	0.017101	0.012278	-0.0100761	-0.0164931	-0.0388719	0.0074278	IBS	EUR
HG01620	-0.0109835	0.0255099	0.0104179	0.0222836	0.00454827	0.00605515	-0.0256217	0.000725918	0.0117204	-0.0370903	IBS	EUR
HG01623	-0.00856522	0.0262122	0.0121825	0.0195993	0.00134933	0.00566196	-0.0260963	-0.0135875	-0.0123739	0.020508	IBS	EUR
HG01624	-0.00937235	0.0260793	0.0089135	0.0196386	0.0130324	0.00187185	-0.0217643	0.00148979	0.0191072	0.00775058	IBS	EUR
HG01625	-0.00928355	0.0259794	0.00851056	0.0209468	0.00232866	0.000846984	-0.0279073	-0.0134904	-0.0153821	0.00788813	IBS	EUR
HG01626	-0.00828357	0.0258943	0.0103931	0.0200026	0.00659402	0.000664696	-0.0346705	-0.014334	-0.0107413	0.0123586	IBS	EUR
HG01628	-0.00742745	0.0253354	0.00666504	0.016676	-0.00499677	0.00330328	-0.022374	0.0127434	0.0219462	0.0377142	IBS	EUR
HG01630	-0.00615736	0.0270221	0.0113598	0.0233923	0.0122355	0.012387	-0.0309023	0.0136731	-0.00973962	-0.0042165	IBS	EUR
HG01631	-0.009682	0.0272471	0.00592369	0.015851	0.00697744	0.0018873	-0.0209363	-0.022928	-0.00778054	0.0107348	IBS	EUR
HG01632	-0.0097063	0.0271641	0.0143922	0.0182361	-0.00378775	0.00517546	-0.0197124	-0.0145325	-0.0306755	0.0164143	IBS	EUR
HG01668	-0.00843368	0.0268601	0.00919011	0.0182076	0.00227151	0.015204	-0.0227872	-0.00505886	0.00897829	-0.011304	IBS	EUR
HG01669	-0.00912404	0.0290736	0.0117641	0.015578	0.00260962	0.0067434	-0.0206515	-0.0161597	-0.0263244	-0.00188635	IBS	EUR
HG01670	-0.0102406	0.0289213	0.00705838	0.0197997	0.00310068	0.00072153	-0.0294681	-0.0118774	-0.0173446	0.0304191	IBS	EUR
HG01672	-0.00979592	0.0262798	0.0150866	0.0185381	0.00411862	-0.00359869	-0.00838464	0.00529997	0.0303442	-0.0122017	IBS	EUR
HG01673	-0.00952829	0.0260195	0.0101269	0.0204993	0.00327269	-0.00255637	-0.0304853	-0.000233294	-0.0132373	-0.00812426	IBS	EUR
HG01675	-0.0106584	0.0278812	0.00903555	0.021745	0.0155128	0.00154469	-0.0297309	-0.018895	-0.0125842	0.0128366	IBS	EUR
HG01676	-0.0105978	0.0265256	0.0117963	0.0197178	-0.00390734	0.000636	-0.0207707	-0.00225141	-0.00436847	-0.0143154	IBS	EUR
HG01678	-0.00999595	0.0269108	0.0150162	0.0216491	0.00291855	0.00258874	-0.0133041	0.00850596	0.0181888	0.00782897	IBS	EUR
HG01679	-0.00840352	0.0255622	0.00633924	0.0192726	-0.00263245	0.0122096	-0.0396651	-0.000611256	0.0183565	-0.000365838	IBS	EUR
HG01680	-0.010842	0.0254532	0.0149344	0.0184961	-0.000994728	0.00874125	-0.0146958	-0.00111435	0.0178122	-0.0350332	IBS	EUR
HG01682	-0.0105623	0.0266511	0.0138829	0.0234489	0.00413203	-0.0029747	-0.0259589	0.00938292	0.00322911	-0.00923962	IBS	EUR
HG01684	-0.010182	0.0291082	0.0144843	0.0246992	0.0152228	0.000441285	-0.0164734	-0.0207775	-0.00138197	-0.00850106	IBS	EUR
HG01685	-0.00839922	0.0257716	0.00954285	0.0222212	0.0087743	0.00592472	-0.0384167	-0.0151435	-0.0317906	0.0231587	IBS	EUR
HG01686	-0.0101143	0.0239325	0.00831552	0.0168652	0.0105409	-0.00097683	-0.00407361	-0.00847096	0.00188945	-0.0118071	IBS	EUR
HG01694	-0.00905073	0.0257833	0.0106264	0.0211189	0.0154169	0.0109726	-0.0261597	-0.0166248	-0.0290518	-0.00741831	IBS	EUR
HG01695	-0.00924666	0.026504	0.0105389	0.0150704	0.00438858	-0.00105826	-0.0306996	-0.00436033	-0.000327234	0.00987279	IBS	EUR
HG01697	-0.00889896	0.0266956	0.00946796	0.0180574	0.00323994	-0.000447677	-0.0088783	-0.00513314	-0.00610323	-0.011724	IBS	EUR
HG01699	-0.0087575	0.024783	0.00588876	0.0213799	0.0141498	0.00632944	-0.0464869	0.00937826	0.0126512	0.00723384	IBS	EUR
HG01700	-0.0109092	0.0273732	0.00960244	0.0189258	0.00936101	-0.00331028	-0.0182691	-0.0115288	-0.00841954	-0.0128324	IBS	EUR
HG01702	-0.0108483	0.0254171	0.0105721	0.0208093	0.00960738	-0.00209679	-0.0326354	-0.00414944	0.0322586	-0.024997	IBS	EUR
HG01704	-0.00857774	0.0254542	0.00955479	0.016429	0.0016057	-0.00357718	-0.0134661	-0.0143597	-0.0395482	0.00584709	IBS	EUR
HG01705	-0.0096633	0.0272734	0.0107503	0.020701	0.0102892	0.00968531	-0.027997	-0.0132427	-0.000722458	-0.0080049	IBS	EUR
HG01707	-0.00961762	0.0249996	0.011215	0.0170059	0.0094014	0.00154733	-0.0345111	-0.0102837	-0.00273598	-0.00242439	IBS	EUR
HG01708	-0.00938898	0.025818	0.0078251	0.0177877	0.00891408	0.0101066	-0.0170376	0.00216163	0.0234776	0.000586829	IBS	EUR
HG01709	-0.00963647	0.0264269	0.0119865	0.0245931	0.00207065	-0.000905559	-0.0202771	-0.0103924	-0.0337197	0.00288167	IBS	EUR
HG01710	-0.0100936	0.0263997	0.011205	0.022927	-0.00109316	0.0113892	-0.0230292	-0.0081055	0.0149594	-0.00961206	IBS	EUR
HG01746	-0.0108493	0.027113	0.0105209	0.0223018	0.0129061	-0.00194065	-0.0399972	-0.00203012	0.0184105	0.00325668	IBS	EUR
HG01747	-0.00928699	0.0256284	0.00507101	0.0228123	0.0167775	0.00795749	-0.0337863	0.00614441	-0.00817288	0.0196704	IBS	EUR
HG01756	-0.00981479	0.0276169	0.0110838	0.0189692	-0.00104707	0.00952109	-0.0194739	0.00479904	0.0233683	-0.00610238	IBS	EUR
HG01757	-0.0104145	0.0265916	0.0106899	0.0178696	0.014837	-0.00272078	-0.0139978	-0.00866658	-0.0072476	-0.00707327	IBS	EUR
HG01761	-0.00981822	0.0295005	0.00993107	0.0213371	0.0154008	9.92016e-05	-0.0313116	-0.000265057	0.00308806	0.00157759	IBS	EUR
HG01762	-0.0114686	0.0274763	0.0115558	0.0235481	0.0016627	0.00705821	-0.0054433	-0.00935315	-0.0144465	0.0196315	IBS	EUR
HG01765	-0.00935332	0.0273959	0.0112472	0.0213628	0.00232582	-0.00582466	-0.0152294	0.00226075	0.0139488	0.00313183	IBS	EUR
HG01766	-0.00925079	0.0264508	0.0104614	0.0221543	0.00336744	-0.000859141	-0.0129866	-0.0120988	-0.00665971	0.0418443	IBS	EUR
HG01767	-0.00995266	0.0268068	0.00813338	0.0222087	-0.000522358	0.00865543	-0.0227313	0.00852204	0.0138159	-0.001134	IBS	EUR
HG01768	-0.00922028	0.0248727	0.00743229	0.0199126	-0.00398069	0.00408029	-0.0237112	-0.0087235	-0.0113822	0.0114733	IBS	EUR
HG01770	-0.00956673	0.0278191	0.010177	0.0218286	0.0213221	0.0103448	-0.0404784	-0.00607673	-0.00322331	0.011904	IBS	EUR
HG01771	-0.00919506	0.0283527	0.0106265	0.0197826	0.00765691	0.00482795	-0.0183838	-0.016165	-0.019084	0.00506721	IBS	EUR
HG01773	-0.0102568	0.0286664	0.0106346	0.018565	0.00517057	0.00454958	-0.0194751	0.0073448	0.00862947	0.00224475	IBS	EUR
HG01775	-0.0108843	0.0277765	0.00729582	0.0158111	-0.00536375	0.00475108	-0.0218278	-0.0209131	-0.0194998	-0.0129373	IBS	EUR
HG01776	-0.0106168	0.0253582	0.00840027	0.0145618	0.00463289	-0.0016047	-0.00215414	-0.019476	-0.0337372	0.00764491	IBS	EUR
HG01777	-0.0112599	0.0269188	0.00993441	0.0236847	-0.00795767	-0.00500933	-0.00788179	0.0104355	0.0172213	-0.0201409	IBS	EUR
HG01779	-0.0100448	0.0259948	0.012024	0.0195704	0.00268488	-0.000771183	-0.00927529	-0.00623594	-0.00382145	-0.00150156	IBS	EUR
HG01781	-0.0100602	0.025186	0.0108387	0.0207626	0.00453108	-0.00488877	-0.0279402	-0.00726796	-0.0345883	0.0209654	IBS	EUR
HG01783	-0.00951814	0.026808	0.0116952	0.0183459	0.00175293	0.0173211	-0.02016	-0.0193258	-0.00970961	-0.00076167	IBS	EUR
HG01784	-0.0110592	0.0265004	0.0140572	0.0155599	0.00085424	0.000640898	-0.011587	-0.00244319	-0.0125517	-0.00449137	IBS	EUR
HG01785	-0.0104048	0.0266857	0.00650564	0.0170242	0.00144634	-0.00262468	-0.00817805	0.00511527	0.00365094	-0.00859399	IBS	EUR
HG01786	-0.0109282	0.0253193	0.0117394	0.0163944	0.00918075	0.00311687	-0.0247248	-0.00272217	0.00349348	-0.0264391	IBS	EUR
HG01789	-0.0106444	0.0258256	0.0103204	0.0161247	-0.00172515	-0.0112363	0.0042232	-0.00427201	-0.00300385	0.0160722	GBR	EUR
HG01790	-0.0119345	0.026171	0.010147	0.0180088	-0.00613334	-0.00944333	0.0116202	-0.00129454	0.0104008	0.00233535	GBR	EUR
HG01791	-0.0114105	0.0271568	0.0124336	0.0146638	-0.0134031	0.00594668	0.0173341	0.00267459	0.00775942	-0.0195349	GBR	EUR
HG01794	-0.0154577	-0.0343019	0.00542816	0.0187893	0.0402898	0.00540533	0.011417	-0.00183332	-0.0210035	0.0152455	CDX	EAS
HG01795	-0.0151386	-0.0346149	0.00440428	0.0147309	0.0516303	0.00622724	0.0111964	0.00311587	0.00753546	0.0170328	CDX	EAS
HG01796	-0.0156798	-0.0350802	0.00119179	0.0218402	0.0473522	0.00534204	-0.00119558	0.0117498	0.0331795	-0.0231411	CDX	EAS
HG01797	-0.0156671	-0.0311579	0.00248966	0.0170824	0.0596004	0.00026855	0.0194378	-0.000593188	-0.0218887	0.0408287	CDX	EAS
HG01798	-0.0156114	-0.033658	0.00303399	0.0104467	0.000122185	-0.00547743	0.00124051	-0.00292342	0.00701922	-0.0152789	CDX	EAS
HG01799	-0.0159559	-0.0336085	0.00178997	0.0164482	0.0256971	-0.000510941	0.00446875	-0.0147639	-0.0178638	0.0153108	CDX	EAS
HG01800	-0.0146634	-0.0335354	0.0029371	0.0151508	0.0383461	0.00308919	0.00116816	0.000900507	0.00751236	0.004908	CDX	EAS
HG01801	-0.0143964	-0.0344399	0.00187255	0.0176258	0.0635015	0.00652994	0.0171856	-0.00909952	-0.0226808	-0.00230894	CDX	EAS
HG01802	-0.0152238	-0.0342975	0.00185338	0.0229353	0.0385813	0.00442535	0.0080224	0.0150159	0.0282105	0.00767759	CDX	EAS
HG01804	-0.0160004	-0.03212	0.00127221	0.0122246	0.0379375	-0.00106335	0.00892425	0.000893679	-0.000128369	-0.0175508	CDX	EAS
HG01805	-0.0158878	-0.0334613	0.00425856	0.0181805	0.0416964	-0.0012945	0.00990807	0.0156252	0.00523454	-0.0143612	CDX	EAS
HG01806	-0.0156468	-0.0343866	0.00593166	0.0181701	0.0465689	0.00477562	0.0130767	-0.0106779	-0.0225755	0.00945412	CDX	EAS
HG01807	-0.0153023	-0.0342296	0.00157765	0.0187013	0.0488378	0.00108799	0.0108136	0.00030426	1.31833e-05	0.0230158	CDX	EAS
HG01808	-0.0158748	-0.0331131	0.00278409	0.0164819	0.0492077	0.00282913	0.00245975	0.00103594	0.00380099	-0.000975537	CDX	EAS
HG01809	-0.014631	-0.0330341	-0.00108792	0.0168014	0.0605462	-0.000852713	0.015659	-0.0130367	-0.0245284	-0.00680044	CDX	EAS
HG01810	-0.0149096	-0.0336792	0.00392527	0.0106329	0.0481791	0.00316682	0.0152166	0.0119097	0.0213332	-0.0100107	CDX	EAS
HG01811	-0.0159895	-0.0359749	0.00343555	0.0160683	0.0415107	0.00444584	0.0173989	-0.0040356	-0.028182	-0.00109277	CDX	EAS
HG01812	-0.0150521	-0.0340438	0.00415584	0.0132246	0.0395591	0.00998355	0.011752	-0.0022159	0.0108494	0.00993918	CDX	EAS
HG01813	-0.0147536	-0.0329912	-0.000287303	0.014846	0.0344992	0.00398545	0.00938703	-0.00582647	-0.0201414	0.0279546	CDX	EAS
HG01815	-0.0150871	-0.0331631	0.00432265	0.0179645	0.0398552	0.00902366	0.00288358	-0.0119668	-0.00384245	-0.00703173	CDX	EAS
HG01816	-0.0156213	-0.0353281	0.00327688	0.0191548	0.050437	0.00503836	0.0243143	0.00636653	-0.00485023	0.019105	CDX	EAS
HG01817	-0.0147401	-0.0341699	0.000157356	0.0173171	0.0434498	0.00345798	0.0086177	-0.00463389	-0.0162898	0.0177496	CDX	EAS
HG01840	-0.0152859	-0.0331076	0.000122273	0.0126654	0.03217	0.00111731	0.00617844	0.0195546	0.0259424	0.00220616	KHV	EAS
HG01841	-0.0155904	-0.0345465	0.00235839	0.01536	0.0319305	0.000309882	0.0131823	-0.0154514	-0.025204	0.0124287	KHV	EAS
HG01842	-0.0158648	-0.0320355	-0.000997093	0.0149878	0.0317243	-0.00495815	0.00454443	0.00397477	0.00556476	0.0159017	KHV	EAS
HG01843	-0.0155289	-0.0328881	0.00563189	0.0127564	0.0326579	0.00518007	-0.000519278	0.00125426	0.00545562	-0.00408831	KHV	EAS
HG01844	-0.0147054	-0.0328042	0.00322167	0.0178875	0.0466883	0.00430397	0.00381936	0.00677793	-0.00194757	0.00301541	KHV	EAS
HG01845	-0.0150378	-0.0323914	0.0021818	0.0132326	0.0305855	0.00371307	0.00194189	0.00322832	0.0158118	0.00895301	KHV	EAS
HG01846	-0.0157133	-0.0313573	0.00323974	0.0110126	0.0374985	-0.00352787	0.00657486	0.00157337	-0.0108019	0.0108678	KHV	EAS
HG01847	-0.0147	-0.0311474	0.00287894	0.00874745	0.040888	-0.000800972	0.0150722	-0.0119218	-0.0230437	0.00526729	KHV	EAS
HG01848	-0.0143184	-0.0336404	0.00312001	0.0140347	0.0296404	1.94563e-05	0.00540581	-0.0100877	-0.0162296	0.0075976	KHV	EAS
HG01849	-0.0150371	-0.0334121	0.00156219	0.0180389	0.0452315	0.00108752	0.0129539	0.00787557	0.00763309	-0.00469448	KHV	EAS
HG01850	-0.0147489	-0.0318837	0.00220093	0.0138593	0.0366719	0.00536208	0.01613	0.00542844	0.0101824	-0.00776704	KHV	EAS
HG01851	-0.0150153	-0.0334925	0.00328202	0.0172266	0.0438284	0.000340927	0.00779635	-0.00291443	0.00817163	-0.0236176	KHV	EAS
HG01852	-0.0159186	-0.0347131	-0.00227305	0.0164001	0.035586	-0.000377594	0.0104014	0.0115445	0.00308253	0.0165625	KHV	EAS
HG01853	-0.0157247	-0.0316743	0.00282465	0.0167954	0.0202967	0.00272095	0.00772068	0.00590948	0.00176566	-0.0102772	KHV	EAS
HG01855	-0.0151008	-0.0334576	0.000871159	0.0187276	0.0306891	0.00706088	0.00640089	0.00552586	0.00603232	-0.0179134	KHV	EAS
HG01857	-0.0155644	-0.0339159	-0.00101799	0.0141415	0.0281955	-0.00414443	0.00532598	0.0066354	0.0136955	0.0179567	KHV	EAS
HG01858	-0.0143022	-0.0335209	0.000385968	0.0201111	0.035767	0.00592759	0.0106686	0.0165972	-0.00188798	0.00161646	KHV	EAS
HG01859	-0.0151346	-0.0352848	0.00411097	0.0157405	0.0284623	-0.00262153	0.000616665	-0.00241475	-0.0136904	0.0307293	KHV	EAS
HG01860	-0.016287	-0.0339474	0.00385109	0.0142488	0.029188	0.000739746	0.00843907	0.0108808	0.0205445	0.00945224	KHV	EAS
HG01861	-0.0146104	-0.0305649	0.000673475	0.0160733	0.030329	-0.00291284	0.0108575	-0.00323329	0.0054617	-0.0128609	KHV	EAS
HG01862	-0.0152071	-0.0336315	0.00421325	0.0182914	0.0467169	0.0104819	0.00755103	0.00439348	0.00436254	0.0206797	KHV	EAS
HG01863	-0.0161399	-0.0342983	0.00396969	0.0150276	0.0325617	0.00478468	0.0148903	0.0108834	0.0136184	-0.00141083	KHV	EAS
HG01864	-0.0151542	-0.0312724	0.000433853	0.0153856	0.0346001	0.00509572	0.0083874	-0.011362	-0.00253732	0.00712324	KHV	EAS
HG01865	-0.0155212	-0.0359189	0.00155774	0.0189471	0.029606	-0.00158388	0.0113855	0.0162335	0.0149375	0.0103982	KHV	EAS
HG01866	-0.0152491	-0.0326008	0.00371622	0.0141901	0.0440821	0.000894952	0.00773692	-0.0167249	-0.0224845	-0.00331775	KHV	EAS
HG01867	-0.0150179	-0.0334805	0.0039761	0.0141565	0.0197152	-0.0053197	0.0126246	-0.0188627	-0.0159505	0.00592017	KHV	EAS
HG01868	-0.0162244	-0.0316265	0.00416344	0.0132189	0.0427703	0.00671854	0.014177	0.0131093	0.0292522	-0.0285638	KHV	EAS
HG01869	-0.0152799	-0.0345626	0.00539449	0.0183977	0.0417933	0.0016221	0.0103428	0.00812628	0.0118384	-0.0132009	KHV	EAS
HG01870	-0.0154654	-0.0341052	0.00792175	0.0148537	0.0431365	-0.000688505	0.0100379	-0.016216	-0.0181257	-0.0140401	KHV	EAS
HG01871	-0.0148857	-0.0331008	0.00337976	0.0142992	0.0327161	0.0031989	0.00394052	-0.000304122	0.00291656	-0.0146854	KHV	EAS
HG01872	-0.0163748	-0.0333097	0.00497546	0.0152836	0.0279012	0.00131146	0.00906225	-0.00980755	-0.0250035	0.00649627	KHV	EAS
HG01873	-0.0155333	-0.0327861	0.00227561	0.0136606	0.0369664	0.00167344	0.0182388	-0.00488948	0.0039888	0.0149775	KHV	EAS
HG01874	-0.0152689	-0.0300863	0.000457593	0.0157639	0.0335983	0.00117061	0.0117425	-0.00825154	0.0098938	0.0303315	KHV	EAS
HG01878	-0.015125	-0.0332757	0.00501737	0.0177196	0.0397229	-0.00314899	0.0157709	0.0234659	0.0285693	-0.0102924	KHV	EAS
HG01879	0.0235022	-0.00093823	0.00117623	0.00376279	-0.00304643	0.00779018	0.012848	0.00159879	0.0238499	-0.03393	ACB	AFR
HG01880	0.012956	-0.000133664	-0.0111098	-0.00793213	0.00602018	-0.0137992	0.0119363	-0.0166907	0.0134595	0.0383742	ACB	AFR
HG01882	0.0304307	-0.00199801	0.00174233	0.00261472	-0.00281663	0.00466354	0.0148198	-0.020662	0.0404351	-0.0269842	ACB	AFR
HG01883	0.0263845	0.0013755	0.00151076	0.00468845	0.0062447	0.00787551	0.0044248	-0.0148892	-0.0270909	-0.0153383	ACB	AFR
HG01885	0.0344845	-0.0046073	0.00162885	-0.00054848	0.00996796	-0.00699294	0.00109653	-0.0104551	-0.0240135	-0.0135068	ACB	AFR
HG01886	0.0301278	-0.00157282	0.00201415	-0.000156028	8.08621e-05	0.0165587	0.000695886	-0.0109057	0.013018	-0.00997368	ACB	AFR
HG01889	0.0345575	-0.00498749	-0.00149292	0.00133502	-0.00368177	-0.00911911	-0.00105633	-0.00971176	0.0150352	0.0056337	ACB	AFR
HG01890	0.0328116	-0.0027733	-0.00259465	-0.000882683	-0.000619357	-0.00160936	0.00911158	0.0103549	0.0376788	0.015874	ACB	AFR
HG01892	-0.0139579	-0.00562212	0.0428573	-0.0770177	0.0122731	-0.00142771	0.0170895	0.00253639	0.00675402	0.0260805	PEL	AMR
HG01893	-0.0121929	-0.000432758	0.0413612	-0.0614675	0.00164183	0.00562439	-0.00743865	-0.000895371	0.0201903	-0.0109323	PEL	AMR
HG01894	0.0313526	-0.00188361	0.00161576	0.00152089	0.00215348	0.00787728	-0.00240031	-0.00148017	0.0147524	0.00692716	ACB	AFR
HG01896	0.0360986	-0.00466009	-0.00102503	-0.000799208	-0.0053938	0.0192842	0.018468	-0.0140406	0.000798168	-0.0305357	ACB	AFR
HG01912	0.0237153	0.0037781	0.00231183	0.00414161	0.00847545	-0.00898017	0.00577481	-0.0132477	0.0618212	0.0447659	ACB	AFR
HG01914	0.0250509	0.00337087	0.00243935	0.00291205	-0.013313	-0.00368699	0.0127979	-0.0232364	0.0301131	0.0137199	ACB	AFR
HG01915	0.0295816	0.000113751	-0.000637642	0.00415681	-0.0033638	0.00239761	0.00334196	-0.00259616	0.0443449	0.00787001	ACB	AFR
HG01917	-0.0136217	-0.00304579	0.0442317	-0.070152	0.0135071	0.00111402	-0.00369014	-0.0138444	-0.0287001	-0.0232206	PEL	AMR
HG01918	-0.0140575	-0.000165312	0.0434822	-0.0683138	0.00927213	-0.0012956	0.00205426	-0.00473404	-0.00324211	0.00276692	PEL	AMR
HG01920	-0.0140828	-0.00650387	0.0464845	-0.077361	0.00329791	0.00233261	-0.0050056	-0.010841	-0.0185229	0.0212462	PEL	AMR
HG01921	-0.0134542	0.00249573	0.04274	-0.052617	0.00223984	0.00134295	0.00431648	-0.00470845	-0.0114645	0.028037	PEL	AMR
HG01923	-0.0162848	-0.0109586	0.0555275	-0.0934322	0.00815151	-0.00451802	0.0237376	0.00670085	0.00858247	0.0057846	PEL	AMR
HG01924	-0.0133749	-0.0105249	0.0370243	-0.0635491	-0.00459596	0.00225856	0.00100873	-0.00825808	-0.0223826	-0.00524753	PEL	AMR
HG01926	-0.0160138	-0.0141379	0.0586409	-0.0991632	0.00147982	-0.00529409	0.0109667	0.00989677	0.00748051	0.0026295	PEL	AMR
HG01927	-0.0150052	-0.00752939	0.0475238	-0.0764008	0.00830024	0.000231334	0.0144491	-0.0157057	-0.0234933	-0.0209599	PEL	AMR
HG01932	-0.0138968	-0.00147107	0.0462294	-0.0680906	0.00906659	0.00811616	-0.0029922	-0.00102729	-0.0066848	-0.000583335	PEL	AMR
HG01933	-0.0137123	-0.00725905	0.048341	-0.072505	0.00439549	0.00133941	0.0137842	0.00328312	-0.00402414	-0.00884846	PEL	AMR
HG01935	-0.0130531	-0.00164675	0.0444685	-0.0717032	0.00441495	0.00256497	-0.00631408	0.0103309	0.00567482	0.00747765	PEL	AMR
HG01936	-0.0125198	-0.00221084	0.043291	-0.0717469	0.0140669	-0.00404353	0.0101614	0.0115206	0.0032608	0.0341883	PEL	AMR
HG01938	-0.0155037	-0.0142615	0.0585076	-0.0987034	0.00534613	-0.000921167	0.0227611	0.000454312	-0.0150654	0.017716	PEL	AMR
HG01939	-0.0145613	-0.00707449	0.0490267	-0.0902508	0.0160534	0.00822897	0.016395	-0.00160865	0.0032482	0.00577272	PEL	AMR
HG01941	-0.0133998	-0.00739054	0.047878	-0.081018	0.0128124	-9.5646e-05	0.0149959	0.0111787	-0.000274466	-0.00595159	PEL	AMR
HG01942	-0.0126402	-0.00732267	0.0489973	-0.0907818	0.00548361	-0.00510933	0.000260868	0.00952821	0.00977552	0.0168533	PEL	AMR
HG01944	-0.0124419	-0.0072649	0.0253562	-0.0333464	0.010281	0.0100284	-0.00287789	0.00370825	0.0081033	0.0123351	PEL	AMR
HG01945	-0.0156434	-0.00268913	0.0482475	-0.0768819	-0.00137867	-0.0023802	0.00784339	-0.0160461	-0.019356	0.000925469	PEL	AMR
HG01947	-0.0136062	0.00147113	0.0382886	-0.0520828	0.00719542	-0.00451638	0.00860489	-0.0119283	0.00427177	0.00187229	PEL	AMR
HG01948	-0.00573868	-0.0106498	0.0308011	-0.0575013	0.0144635	0.00225256	0.00228467	0.0146361	0.0258353	-0.0123474	PEL	AMR
HG01950	-0.0130303	-0.000913392	0.0436857	-0.0699889	0.0137616	-0.00297898	0.00884724	0.00139208	-0.00336125	0.0328578	PEL	AMR
HG01951	-0.0132703	-0.0137354	0.0486376	-0.0889333	0.00530101	0.00231833	0.0131243	0.00204318	0.0221447	-0.0130209	PEL	AMR
HG01953	-0.0140269	-0.01031	0.0522261	-0.0906134	0.006242	0.00539403	0.00527693	0.00337012	-0.00528189	-0.0153621	PEL	AMR
HG01954	-0.0152727	-0.0060088	0.0512185	-0.0858309	-0.000446029	-0.00679086	0.00659883	0.00807142	0.0291121	-0.0114989	PEL	AMR
HG01956	0.0320519	-0.00218607	0.000806835	0.000186227	-0.00729143	0.0162462	0.00933981	-0.034057	-0.00523621	-0.00765434	ACB	AFR
HG01958	0.0315234	-0.00132112	0.00344878	0.00502229	-0.00489632	0.00847023	0.0102139	-0.0383325	-0.0135799	-0.000744876	ACB	AFR
HG01961	-0.0153355	-0.01346	0.0574313	-0.0943345	-0.00944981	-0.000798969	0.015452	-0.00692832	-0.00972426	-0.00836289	PEL	AMR
HG01965	-0.0119355	0.000473916	0.0357834	-0.0520409	0.015038	0.0055353	-0.00349562	0.00430429	-0.027474	0.0215334	PEL	AMR
HG01967	-0.0121645	0.0119342	0.0250657	-0.0273028	0.00143721	0.00552395	-0.00408433	-0.0078407	-0.0287087	0.0104023	PEL	AMR
HG01968	-0.0163124	-0.0144061	0.053235	-0.0934996	-0.00206673	-0.00594849	0.0222982	-0.011083	-0.0186915	0.00407204	PEL	AMR
HG01970	-0.0151071	-0.00606857	0.0502077	-0.0825124	0.000833064	-0.00632548	0.03055	-0.00832045	-0.0184267	0.0130805	PEL	AMR
HG01971	-0.00845798	0.00152969	0.0303816	-0.0373551	0.0015699	-0.00166011	-0.0112426	-0.0143782	-0.0207713	0.0411935	PEL	AMR
HG01973	-0.00940348	-0.00939629	0.0467832	-0.0859497	0.0102725	-0.00881999	0.0103226	-0.0237273	-0.0110986	0.0399817	PEL	AMR
HG01974	-0.0151809	-0.00987389	0.0468382	-0.082392	-0.0101906	0.000839861	0.0183719	0.00813537	0.00486742	-0.004874	PEL	AMR
HG01976	-0.0147241	-0.00183255	0.0453057	-0.0722406	0.0148134	0.00325479	0.0218036	0.0131064	0.0216998	-0.0192309	PEL	AMR
HG01977	-0.0145265	-0.00325556	0.0448369	-0.0703176	-0.00338129	0.00551958	0.012731	0.00262089	-0.00687209	0.0177748	PEL	AMR
HG01979	-0.0149293	-0.00355766	0.0466649	-0.0782427	0.00634358	-0.00421088	0.00958089	-0.00181818	0.00609241	-0.000462643	PEL	AMR
HG01980	-0.00837754	0.00112258	0.0309989	-0.0486789	0.0207709	0.00852713	-0.0142824	-0.0030413	0.0115541	0.0299759	PEL	AMR
HG01982	-0.0133833	-0.00123512	0.0403815	-0.0600111	0.0062466	0.00338027	-0.00224064	-0.0147283	-0.022342	-0.0227557	PEL	AMR
HG01985	0.0303273	-1.01859e-05	0.000537493	0.00365231	0.00708575	0.00210071	0.0136786	-0.0111196	-0.00869997	0.0278067	ACB	AFR
HG01986	0.0320635	-0.00364807	0.00391166	0.000408849	-0.00352183	0.00440835	-0.00154287	-0.0191725	0.00322512	-0.00659316	ACB	AFR
HG01988	0.00825778	0.0148174	0.00614814	0.00935078	-0.00760505	-0.00348495	0.00405129	0.00945703	-0.0248393	0.0214588	ACB	AFR
HG01989	0.0270697	0.00136196	0.00235828	0.0022989	0.00677265	-0.00032763	-0.00359883	-0.0137808	-0.0117657	-0.0222553	ACB	AFR
HG01990	0.0333482	-0.00266289	-0.00148953	0.000624242	0.00309555	-0.0164032	0.00395908	-0.00407672	0.00661752	0.00493415	ACB	AFR
HG01991	-0.0128084	-0.0021335	0.0404669	-0.056568	0.000376977	0.00621156	-3.82602e-05	0.00850272	0.0190316	0.00446599	PEL	AMR
HG01992	-0.0151181	-0.0080564	0.0559474	-0.092994	0.00307889	-0.00187865	0.0157279	0.00880738	0.00444421	0.00167289	PEL	AMR
HG01997	-0.015959	-0.0111777	0.054335	-0.0936499	0.00600628	-0.00440632	0.0207977	-0.00430193	-0.000769992	-0.00394677	PEL	AMR
HG02002	-0.0153649	-0.00455404	0.0465088	-0.078049	0.00025726	-0.000843657	0.000364906	0.00453951	0.0216926	0.00254001	PEL	AMR
HG02003	-0.0148342	-0.0095715	0.0572558	-0.0959582	0.00037702	-0.00198537	0.00950848	-0.00123684	-0.000686924	-0.000476077	PEL	AMR
HG02006	0.00603614	-0.00179164	0.0200239	-0.0262286	-0.000111259	-0.00312164	-0.00864344	-0.0118372	-0.0242294	-0.0101771	PEL	AMR
HG02008	-0.0126453	-0.00243985	0.0359784	-0.0595899	0.0155227	0.000764791	0.00775947	-0.0139726	-0.0306583	0.00667222	PEL	AMR
HG02009	0.0349004	-0.00263404	0.000842356	-0.00235211	0.00294092	0.00872874	0.00779172	-0.0306261	-0.0162643	-0.0272144	ACB	AFR
HG02010	0.0314295	-0.00277741	0.00286635	-0.0059869	-0.00403177	0.00267796	0.0173576	-0.00596586	0.0104818	-0.00210016	ACB	AFR
HG02012	0.0346269	-0.00265811	0.00155427	0.00302978	-0.00308928	0.00898575	0.00483063	0.0029571	0.00802278	0.00398407	ACB	AFR
HG02013	0.0277181	-0.000494859	0.000589021	0.00575655	-0.00796441	0.00918147	0.0113899	-0.00369871	0.00984387	-0.0102518	ACB	AFR
HG02014	0.0302942	-0.000747356	0.000813959	0.00129668	-0.00302997	-0.000765941	0.00029766	-0.0132478	0.0294625	0.00390993	ACB	AFR
HG02016	-0.0150786	-0.0306454	-0.00110253	0.0166144	0.028392	0.00963908	0.0025781	-0.00290505	-0.0233989	0.0393232	KHV	EAS
HG02017	-0.014911	-0.0319051	0.00178292	0.0132232	0.0337401	0.00373179	0.00872716	0.00355993	-0.00200251	-0.00473342	KHV	EAS
HG02019	-0.0148544	-0.0342656	0.00556525	0.0162724	0.0245699	0.000706078	0.00341035	0.0107876	0.0113854	-0.0136333	KHV	EAS
HG02020	-0.0157294	-0.0327554	0.0030945	0.0110028	0.0339984	0.00148193	0.0162925	-0.00307664	-0.0260961	0.0133516	KHV	EAS
HG02023	-0.0150936	-0.0337009	0.00395839	0.0160251	0.040445	0.00898969	0.00163517	-0.00429978	-0.0269538	0.0195321	KHV	EAS
HG02025	-0.015184	-0.0334475	0.00496008	0.0165808	0.0452924	0.00819598	0.00658058	-0.0114881	-0.028896	-0.0117703	KHV	EAS
HG02026	-0.0147436	-0.0317181	0.00322049	0.0146247	0.0294484	0.00100047	0.0113243	0.00722683	0.00430906	-0.0278399	KHV	EAS
HG02028	-0.0150069	-0.0331932	0.00507275	0.0182085	0.0378202	0.00412385	0.00195857	0.0110102	0.00699836	-0.00813286	KHV	EAS
HG02029	-0.0153704	-0.0334516	0.00491369	0.0177074	0.0159321	0.00458139	3.73884e-05	0.0233143	0.0220979	0.0186293	KHV	EAS
HG02031	-0.016104	-0.0349517	0.00439807	0.0159644	0.0475586	-0.00803638	0.0173076	0.00273713	0.00975424	-0.0170668	KHV	EAS
HG02032	-0.0156277	-0.0336058	0.00540304	0.0154498	0.0258982	0.00041165	0.00852711	-0.0048103	0.00453262	-0.0281511	KHV	EAS
HG02035	-0.0154236	-0.0329136	0.0063658	0.015674	0.0294536	0.00037019	0.0094376	-0.00983193	-0.028358	0.00296446	KHV	EAS
HG02040	-0.0156465	-0.0328043	0.00356407	0.0130069	0.0383285	0.00185951	-0.00345184	0.00519006	0.0298317	-0.0282048	KHV	EAS
HG02047	-0.0158271	-0.0333341	0.00296376	0.0159276	0.040264	-0.000570048	0.0102702	0.0229558	0.0209801	0.0170312	KHV	EAS
HG02048	-0.0158241	-0.0306259	0.00200979	0.0113198	0.022785	0.00294285	0.00400901	-0.013892	-0.0118713	-0.00497388	KHV	EAS
HG02049	-0.0149003	-0.0333472	0.00093088	0.0190154	0.0176884	0.000682556	0.00536229	0.00595066	0.0135396	-0.0231561	KHV	EAS
HG02050	-0.0150776	-0.033814	-0.000156412	0.0157396	0.043659	0.00127223	0.0130944	0.02129	0.030333	-0.0202923	KHV	EAS
HG02051	0.0314194	-0.00195201	0.00424137	0.000410433	-0.0030788	-0.0023985	0.00583634	-0.0193016	-0.0103243	-0.000947641	ACB	AFR
HG02052	0.0321809	-0.00203642	0.00130748	-0.00160356	0.00365202	-0.0087934	0.0100861	-0.0303828	-0.00506759	-0.0043999	ACB	AFR
HG02053	0.032201	-0.00360364	0.000547186	0.00151275	0.00473346	0.000912865	0.0119521	-0.0155425	-0.00231945	0.0171792	ACB	AFR
HG02054	0.0268787	0.00168708	0.00482843	0.00243594	0.00221674	0.025687	0.00754602	-0.0185421	-0.00500076	-0.0606621	ACB	AFR
HG02057	-0.0149886	-0.0343015	-0.000709464	0.0174892	0.0492646	0.00135088	0.0170128	-0.00982201	-0.0252962	0.0181969	KHV	EAS
HG02058	-0.0150531	-0.033063	0.00407236	0.0141335	0.0234974	0.00196027	0.010491	0.0239204	0.0277228	-0.00806072	KHV	EAS
HG02060	-0.0155661	-0.0320746	0.000536671	0.0181932	0.0368575	0.000864074	0.0100153	-0.00282299	-0.0150054	-0.0011226	KHV	EAS
HG02061	-0.0149452	-0.0292874	0.0023708	0.0120164	0.0307561	0.0091599	0.00992766	-0.00510222	-0.00703641	0.0304481	KHV	EAS
HG02064	-0.0151441	-0.0314639	0.000983684	0.0177911	0.0281334	-0.000319736	0.0085048	-0.00651518	-0.0207588	0.0305086	KHV	EAS
HG02067	-0.0154746	-0.0315853	0.00349352	0.0166876	0.039379	-0.00591562	0.0056459	-0.0193372	-0.0324632	-0.0157025	KHV	EAS
HG02069	-0.0155379	-0.0329677	0.0016647	0.0146004	0.0442383	0.00851853	0.0189069	0.000490416	0.00614735	0.00141467	KHV	EAS
HG02070	-0.014974	-0.0318137	0.00430558	0.0152514	0.0296508	-0.000283625	0.00938812	0.0012341	-0.00168958	-0.0187129	KHV	EAS
HG02072	-0.014948	-0.0326454	0.000367135	0.0148265	0.0411501	0.00560591	0.0166606	-0.016915	-0.0325911	-0.00271496	KHV	EAS
HG02073	-0.0150326	-0.031925	0.00667309	0.0133183	0.0378552	0.00252276	0.0130029	0.0160822	0.0218006	-0.0174074	KHV	EAS
HG02075	-0.0157682	-0.0347361	0.00298433	0.0164069	0.0224461	-0.000781929	0.0203394	-0.00669059	-0.00104779	-0.0193521	KHV	EAS
HG02076	-0.0159226	-0.0347819	0.00276999	0.0176379	0.0306888	8.93511e-05	0.0136486	-0.0057834	-0.0215602	-0.00719125	KHV	EAS
HG02078	-0.0153901	-0.0322035	0.00216511	0.0124992	0.0397225	-0.00642089	0.0112589	0.00342548	0.000278578	-0.0147639	KHV	EAS
HG02079	-0.0154785	-0.0357112	0.00188805	0.0184689	0.050595	0.0026593	0.0159825	-0.00448088	-0.0198913	0.0136849	KHV	EAS
HG02081	-0.0152328	-0.0321738	0.00697155	0.0179721	0.0452965	0.00695378	0.0145608	-0.00266669	-0.0196241	-0.0200522	KHV	EAS
HG02082	-0.0151514	-0.0340719	0.00279271	0.01526	0.0157268	0.00145828	0.000576804	-0.00316921	0.00776371	-0.0121556	KHV	EAS
HG02084	-0.0151944	-0.0332305	0.00287134	0.0157149	0.0552699	-0.000415487	0.0087395	-0.017045	-0.0268089	0.0114198	KHV	EAS
HG02085	-0.0148768	-0.0320031	0.00200468	0.0173631	0.0366976	-0.000464716	0.0135311	0.0152294	0.0269478	-0.0255391	KHV	EAS
HG02086	-0.0154092	-0.0322839	0.00196104	0.0181646	0.0430518	-0.00360081	0.0131532	0.00809273	0.00976161	0.0291184	KHV	EAS
HG02087	-0.0151804	-0.0339124	0.00498672	0.0204114	0.0342009	0.00243366	0.0138522	-0.00528266	-0.0172904	0.0225245	KHV	EAS
HG02088	-0.0161123	-0.0324519	0.00358099	0.0136053	0.0305942	-0.00379857	0.015301	0.00651011	-0.000151613	-0.0159598	KHV	EAS
HG02089	-0.0128726	0.00278682	0.0343219	-0.0486908	0.0136446	0.00614126	-0.00699668	-0.00329479	-0.00777389	-0.00640279	PEL	AMR
HG02090	-0.0119457	-0.00327958	0.0422258	-0.0620476	0.0100652	0.00235627	0.00395859	-0.00153167	-0.0181797	0.0252187	PEL	AMR
HG02095	0.0335097	-0.00420295	-0.00138229	0.000377528	0.00384029	-0.0112734	0.0088868	-0.0192715	-0.0232012	0.0311657	ACB	AFR
HG02102	-0.0148454	-0.00833433	0.0502834	-0.0833611	0.00756544	-0.00357435	0.0228067	0.0108815	0.00423395	0.00474472	PEL	AMR
HG02104	-0.0144573	-0.00698413	0.0482822	-0.0817489	-0.00217185	0.00408757	0.00108796	0.0103786	0.0164425	0.00996292	PEL	AMR
HG02105	-0.0149776	-0.00895462	0.048181	-0.0849277	0.0208841	-0.00222067	0.0227436	0.0130618	0.00499892	-0.00442575	PEL	AMR
HG02107	0.0360985	-0.00427214	0.000747232	0.00129	0.00145044	-0.0149006	0.00673219	-0.0511754	0.00733148	0.00265284	ACB	AFR
HG02108	0.0230495	0.00333782	0.00457103	0.00221574	0.00273307	-0.000251121	0.00283435	0.0200341	0.0221027	0.0242424	ACB	AFR
HG02111	0.0323741	-0.00279169	-0.00184742	0.00100022	-0.00498594	0.00976228	-0.00278884	-0.0206175	0.00195544	-0.00548636	ACB	AFR
HG02113	-0.0154136	-0.0333785	0.00228018	0.0165354	0.050376	0.00665196	0.00835182	-0.0116987	-0.0269437	0.0135895	KHV	EAS
HG02116	-0.0155332	-0.0313731	0.00344063	0.0158178	0.0381191	0.00339098	0.0111837	0.00347629	0.00301386	0.00215284	KHV	EAS
HG02121	-0.0154122	-0.0350239	0.00472899	0.018295	0.0408152	0.00228407	0.0179829	-0.00829871	-0.0250681	0.0234387	KHV	EAS
HG02122	-0.0157385	-0.0340996	0.00541256	0.0174181	0.0183526	-0.00862198	0.00238478	-0.0114921	0.00400155	-0.0186029	KHV	EAS
HG02127	-0.0150551	-0.0317155	-0.000623655	0.0172106	0.0344657	0.00167867	0.0161213	0.00307504	-0.0107616	-0.0112299	KHV	EAS
HG02128	-0.0147098	-0.033215	0.000427872	0.0129275	0.0409642	0.00199261	0.00910095	-0.00987038	-0.0143214	0.00980694	KHV	EAS
HG02130	-0.0148463	-0.0314865	0.00136164	0.0132759	0.0481459	0.0073874	0.0116231	-0.00324469	0.0046287	-0.00961093	KHV	EAS
HG02131	-0.0144286	-0.0303017	0.00290864	0.0162728	0.0262401	-0.00119265	0.0150198	-0.00685496	-0.0203232	0.007191	KHV	EAS
HG02133	-0.0149953	-0.0327341	0.00480743	0.0127337	0.0451307	0.00897539	0.0127446	0.0197868	0.0224587	-0.0240627	KHV	EAS
HG02134	-0.0148052	-0.0338929	0.00235458	0.015974	0.0451967	0.00545677	0.0208603	0.00357729	-0.0168357	0.0194551	KHV	EAS
HG02136	-0.0144175	-0.0324462	0.00184798	0.0185129	0.0294774	0.0033564	0.00549906	-0.016425	-0.026013	-0.00831047	KHV	EAS
HG02137	-0.0157339	-0.032572	0.00266121	0.0131122	0.0393267	0.00529422	0.00722083	0.0167273	0.0285643	-0.0331631	KHV	EAS
HG02138	-0.0158661	-0.0328953	0.00373484	0.0143263	0.0286258	-0.000392937	0.0109687	-0.0106071	-0.0208689	0.00338189	KHV	EAS
HG02139	-0.0154308	-0.0342126	0.00396453	0.0176051	0.0306183	0.00136267	0.0138021	0.00355536	0.0234961	0.00691551	KHV	EAS
HG02140	-0.0155427	-0.0324663	0.00160685	0.0130001	0.0412934	5.14804e-05	0.00746962	-0.00790311	-0.0143626	0.0401242	KHV	EAS
HG02141	-0.0147862	-0.0342834	-0.000530396	0.0184119	0.0369685	0.00397362	0.0120695	0.0089786	-0.0111065	0.0340142	KHV	EAS
HG02142	-0.0147389	-0.0250904	0.000703934	0.0168568	0.0396184	-0.00356038	0.00986742	0.0216875	0.0359097	0.000378571	KHV	EAS
HG02143	0.0331955	-0.00270237	-0.00060694	0.00165939	-0.00015151	0.0120035	-0.001788	-0.0311204	0.0299966	0.0168257	ACB	AFR
HG02144	0.0327606	-0.00225138	0.00168449	-0.00289574	0.00128858	-0.0132708	0.00664085	0.0277588	0.0684634	0.0546447	ACB	AFR
HG02146	-0.0146099	0.000323133	0.0400235	-0.0620006	-0.00791767	-6.94029e-05	0.0163842	0.00751355	0.0115648	0.00230282	PEL	AMR
HG02147	-0.0136345	-0.00786086	0.0519898	-0.0805625	-0.00653633	-0.00574354	0.00911989	-0.00277927	0.0116318	0.00368823	PEL	AMR
HG02150	-0.0162673	-0.0108384	0.0528694	-0.0958735	-0.000163515	-0.000954125	0.012544	0.0162668	0.0189266	-0.010659	PEL	AMR
HG02151	-0.0159324	-0.03557	0.00668067	0.0193378	0.0437158	0.00110059	0.0111464	0.014319	0.0349703	-0.0263128	CDX	EAS
HG02152	-0.0146552	-0.0339368	0.00422014	0.0192167	0.0618182	0.00684344	0.023306	-0.00381423	0.00672466	-0.0218045	CDX	EAS
HG02153	-0.0146358	-0.0337272	0.00275389	0.0167871	0.0294167	0.00320907	0.012517	0.0020338	-0.00445728	-0.023186	CDX	EAS
HG02154	-0.0146519	-0.0331518	0.00472917	0.0143299	0.0462663	0.00702142	0.0136587	-0.014838	-0.0261755	-0.0105839	CDX	EAS
HG02155	-0.0152131	-0.0351155	0.00303802	0.0147178	0.0535007	0.000360249	0.0144029	-0.00533475	-0.0254677	0.0273792	CDX	EAS
HG02156	-0.0158882	-0.033336	0.00149393	0.0102113	0.0444997	-0.00561524	0.0109127	0.0122924	0.0301483	-0.0368322	CDX	EAS
HG02164	-0.0151345	-0.0324048	0.0042488	0.0125745	0.0464414	-0.000418823	0.0111784	0.00387267	0.00446118	-0.0218559	CDX	EAS
HG02165	-0.0154683	-0.0321428	0.00329234	0.0164151	0.0532231	0.00142641	0.0185449	0.0052183	0.00172295	-0.0114044	CDX	EAS
HG02166	-0.0157361	-0.0343646	0.000492183	0.0153839	0.0500752	0.00575201	0.0131031	0.00874099	0.0344497	-0.0339274	CDX	EAS
HG02178	-0.0156492	-0.0348426	0.00332796	0.0184422	0.0591715	0.005349	0.0134069	0.00978024	0.0131182	-0.00476606	CDX	EAS
HG02179	-0.0150254	-0.0325843	0.00469814	0.0128507	0.0457645	0.00587623	0.00616242	0.0040435	-0.00103448	0.00359418	CDX	EAS
HG02180	-0.0156014	-0.0347325	-0.000736401	0.0135093	0.0369379	0.0171271	0.00747574	0.00863765	0.0129016	0.0124055	CDX	EAS
HG02181	-0.0151229	-0.0313293	0.000700726	0.0171723	0.03828	-0.00430011	0.00845268	0.000200838	-0.00713752	-0.00113013	CDX	EAS
HG02182	-0.015925	-0.0339326	0.00405552	0.0150161	0.0458389	-0.00262463	0.0161558	-0.0192267	-0.0242001	-0.015171	CDX	EAS
HG02184	-0.0159424	-0.035045	0.00491931	0.0138896	0.0633645	0.0054193	0.0078183	0.0116928	0.022124	-0.0211282	CDX	EAS
HG02185	-0.0159177	-0.0337716	0.0058236	0.0190983	0.0525496	0.00288604	0.00559272	0.00775475	0.0243309	-0.0265204	CDX	EAS
HG02186	-0.0156606	-0.0331677	0.00245874	0.0141848	0.0401193	0.00386581	0.0108318	-0.00310209	-0.00502502	0.0068191	CDX	EAS
HG02187	-0.0146647	-0.0315495	0.000845486	0.0143009	0.0448918	0.00704764	0.0119947	0.0135314	0.00663864	0.00219773	CDX	EAS
HG02188	-0.0163718	-0.0349634	0.000402	0.0168528	0.0410458	0.00688164	0.0155477	0.022897	0.0308977	-0.0200808	CDX	EAS
HG02190	-0.0158677	-0.0333306	0.00087516	0.0205774	0.0578011	0.00250113	0.0158991	-0.00474629	-0.0141368	0.0150796	CDX	EAS
HG02215	-0.0109787	0.0273803	0.00768732	0.0218002	0.00247302	-0.00130059	-0.00177915	0.000145143	0.0178811	-0.00322144	GBR	EUR
HG02219	-0.0108366	0.0273923	0.0123404	0.0209485	0.00989398	-0.00104899	-0.0252894	0.00344281	0.0153346	-0.00910275	IBS	EUR
HG02220	-0.0105016	0.0272997	0.00982508	0.0215326	-0.00417128	0.000435224	-0.00772789	0.000894446	-0.00419328	-0.00343387	IBS	EUR
HG02221	-0.0100825	0.0272039	0.0131389	0.0205212	0.00452417	-0.0010641	-0.0175069	-0.000635599	0.0150446	0.00897804	IBS	EUR
HG02223	-0.0107891	0.0267412	0.0101724	0.0222957	-0.00160151	0.00525453	-0.0222846	0.000241413	-0.00363566	-0.000289496	IBS	EUR
HG02224	-0.0108986	0.0272428	0.0101859	0.0238205	0.00395887	0.00595619	-0.013171	-0.000118845	-0.00201463	-0.0355481	IBS	EUR
HG02230	-0.0107225	0.0281192	0.0142189	0.0177104	0.00467462	0.0100972	-0.00346984	-0.00558027	-0.0112019	0.00648999	IBS	EUR
HG02231	-0.0109658	0.0272173	0.0147095	0.0243104	-0.00571084	0.00391541	0.0106057	0.0104622	-0.0134932	-0.0198529	IBS	EUR
HG02232	-0.0102656	0.0272389	0.0102141	0.0246616	0.00650913	-0.00099584	-0.0425687	0.00529454	0.0151086	-0.00612792	IBS	EUR
HG02233	-0.00868312	0.0257267	0.0100451	0.0200868	0.005461	0.00711628	-0.0319463	0.00945757	0.030793	0.0234332	IBS	EUR
HG02235	-0.00954444	0.0260353	0.00762601	0.0210869	0.0114623	0.00671517	-0.0295328	-0.0130767	-0.00854904	0.00305867	IBS	EUR
HG02236	-0.0103752	0.0252755	0.0119282	0.0190355	0.00587028	0.00537408	-0.0184499	-0.00663199	0.00232631	-0.0091181	IBS	EUR
HG02238	-0.00904037	0.0259948	0.0102745	0.0234283	0.0111166	0.0038721	-0.036194	-0.0160929	-0.0164664	-0.0164189	IBS	EUR
HG02239	-0.00990275	0.0245564	0.00665489	0.017913	0.00978559	-0.00187654	-0.0235404	0.00526845	0.0161659	-0.00157978	IBS	EUR
HG02250	-0.0155445	-0.0351116	0.00643081	0.014139	0.065902	0.00224942	0.0123469	-0.00928918	0.00368149	-0.00580771	CDX	EAS
HG02252	-0.0105826	0.0105808	0.0274797	-0.0356455	0.00860966	0.00173295	-0.0250625	-0.00894885	-0.00965157	-0.0319577	PEL	AMR
HG02253	-0.0123123	0.00308212	0.0350863	-0.0435306	0.00249972	0.0108017	-0.00536353	0.0159236	0.0184325	0.0305556	PEL	AMR
HG02255	0.0299831	-0.00202402	0.00185619	0.000965384	-0.00511745	0.00268417	0.011409	-0.0149998	-0.0295636	-0.0118632	ACB	AFR
HG02256	0.0253807	0.00215956	0.00541739	0.00396242	-0.00483963	-0.00721147	0.0029742	-0.00852388	0.0663507	0.0659209	ACB	AFR
HG02259	-0.0164161	-0.013269	0.0564281	-0.0975384	-0.00734594	0.00428217	0.020728	-0.002655	-0.00481669	0.000644059	PEL	AMR
HG02260	-0.0150021	-0.00546799	0.0454909	-0.0758025	0.00111672	0.00554881	0.00537086	0.0049618	-0.00700694	-0.0138074	PEL	AMR
HG02262	-0.0107751	-0.00463803	0.0430238	-0.0665892	0.0071476	0.00110882	0.00871384	-0.0154855	-0.0179437	-0.00154499	PEL	AMR
HG02265	-0.0139403	-0.0093471	0.0503699	-0.0924973	0.00622628	-0.00403801	0.020753	-0.00978252	-0.0194409	0.00698845	PEL	AMR
HG02266	-0.0155032	-0.00917783	0.0486841	-0.0800796	0.0158798	-0.0018958	0.0104628	0.00594861	0.00828033	0.00473884	PEL	AMR
HG02271	-0.0158833	-0.0115748	0.0537268	-0.0967311	0.0148542	0.00510888	0.0175824	-0.00338765	-0.00692822	-0.00338127	PEL	AMR
HG02272	-0.0155644	-0.0115237	0.0542895	-0.104191	-0.003937	0.00126368	0.0185587	-0.00489637	-0.0113037	0.0116371	PEL	AMR
HG02274	-0.00249873	0.000880277	0.0317251	-0.0465492	0.0114134	0.00643107	0.000131137	-0.0139128	-0.012879	-0.0517974	PEL	AMR
HG02275	-0.01524	-0.0126885	0.0563733	-0.100552	0.00694302	-0.00121235	0.0141662	-0.00620464	-0.0179261	0.00198829	PEL	AMR
HG02277	-0.0129766	0.00150554	0.0325669	-0.0495672	0.0186583	0.00403959	-0.0153675	-0.0164106	-0.0130191	-0.0275144	PEL	AMR
HG02278	-0.0142573	-0.00383908	0.045556	-0.0776176	0.0124762	0.00419026	0.00385109	-0.0152942	-0.0257708	-0.0175757	PEL	AMR
HG02281	0.03421	-0.00376988	-0.00107645	0.00198874	-0.00351124	0.00325423	0.00559129	-0.0112337	-0.0115358	0.0257909	ACB	AFR
HG02282	0.0282639	-0.000744282	0.000797054	0.0036029	-0.00527007	-0.00997814	0.00591029	-0.00257288	0.0141291	0.00705577	ACB	AFR
HG02283	0.031225	-0.00187257	0.00077897	0.00216711	-0.00582319	0.0139464	0.000984649	-0.0191713	-0.0154049	0.0139127	ACB	AFR
HG02284	0.0356527	-0.00482293	0.000527952	-3.67343e-05	0.0022475	-0.00328565	0.0104336	-0.0376554	-0.00701132	-0.0180789	ACB	AFR
HG02285	-0.0143404	-0.00789722	0.0494596	-0.082057	-0.000447059	-0.00804871	0.0105938	-0.00801065	-0.0121038	0.0232068	PEL	AMR
HG02286	-0.0128823	0.000751988	0.0418152	-0.0569835	0.00669991	0.00193634	-0.0106319	0.0102854	0.0495582	-0.0345357	PEL	AMR
HG02291	-0.0148929	-0.0105761	0.0513078	-0.0957508	0.0182299	0.00243812	0.0129239	0.00391092	0.00412838	0.0132374	PEL	AMR
HG02292	-0.0140374	0.000174623	0.0417871	-0.06716	0.00478086	0.00619852	0.0147014	0.011164	0.0136645	-0.00310735	PEL	AMR
HG02298	-0.0144354	-0.00379809	0.0443992	-0.0665812	0.0151227	0.00751404	0.0232706	-0.00507636	-0.0168144	0.00494541	PEL	AMR
HG02299	-0.014576	-0.00706144	0.0478533	-0.0839613	0.00435924	-0.00423436	0.0232039	0.0087717	-0.0103547	0.0112572	PEL	AMR
HG02301	-0.0137521	-0.00393964	0.0453724	-0.0673394	0.00656529	0.00597133	0.00593395	0.00985971	0.0164108	0.0222828	PEL	AMR
HG02304	-0.0123922	-0.00249338	0.0402957	-0.0672385	0.00730394	0.00330691	-0.00345905	-0.00960742	-0.00609859	-0.00836437	PEL	AMR
HG02307	0.0258667	0.00108956	0.000794775	0.000789207	0.00546845	-0.0216888	-0.00313057	-0.00673192	0.00539019	0.0758332	ACB	AFR
HG02308	0.0247476	0.00147995	0.000424859	0.00520484	0.00932879	-0.00584913	0.00431556	-0.00513878	0.0232362	0.094069	ACB	AFR
HG02309	0.0270839	0.000476404	0.00149819	-0.000349648	2.29878e-05	0.00167999	0.00580306	-0.0158691	-0.0265631	0.0052288	ACB	AFR
HG02312	-0.013752	0.00622957	0.0338957	-0.0384279	0.00967115	-0.00567321	-0.0124745	0.00996531	0.0243044	0.000893544	PEL	AMR
HG02314	0.0321364	-0.00165903	-0.000533163	0.00158457	-0.00520692	-0.00288734	0.00848201	-0.0132096	-0.0191423	0.00502075	ACB	AFR
HG02315	0.0272266	0.000936349	0.0018716	0.00391952	0.00196724	0.00450032	-0.000968407	-0.0187417	0.00876098	0.0182654	ACB	AFR
HG02317	0.0339337	-0.00370944	0.00106143	-0.000245868	-0.00214069	-0.00795434	0.00196627	-0.00261726	-0.0214591	0.0498106	ACB	AFR
HG02318	0.0311364	-0.0030125	0.00184853	0.000428917	0.00324354	0.019281	0.00935655	-0.000315131	-0.0109777	0.0257129	ACB	AFR
HG02322	0.0313564	-0.0018761	0.00177039	-0.000390332	0.00159763	0.00173046	0.00438776	-0.0206396	0.0192118	0.0133081	ACB	AFR
HG02323	0.0334548	-0.00247138	0.00201364	0.00211194	-0.00313219	0.00824786	0.0101387	-0.0317911	0.0214197	-0.0327634	ACB	AFR
HG02325	0.03329	-0.0039135	0.00116273	0.000482546	-0.00334633	0.0173826	0.0122787	-0.030062	-0.00436363	0.00271061	ACB	AFR
HG02330	0.0264937	0.00159052	0.00117475	0.00474454	-0.00500997	-0.00674835	0.00701019	-0.0274289	-0.0227359	-0.00820189	ACB	AFR
HG02332	0.0307495	-0.00223766	0.00095512	0.00439231	-0.00121526	0.0166052	0.00980838	-0.023357	0.0218233	0.0138576	ACB	AFR
HG02334	0.0240691	0.00266355	0.00579168	0.00446119	0.00688576	0.0132038	-0.005054	-0.0285617	0.0121359	-0.0659819	ACB	AFR
HG02337	0.0332729	-0.00409087	-0.00105	0.00228042	-0.000591561	-0.00530273	0.00185603	-0.00305257	-0.028464	0.000683751	ACB	AFR
HG02339	0.0352908	-0.00375516	-0.000600062	0.000622376	-0.00300746	-0.00823513	0.002915	-0.0219252	0.0173214	-0.01974	ACB	AFR
HG02343	0.021204	0.00631517	0.00286259	0.00655596	-0.00517828	-0.00395444	0.0113739	-0.0134868	-0.00578138	-0.0155634	ACB	AFR
HG02345	-0.010734	-0.00311599	0.030714	-0.0376488	0.00702108	0.000211992	0.00443758	-0.026022	-0.0222875	-0.00953305	PEL	AMR
HG02348	-0.0131951	7.09889e-05	0.040452	-0.0667333	0.0249446	0.00702678	-0.0088242	-0.00148779	-0.00760958	-0.00462139	PEL	AMR
HG02351	-0.015125	-0.0332283	-0.000400209	0.0167555	0.0455079	0.0055414	0.00576167	0.0188856	0.0280834	-0.0169344	CDX	EAS
HG02353	-0.0153366	-0.0330286	0.00279533	0.0127778	0.0391117	0.00486172	-0.000122075	-0.00109473	-2.84827e-05	0.0196371	CDX	EAS
HG02355	-0.0151829	-0.0344044	-0.000789029	0.018703	0.0532512	-0.00106546	0.0158739	-0.00193318	-0.0214102	0.0369825	CDX	EAS
HG02356	-0.0158214	-0.0321095	0.00467029	0.0192083	0.0373428	-0.0057807	0.0115885	0.00166756	0.0056288	0.0171004	CDX	EAS
HG02360	-0.0157492	-0.0351858	0.00492768	0.0170953	0.0562103	0.000917406	0.0163803	0.0112733	0.00975936	-0.00689788	CDX	EAS
HG02364	-0.0145288	-0.0343386	0.00452427	0.0176686	0.0604795	0.00351681	0.0248269	0.00784564	0.0132559	-0.0135511	CDX	EAS
HG02367	-0.0162453	-0.0369698	0.0037585	0.0197574	0.0385473	0.00241741	0.00599783	-0.00386124	0.00684084	0.00803171	CDX	EAS
HG02371	-0.015587	-0.0356111	0.00394868	0.0190519	0.0523941	0.0011026	0.0104975	0.00743695	0.0274333	-0.00232575	CDX	EAS
HG02373	-0.0144473	-0.0343957	0.0013628	0.0176012	0.0601357	0.00541443	0.0180162	-0.000950567	-0.00151446	0.0161293	CDX	EAS
HG02374	-0.0149607	-0.0328084	0.00493875	0.0212014	0.0540644	0.00153344	0.016159	-0.00242716	-0.00522764	-0.00725276	CDX	EAS
HG02375	-0.0149752	-0.03384	0.004076	0.0225088	0.0475652	0.00394033	0.0184445	-0.00329581	-0.020981	0.0202514	CDX	EAS
HG02379	-0.0154737	-0.0330423	0.00637375	0.0152746	0.041322	-0.0048548	0.0066798	-0.00743819	-0.0212321	0.0250472	CDX	EAS
HG02380	-0.0155447	-0.0326479	0.00155266	0.0174664	0.0481095	-0.00292528	0.00762874	0.0211226	0.035664	-0.0154747	CDX	EAS
HG02382	-0.0151195	-0.0326641	0.00142091	0.0187824	0.0517582	0.00996305	0.00927572	-0.00878465	-0.0217131	0.00939265	CDX	EAS
HG02383	-0.0152383	-0.0353878	0.00194192	0.0182209	0.0491063	-0.00175926	0.0119352	0.0221844	0.0311121	0.0156582	CDX	EAS
HG02384	-0.0152583	-0.0353932	0.00473007	0.0213941	0.0466602	0.00275941	0.0139012	0.0210747	0.0325534	0.0063056	CDX	EAS
HG02385	-0.0148955	-0.0342912	0.00475897	0.0195738	0.0597702	0.00396258	0.0111068	-0.00551157	0.00472344	0.0137116	CDX	EAS
HG02386	-0.0143642	-0.0308404	0.00145345	0.011631	0.0317731	-0.00417485	0.00471051	6.40107e-05	-0.0153749	0.0301204	CDX	EAS
HG02389	-0.0147143	-0.0358432	0.00460995	0.0159704	0.0452875	0.00948503	0.00521863	-0.00283648	0.00195108	0.0123855	CDX	EAS
HG02390	-0.0149576	-0.0343869	0.00293653	0.0171865	0.0470845	-7.62807e-05	0.00812314	-0.00183813	-0.0195635	0.0439679	CDX	EAS
HG02391	-0.0151657	-0.033224	0.00156773	0.0118783	0.0605928	0.00208988	0.0135023	0.011922	0.00841642	-0.00380968	CDX	EAS
HG02392	-0.0159215	-0.03382	0.00258672	0.0170815	0.0427181	0.00195037	0.00860653	0.0146962	0.025036	-0.0169314	CDX	EAS
HG02394	-0.0149837	-0.0337709	0.00709099	0.0184126	0.0520644	0.00796455	0.0150935	-0.00816633	-0.00434229	0.0117635	CDX	EAS
HG02395	-0.0151671	-0.032954	0.00272872	0.0151372	0.0557383	0.00589837	0.0171399	0.0232888	0.0344705	0.0136035	CDX	EAS
HG02396	-0.0150347	-0.0359992	0.00255076	0.0161002	0.0471641	7.01891e-05	0.0130847	0.00340259	0.00422299	-0.0179601	CDX	EAS
HG02397	-0.0155175	-0.034995	0.00378648	0.0190657	0.0341787	0.00338701	0.00190594	0.00262378	0.00287903	0.0473361	CDX	EAS
HG02398	-0.0149589	-0.0318899	0.00253904	0.0183391	0.0441314	0.0017792	0.00457605	0.0137725	0.0266813	-0.0101572	CDX	EAS
HG02399	-0.0149837	-0.0327006	0.00298989	0.0193104	0.0667759	0.00374789	0.014973	-0.0049013	-0.0230695	0.0265557	CDX	EAS
HG02401	-0.0157041	-0.0340274	0.00521592	0.0155209	0.0327291	0.00542016	0.00444309	0.00244298	0.00276687	0.0133779	CDX	EAS
HG02402	-0.0147992	-0.0354319	0.00188078	0.0189869	0.0618045	0.000760245	0.015351	0.0155392	0.00777436	0.011834	CDX	EAS
HG02406	-0.0152567	-0.0350268	0.00403931	0.0163801	0.0401242	-0.00637004	0.0183224	-0.00334244	-0.0159926	0.0267477	CDX	EAS
HG02407	-0.0158669	-0.0356698	0.0043578	0.0168639	0.0475553	-0.00194806	0.0145746	-0.00435293	-0.0197152	0.0110058	CDX	EAS
HG02408	-0.0159527	-0.0341334	0.00589071	0.0166703	0.0543524	0.00825361	0.0153781	-0.00511848	0.00040706	-0.00808698	CDX	EAS
HG02409	-0.0155656	-0.0333535	0.0023816	0.0144682	0.0474386	0.00566816	0.0128126	-0.0154162	-0.0164818	0.000350687	CDX	EAS
HG02410	-0.0164851	-0.0344058	0.00138784	0.0174219	0.0321665	0.00127424	0.00772887	-0.00212899	0.000770634	-0.00942707	CDX	EAS
HG02419	0.0339157	-0.00476747	-0.00260815	-0.00107372	0.000824831	0.0137697	0.00513276	-0.0300421	-0.0106604	-0.00597356	ACB	AFR
HG02420	0.016027	0.00665683	0.00233591	0.0100677	-0.0111185	0.00283452	0.00516196	-0.00317754	0.0253898	-0.0104138	ACB	AFR
HG02425	-0.0126522	0.00417518	0.0350335	-0.0501776	0.00690752	-0.00128813	0.00473597	0.00194978	-0.0103656	-0.00483568	PEL	AMR
HG02427	0.0320404	-0.00240863	-0.000255347	0.00124759	0.00460947	-0.00175418	0.0154541	-0.0226396	0.0339383	-0.014635	ACB	AFR
HG02429	0.0348814	-0.00424691	0.00165794	-0.000143716	-0.00963492	0.00817702	0.0115634	-0.0347482	0.00403177	0.00989669	ACB	AFR
HG02433	0.0246225	0.00405172	0.0003223	0.00419946	-0.00285551	-0.00444259	0.000984774	-0.0398599	0.0353917	0.0795648	ACB	AFR
HG02439	0.0304806	-0.00185814	-0.000686134	0.0023313	0.00227252	-0.00427725	0.00245983	-0.0248876	0.00588694	0.0238905	ACB	AFR
HG02442	0.0351039	-0.00426593	-0.00200344	0.00232051	0.00423829	0.0085794	0.00103983	-0.029167	-0.00710283	0.00666695	ACB	AFR
HG02445	0.0129411	0.0111911	0.00123081	0.00519368	-0.00630677	-0.00622726	0.0166965	0.00282858	0.0339325	0.0501759	ACB	AFR
HG02449	0.034047	-0.00305574	0.00126499	-0.000290786	-0.0133229	0.01462	0.0183712	-0.0196619	-0.0227054	-0.000244955	ACB	AFR
HG02450	0.034225	-0.00313543	0.000162053	0.000110712	0.00935742	0.0109444	0.00594745	-0.0414742	0.0180604	0.000502549	ACB	AFR
HG02455	0.0294549	-0.000153056	0.000894589	0.00107338	0.00229845	-0.0151967	-0.00298898	-0.0134721	-0.0219017	0.0165053	ACB	AFR
HG02461	0.0335801	-0.00523688	0.00118485	-0.00134777	0.00335656	-0.0635002	-0.0190262	0.0125592	-0.0213766	-0.00198108	GWD	AFR
HG02462	0.0311671	-0.00165076	0.00041958	0.00228507	0.00993352	-0.0473466	-0.03051	0.0247658	-0.0381811	-0.0227302	GWD	AFR
HG02464	0.0351481	-0.00492952	0.000188321	-0.00107141	0.00533534	-0.0574992	-0.0121807	0.0423433	-0.00358196	0.0164596	GWD	AFR
HG02465	0.0343295	-0.00404726	-0.00175444	0.00039147	-0.0029807	-0.0415969	-0.0144998	0.0523477	-0.0156106	0.0229668	GWD	AFR
HG02470	0.0334654	-0.00333112	0.000743673	-0.000721888	-0.00165925	-0.00131735	0.00990383	-0.0220693	0.0187749	-0.0196677	ACB	AFR
HG02471	0.0302548	-0.000248031	-0.00249156	0.000678823	0.00108422	0.0101308	0.00404637	-0.012978	-0.00049968	-0.0611721	ACB	AFR
HG02476	0.0208557	0.00420783	0.00243338	0.00297764	0.00624456	-0.000722278	-0.00359115	-0.0169771	-0.00492104	-0.0117795	ACB	AFR
HG02477	0.0309359	0.000395378	0.00176756	0.00286649	-0.00196803	0.00339211	0.00432286	-0.0200944	0.0182598	0.00909663	ACB	AFR
HG02479	0.0324348	-0.00260933	0.0025404	0.00151135	-0.0119199	-0.00051301	0.0151902	-0.036242	0.0366053	0.00463708	ACB	AFR
HG02481	0.0331086	-0.00317008	0.00271986	0.00241062	0.00422102	0.00136194	0.0134917	-0.0383779	-0.015228	-0.00301147	ACB	AFR
HG02484	0.0316552	-0.00237834	6.77927e-05	0.00253578	0.00203263	-0.00410537	0.0137902	-0.0174566	0.0314659	0.00103001	ACB	AFR
HG02485	0.0162649	0.00868179	7.18613e-05	0.0067243	-0.00641271	0.0115379	0.0140737	-0.00497846	-0.0298834	-0.0749284	ACB	AFR
HG02489	0.0238216	0.00204165	0.00101451	0.00365165	-0.00818793	0.0180805	0.00384353	-0.00155556	0.0319084	0.0264922	ACB	AFR
HG02490	-0.010995	0.013758	-0.0229492	-0.00488357	-0.00157688	-0.00344709	0.000342821	-0.00074419	-0.00664348	0.00753304	PJL	SAS
HG02491	-0.0102419	0.0101441	-0.0318909	-0.0111151	-0.00141297	-0.000768601	-0.00980273	-0.0014458	0.00699777	0.00691569	PJL	SAS
HG02493	-0.0108239	0.0125371	-0.0261491	-0.00515462	-0.00819752	0.0095952	-0.0157462	-0.00447625	0.0176585	-0.0144219	PJL	SAS
HG02494	-0.0103142	0.0110156	-0.0256557	-0.00534009	-0.00207668	0.00252842	0.00290428	-0.0235558	-0.0269634	0.0176943	PJL	SAS
HG02496	0.0308092	-0.00203934	0.00124201	-0.000582893	0.00373361	0.0101638	0.00362291	-0.025957	0.00633939	-0.0556575	ACB	AFR
HG02497	0.0337125	-0.00458176	-0.00204497	0.000153552	-0.011342	0.00573151	-0.000641944	-0.0196405	-0.0137671	0.00359984	ACB	AFR
HG02501	0.0243852	0.00216071	0.00623517	0.000462566	-0.00274396	0.00531757	0.00421042	-0.0435564	-0.00182186	0.0419423	ACB	AFR
HG02502	0.0208079	0.000638179	-0.000142357	0.00695673	-0.00236416	-0.0162405	-0.00206307	-0.0115195	0.0690738	0.0667038	ACB	AFR
HG02505	0.0349788	-0.00297876	-0.000435051	0.00192102	0.000735513	0.0127119	0.0129012	-0.0177417	0.0292771	0.0244956	ACB	AFR
HG02508	0.0286244	-0.000490706	0.000598723	0.00413979	0.00198838	0.00279082	0.00213879	-0.00540054	0.0310895	0.0296296	ACB	AFR
HG02511	0.0340538	-0.00334121	-0.000614406	0.000827595	0.00728052	0.0162735	0.0197022	-0.0259699	0.0549521	-0.0198874	ACB	AFR
HG02512	-0.0153145	-0.0326294	0.00179279	0.0102474	0.0376138	0.00266508	0.0022304	0.010698	0.00795282	-0.0132851	KHV	EAS
HG02513	-0.0152275	-0.0337007	0.00174022	0.0139853	0.0400612	-0.000454123	0.017744	0.0119539	-0.00667018	-0.0124592	KHV	EAS
HG02521	-0.0145778	-0.0315969	0.00503303	0.0177401	0.0251156	-0.00166513	1.42816e-05	-0.0133111	-0.0246452	0.0193035	KHV	EAS
HG02522	-0.0153657	-0.0347987	0.00388747	0.0130935	0.0406245	0.0109643	0.015831	0.0103801	0.00178026	0.00790247	KHV	EAS
HG02536	0.0152017	0.00946485	0.00857528	0.0116716	0.0032269	0.00978597	0.0208288	-0.00663143	0.0238133	-0.0617461	ACB	AFR
HG02537	0.0314821	-0.00193929	-0.000608235	0.000657396	-0.0118336	0.010601	0.00941364	0.00578864	0.0427233	0.010519	ACB	AFR
HG02541	0.0325496	-0.00267606	0.00424821	0.00242789	0.0035899	0.00413852	0.00383414	-0.0116147	0.0273274	0.00480781	ACB	AFR
HG02545	0.034211	-0.00441106	-0.00122811	-8.97164e-05	-0.00386415	0.0233155	0.00827272	-0.0054892	0.0141297	0.00571777	ACB	AFR
HG02546	0.0308077	-0.0042587	0.00123487	-0.00306553	-0.00317581	-0.00130065	0.00640399	-0.0179276	0.01705	0.00360666	ACB	AFR
HG02549	0.0326943	-0.00205865	0.00073294	0.00274701	0.00307325	-0.00990757	0.0130596	-0.0372523	-0.015844	0.00817706	ACB	AFR
HG02554	0.0316319	-0.00294455	-5.861e-05	-0.000973813	-0.0108428	0.0121474	0.00732581	-0.0430815	0.0222698	-0.0056305	ACB	AFR
HG02555	0.0296223	-0.00086432	0.00347608	0.00245781	-0.00589362	0.0110741	0.0165442	-0.0141921	0.00503181	0.0250819	ACB	AFR
HG02557	0.0347637	-0.00418497	-0.000101174	0.000298615	-0.00132475	0.0171703	0.00859234	-0.0277303	0.0286643	-0.0204003	ACB	AFR
HG02558	0.0260104	0.000675718	0.00386564	0.00378175	-0.00173124	0.00380532	0.0095066	0.00629523	0.0127093	-0.013763	ACB	AFR
HG02561	0.0342162	-0.00418287	-0.00149286	-0.00168285	-0.000248069	-0.0462076	-0.0103138	0.0107966	-0.0215974	-0.0245313	GWD	AFR
HG02562	0.0345016	-0.00384313	-0.000385133	0.00103976	0.0066599	-0.0505802	-0.0121148	0.00909562	-0.031539	-0.0328864	GWD	AFR
HG02568	0.0333297	-0.0033963	-0.000240054	0.00255782	0.0120965	-0.0661747	-0.0159618	0.0320746	-0.0158193	-0.00798582	GWD	AFR
HG02570	0.0345827	-0.0042102	0.0015383	-0.000514971	0.00442905	-0.0618696	-0.00913882	0.0133378	-0.020097	-0.0308092	GWD	AFR
HG02571	0.0344453	-0.00284403	-0.000447541	-0.00188776	0.0101648	-0.0673905	-0.00604469	0.0387613	0.00641396	-0.0035557	GWD	AFR
HG02573	0.03306	-0.00294145	0.00145806	9.567e-05	0.00555164	-0.0517903	-0.020109	0.0432442	-0.00921399	0.0036318	GWD	AFR
HG02574	0.0344154	-0.00285348	0.0025342	0.00216334	0.00603413	-0.0666569	-0.0186209	0.019913	-0.00363718	0.0302272	GWD	AFR
HG02577	0.0303561	-1.43677e-05	0.00132099	0.00230749	0.00199352	0.0131282	0.0160237	-0.0458413	-0.0177638	-0.018537	ACB	AFR
HG02580	0.024833	0.00151189	0.00144	0.00620122	-0.00104868	-0.00126157	-0.00499398	-0.0172251	0.0199194	0.050287	ACB	AFR
HG02582	0.0340111	-0.00402943	0.00141753	0.0013175	-0.00805345	-0.0493042	-0.00942482	0.0100812	-0.0103737	0.0261011	GWD	AFR
HG02583	0.0335536	-0.00310279	-0.0011111	0.000890012	0.00501471	-0.0706989	-0.0252772	0.031932	-0.00450526	0.0214627	GWD	AFR
HG02585	0.0351078	-0.00560097	0.000399852	-0.000296646	0.00276231	-0.0795542	-0.0143125	0.037016	-0.0411191	-0.00729041	GWD	AFR
HG02586	0.0337825	-0.00418604	-0.000890026	-0.00147532	0.0158135	-0.069955	-0.0167214	0.0190551	-0.0054033	-0.0138699	GWD	AFR
HG02588	0.0331083	-0.00294766	-0.000261615	0.00133966	0.00262533	-0.0560999	-0.0160465	0.0388342	0.0189731	-0.0231166	GWD	AFR
HG02589	0.0344099	-0.00256428	0.00023772	0.00165146	0.00748907	-0.0509533	-0.00637616	0.019474	-0.0293486	-0.0281567	GWD	AFR
HG02594	0.0347663	-0.00403054	-3.79317e-05	0.00126647	0.0138204	-0.0680344	-0.019139	0.018368	-0.0444537	-0.0113997	GWD	AFR
HG02595	0.0334894	-0.00332646	-0.000440945	-1.88646e-06	0.00411401	-0.0402591	-0.0225795	0.0425412	-0.00333814	0.0233222	GWD	AFR
HG02597	-0.0103258	0.0110367	-0.0289485	-0.00945539	0.00486847	0.00298089	0.00511046	-0.0124228	-0.0202825	0.0141227	PJL	SAS
HG02600	-0.0101944	0.00976687	-0.0342142	-0.0186199	2.26277e-05	0.00524717	0.00749016	-0.00313674	-0.0201977	0.00819527	PJL	SAS
HG02601	-0.0112252	0.00995865	-0.0321196	-0.0129855	-0.0105772	0.00239077	0.00427459	0.00157327	-0.0173113	-0.00667834	PJL	SAS
HG02603	-0.0110031	0.013439	-0.0233287	-0.00712848	-0.000360977	0.00662507	-0.0018541	-0.0116327	0.00561208	0.00062785	PJL	SAS
HG02604	-0.0106186	0.00936004	-0.0173125	-0.00797253	-0.0142634	0.0078332	-0.00508295	-0.0174221	-0.0407504	-0.024008	PJL	SAS
HG02610	0.0326922	-0.0040573	0.00180625	0.000931717	0.00272801	-0.040761	-0.014867	0.0310966	-0.025541	-0.0416945	GWD	AFR
HG02611	0.0337319	-0.00258505	-0.000245201	8.93738e-05	0.0115451	-0.0666307	-0.0157399	0.0349595	-0.0316941	0.0113542	GWD	AFR
HG02613	0.0307849	-0.00275759	0.000643579	0.00514841	0.00608615	-0.0408253	-0.0127102	0.0303002	0.00774668	-0.0366628	GWD	AFR
HG02614	0.0325131	-0.00127378	-0.00179923	0.00111048	0.00349225	-0.061967	-0.0148926	0.0240434	-0.0373764	0.00715015	GWD	AFR
HG02620	0.034441	-0.00505339	-0.000720421	0.001715	0.0015308	-0.0634132	-0.014289	0.0386425	0.00600875	0.033049	GWD	AFR
HG02621	0.0342903	-0.00313408	-0.00297192	0.00329201	0.00446887	-0.0581723	-0.00527075	0.0448438	-0.00641631	0.00272813	GWD	AFR
HG02623	0.0345839	-0.00234616	-0.000606528	0.00204185	0.00180839	-0.0625657	-0.0228695	0.0586429	0.00694729	-0.0261078	GWD	AFR
HG02624	0.0345329	-0.00389381	0.00139326	0.00146695	-0.00208776	-0.0579565	-0.00949609	0.0146904	-0.00205719	-0.0478388	GWD	AFR
HG02628	0.0346004	-0.00376421	-0.00173743	-0.00103577	0.0103638	-0.0419498	-0.00310776	0.0374535	-0.00033473	-0.00325305	GWD	AFR
HG02629	0.033909	-0.00413485	0.00289966	0.00273471	0.00807704	-0.0458545	-0.0116497	0.022846	-0.0333288	-0.00570995	GWD	AFR
HG02634	0.0334225	-0.00250415	0.000929547	0.00335786	0.00351644	-0.0615992	-0.0135892	0.0204362	-0.0294072	0.00212917	GWD	AFR
HG02635	0.0344527	-0.00346263	0.00213287	0.00109901	0.01314	-0.0406665	-0.00314896	0.0235949	-0.0322979	-0.0106587	GWD	AFR
HG02642	0.0330109	-0.00336634	0.00108227	0.00323501	0.00258452	-0.0404008	-0.00905363	0.0414345	-0.0130624	-0.0235428	GWD	AFR
HG02643	0.0333765	-0.00313403	-0.000506384	0.000923615	-0.00118591	-0.0444923	-0.0113638	0.0264136	-0.0207555	0.00120117	GWD	AFR
HG02645	0.0346736	-0.00556302	0.0014217	-0.00122472	0.00408621	-0.0715171	-0.0184885	0.0720862	0.0228727	0.0044301	GWD	AFR
HG02646	0.0329739	-0.00314369	0.000165518	-0.00288567	0.00211127	-0.0616809	-0.022565	0.0276476	-0.0120572	-0.0485447	GWD	AFR
HG02648	-0.0100653	0.0096137	-0.0230385	-0.0133802	0.00010789	-0.00248805	0.015032	-0.0131336	-0.0464288	0.00995119	PJL	SAS
HG02649	-0.00999842	0.0126519	-0.0222294	-0.00781713	0.00412044	0.00537543	0.00651607	0.0074833	0.0055122	0.0257111	PJL	SAS
HG02651	-0.0118274	0.00877867	-0.02515	-0.0124224	-0.00297638	-0.0089687	0.00524582	-0.00254227	0.00658527	-0.0132285	PJL	SAS
HG02652	-0.0104856	0.0132047	-0.0250191	-0.00841754	-0.00080486	0.00223014	-0.0106845	-0.00533355	-0.0159155	0.00527939	PJL	SAS
HG02654	-0.011488	0.0133566	-0.0256868	-0.00990599	0.00293072	-0.000200365	0.0194993	-0.00639522	0.00265593	-0.00735046	PJL	SAS
HG02655	-0.01146	0.0110492	-0.0230567	-0.00742389	-0.0118341	-0.00140784	-0.0150861	-0.00413915	0.0132046	0.00976103	PJL	SAS
HG02657	-0.0114766	0.00675013	-0.0268565	-0.00797533	0.00217591	0.000896404	0.00193941	0.000581594	0.00971975	-0.0328574	PJL	SAS
HG02658	-0.0112343	0.00630683	-0.0240686	-0.00671829	-0.00515871	-7.02763e-05	-0.00428825	-0.00786521	-0.000952352	-0.0200915	PJL	SAS
HG02660	-0.0101158	0.00980864	-0.0289438	-0.0161486	0.00362574	0.00417464	-0.00734701	0.0104923	0.010889	0.0273684	PJL	SAS
HG02661	-0.0111744	0.00711106	-0.0271798	-0.00752479	0.00991552	0.00506945	-0.000578035	-0.00937826	-0.0156298	0.00107365	PJL	SAS
HG02666	0.0340713	-0.00381341	0.00104616	0.000498762	0.0023261	-0.0662001	-0.0161654	0.01431	-0.0195359	-0.0209784	GWD	AFR
HG02667	0.0349081	-0.00433788	0.0013372	-0.000934308	0.00543998	-0.0578919	0.000670298	0.0256805	-0.0251373	0.00956727	GWD	AFR
HG02675	0.0339395	-0.0051821	-0.00183518	-0.00173238	0.0080459	-0.0585738	-0.0144494	0.0180927	-0.0263815	-0.00111127	GWD	AFR
HG02676	0.0352881	-0.00294049	-0.000754925	-0.000840499	-0.00249053	-0.0489235	-0.0140218	0.0367031	-0.00786758	0.0256793	GWD	AFR
HG02678	0.0337681	-0.00381048	-0.00102775	0.00148944	0.000515771	-0.0568792	-0.0223317	0.0305852	0.00215314	-0.0045359	GWD	AFR
HG02679	0.0353287	-0.00495571	0.00147093	-7.01782e-05	-0.00223906	-0.0479108	-0.00997463	0.0355922	0.00167694	0.0015505	GWD	AFR
HG02681	-0.0117435	0.0108976	-0.021223	-0.00341536	-0.0124903	-0.00322933	0.000976907	-0.00850653	0.00961198	-0.0181718	PJL	SAS
HG02682	-0.0113799	0.010734	-0.0223102	-0.00115216	-0.00405967	0.000131908	0.00688454	0.00299452	0.0121509	0.0275491	PJL	SAS
HG02684	-0.0110271	0.00600614	-0.0358828	-0.0164552	0.00502818	0.0076945	-0.00619768	-0.00897388	-0.022037	-0.0222725	PJL	SAS
HG02685	-0.0110958	0.00550355	-0.0386782	-0.0170643	0.00162088	-0.00135243	-0.016128	0.00118168	0.00786664	0.00220357	PJL	SAS
HG02687	-0.0111451	0.00577346	-0.0381262	-0.017952	-0.00290974	0.000185892	0.00591268	-0.0146948	-0.037506	-0.00363848	PJL	SAS
HG02688	-0.0114232	0.00784139	-0.0347421	-0.0100818	-0.004921	-0.00126639	0.0114793	0.000599621	-0.00530312	-0.0119827	PJL	SAS
HG02690	-0.010955	0.0140341	-0.0196987	-0.00176664	0.000451561	-0.0058888	-0.00624966	-0.00448128	-0.00946939	0.0157334	PJL	SAS
HG02691	-0.0110056	0.0124953	-0.0206293	-0.00495096	-0.00701283	-0.00196548	-0.00311101	-0.0109006	-0.0116997	-0.00727307	PJL	SAS
HG02694	-0.0109278	0.00932082	-0.0292798	-0.0100019	0.00347258	0.0066691	0.00184769	-0.0131916	-0.00198626	-0.0204125	PJL	SAS
HG02696	-0.0110527	0.00856472	-0.0252028	-0.0125232	-0.00153433	-0.00328441	-0.00552619	-0.0129493	0.00181873	0.0159957	PJL	SAS
HG02697	-0.0110722	0.00955461	-0.0296967	-0.0159096	-0.00378638	0.00122086	-0.00243233	0.0116497	0.0300847	0.0156964	PJL	SAS
HG02699	-0.0106811	0.0142953	-0.0213136	-0.00646606	0.00805485	0.000282136	-0.0102024	-0.0319398	-0.0481551	-0.0114364	PJL	SAS
HG02700	-0.0118419	0.0107497	-0.0212326	-0.00732066	-0.00799726	-0.00977387	-0.00639099	-0.0102623	-0.019212	-0.00427153	PJL	SAS
HG02702	0.0349516	-0.00488525	0.0020046	-5.35609e-05	-0.00039075	-0.0578102	-0.0158786	0.0204929	0.00235369	0.00239016	GWD	AFR
HG02703	0.0332577	-0.00342558	-0.00351376	0.000566558	0.0144248	-0.058688	-0.0146761	0.0132271	-0.0296576	-0.00494616	GWD	AFR
HG02715	0.0346459	-0.00288779	-0.000478386	-0.000254735	0.00144963	-0.0422512	-0.0204158	0.0279629	-0.0133604	-0.038645	GWD	AFR
HG02716	0.0353552	-0.00455624	-0.000963055	-0.000864894	0.00354724	-0.0652168	-0.019171	0.0125056	-0.040941	-0.00271361	GWD	AFR
HG02721	0.033828	-0.00346911	-0.000490086	-0.000441792	0.00706331	-0.0498219	-0.0186943	0.0178609	-0.0118861	-0.00032754	GWD	AFR
HG02722	0.0337429	-0.00291237	0.00173558	0.000554479	-0.00261326	-0.0537762	-0.0192498	0.0428775	-0.00583286	-0.00954537	GWD	AFR
HG02724	-0.011735	0.0031663	-0.0375635	-0.0163853	0.00186654	0.00244773	0.00822062	3.44189e-05	-0.00245607	0.00160909	PJL	SAS
HG02725	-0.0109327	0.00722953	-0.0330321	-0.0174696	0.00184104	0.00353625	0.00989321	-0.0248483	-0.0325328	-0.0128199	PJL	SAS
HG02727	-0.0115608	0.0051462	-0.0315593	-0.0109499	0.014118	-0.00618106	-0.00422095	3.16581e-05	-0.0076032	0.0109417	PJL	SAS
HG02728	-0.0110551	0.00263204	-0.0416951	-0.0160664	-0.0065418	-0.00905571	0.00464586	0.0263697	0.0174229	0.0209539	PJL	SAS
HG02731	-0.0109567	0.0112191	-0.0282623	-0.00824584	0.000271035	-0.000293431	0.0106823	0.00453206	0.00274693	-0.0113844	PJL	SAS
HG02733	-0.0104778	0.011293	-0.0240582	-0.0123464	-0.00233481	0.00827111	-0.00546929	-0.0145294	0.0115089	-0.0309011	PJL	SAS
HG02734	-0.0111418	0.0112306	-0.0246651	-0.0119919	0.0102298	-0.0112657	-0.00175552	-0.00406942	-0.00888279	0.0573027	PJL	SAS
HG02736	-0.0105951	0.0123233	-0.0240451	-0.00626688	-0.00324908	0.00329595	0.00718288	0.012182	0.0213387	-0.0115643	PJL	SAS
HG02737	-0.0110355	0.0115001	-0.0301399	-0.00969705	-0.00163432	-0.00765918	0.00594894	-0.0129533	-0.0153774	0.00858615	PJL	SAS
HG02756	0.0337518	-0.00330911	0.00110189	-0.00240187	0.0113641	-0.0519164	-0.0164201	0.0376056	-0.0352043	0.00451432	GWD	AFR
HG02757	0.0343047	-0.00416979	0.000386519	0.00105222	0.013057	-0.066788	-0.0180389	0.0423219	-0.00996674	-0.025895	GWD	AFR
HG02759	0.0342298	-0.00524724	0.000348299	0.00178549	0.0045674	-0.0721711	-0.0221802	0.0191425	-0.0166578	0.0179408	GWD	AFR
HG02760	0.0348765	-0.004603	-0.000418154	0.000190156	0.00638042	-0.0574554	-0.0217617	0.043844	-0.0025453	0.0191469	GWD	AFR
HG02763	0.03425	-0.00260957	-0.00112168	-0.00112184	0.0088544	-0.0634288	-0.0201904	0.0419275	-0.0162553	0.00369754	GWD	AFR
HG02768	0.035197	-0.00404226	-0.00288948	-0.00210082	0.00405139	-0.0514235	-0.010283	0.047743	-0.00446439	0.00268213	GWD	AFR
HG02769	0.0344827	-0.00363337	-0.000378857	-0.00213029	0.00735913	-0.0598682	-0.0128735	0.0196989	-0.0297667	-0.0252531	GWD	AFR
HG02771	0.0344248	-0.00524873	0.00160788	-0.000627511	0.00237749	-0.0506779	-0.0131166	0.0462667	-0.00436261	-0.00199784	GWD	AFR
HG02772	0.0340301	-0.00471237	-0.000907517	-0.0019761	0.0134084	-0.0769281	-0.0204928	0.0353474	-0.00865221	0.00779972	GWD	AFR
HG02774	-0.0108152	0.00729569	-0.0305961	-0.0125232	-0.00621225	-0.000421257	-0.00396736	0.00725487	0.00828556	-0.00629315	PJL	SAS
HG02775	-0.0112503	0.00524373	-0.0342192	-0.0141327	0.00182285	0.00753921	0.0109113	-0.00357836	-0.00288842	-0.0307105	PJL	SAS
HG02778	-0.0119311	0.00258644	-0.0334524	-0.0177693	-0.00852166	0.00293846	-0.0041856	-0.00599964	-0.0116471	-0.0325495	PJL	SAS
HG02780	-0.0126463	0.00381997	-0.0427151	-0.0158609	-0.00263127	-0.00335817	0.00438766	0.00953713	0.0216052	0.00322612	PJL	SAS
HG02783	-0.0115735	0.00648566	-0.0333457	-0.0109864	-0.00305835	-0.010611	0.00607846	-0.0242269	-0.0402335	-0.0179821	PJL	SAS
HG02784	-0.0113827	0.00542987	-0.0361155	-0.0224121	0.00432533	-0.00233757	0.000343735	-0.00208189	-0.0180496	0.0240374	PJL	SAS
HG02786	-0.0116133	0.00107139	-0.0402986	-0.0187864	-0.00707158	0.000363851	0.0229604	-0.00576521	0.0110147	-0.0134737	PJL	SAS
HG02787	-0.0108743	0.00601995	-0.0336327	-0.0133074	0.00394802	-0.00591247	0.0113186	-0.00588987	-0.0136971	-0.0334675	PJL	SAS
HG02789	-0.0110949	0.00503066	-0.0326659	-0.0136905	-0.00792783	-0.00363057	-0.00052379	-0.0200719	-0.0387324	-0.0224671	PJL	SAS
HG02790	-0.0109402	0.00814794	-0.0299607	-0.0130142	0.00149547	0.0019579	0.00862204	0.00269245	0.0180804	0.00582208	PJL	SAS
HG02792	-0.010589	0.00446613	-0.0392276	-0.0182967	-0.000690651	-0.00389536	-0.00460334	-0.0107068	-0.0255218	-0.0206755	PJL	SAS
HG02793	-0.010778	0.0057331	-0.0378503	-0.0129469	0.00719701	-0.00340449	0.0101473	0.000868101	-0.0143997	0.000776462	PJL	SAS
HG02798	0.0339043	-0.00357244	-0.00126841	0.00180977	0.00350709	-0.0509784	-0.00498244	0.0382701	-0.0091536	-0.0228555	GWD	AFR
HG02799	0.0333306	-0.00424241	0.00118194	0.000737183	0.00453491	-0.0631963	-0.0083698	0.026702	-0.00188739	-0.011017	GWD	AFR
HG02804	0.0349436	-0.00425492	-0.000750409	0.000305169	0.00325881	-0.066812	-0.0103927	0.0457395	0.00838809	-0.0310066	GWD	AFR
HG02805	0.0338467	-0.00346552	0.000855971	0.00207333	0.00103132	-0.0732187	-0.0143516	0.0247627	-0.0377953	-0.0187206	GWD	AFR
HG02807	0.0351415	-0.00331535	0.000996309	0.000582275	0.00573522	-0.0539096	-0.0132232	0.0189231	-0.0197564	-0.0290153	GWD	AFR
HG02808	0.0351525	-0.0045546	0.00215335	-0.000223967	0.00401087	-0.0646976	-0.0155496	0.0313268	-0.00517912	0.0112685	GWD	AFR
HG02810	0.0308005	-0.00248236	0.000452196	0.00124738	0.0104144	-0.044775	-0.0224431	0.0219416	-0.0428721	0.0158438	GWD	AFR
HG02811	0.0325278	-0.00379858	-0.00279569	-0.000221526	0.0129993	-0.0600446	-0.0158187	0.0396217	0.00463951	0.00251138	GWD	AFR
HG02813	0.0345957	-0.00421333	0.0019841	-0.000809026	0.00930213	-0.0696106	-0.0212156	0.0244081	0.00242153	-0.0301088	GWD	AFR
HG02814	0.03595	-0.00434273	-0.000396714	0.001786	0.00376027	-0.0458047	-0.0119126	0.0159982	-0.0348498	-0.0202024	GWD	AFR
HG02816	0.0325873	-0.00351638	0.00117593	-0.00146045	-0.000984259	-0.0546552	-0.0150998	0.0466219	-0.00676135	-0.008298	GWD	AFR
HG02817	0.033853	-0.00322111	0.00134982	0.00239147	-0.00115624	-0.0427108	-0.00887946	0.0187108	-0.0235461	-0.0111233	GWD	AFR
HG02819	0.0353335	-0.00271673	0.000195645	0.00140894	0.00209742	-0.044281	-0.00347143	0.0276949	-0.0289402	0.00192201	GWD	AFR
HG02820	0.0342661	-0.00330387	0.00175291	-0.00203984	-0.00254706	-0.0520815	-0.0153857	0.0374241	-0.0373792	0.00293565	GWD	AFR
HG02836	0.0325241	-0.00302833	-0.000915457	0.000849908	0.0131054	-0.0497865	-0.0292593	0.0511399	-0.031005	-0.0520162	GWD	AFR
HG02837	0.0343813	-0.0037086	-0.000151072	0.000360222	0.00539205	-0.0636775	-0.0118414	0.0378034	-0.0345083	0.00228994	GWD	AFR
HG02839	0.0339117	-0.00351674	-0.00318141	0.00237779	0.00513002	-0.0548091	-0.0151474	0.0389866	-0.0412045	0.00543117	GWD	AFR
HG02840	0.0339291	-0.00320002	0.000179155	0.00181865	-0.00219186	-0.0465951	-0.00889742	0.0403245	-0.0186538	-0.012677	GWD	AFR
HG02851	0.0351753	-0.00386058	-0.000549679	0.00381323	0.0108897	-0.0530899	-0.0101187	-0.000324704	-0.0320042	0.0094268	GWD	AFR
HG02852	0.0342097	-0.0031719	-0.000815436	0.00133505	0.00821632	-0.0554852	-0.0200779	0.0219903	-0.0200195	0.0221157	GWD	AFR
HG02854	0.0357985	-0.00463921	-0.000625429	-0.00126668	-0.00336319	-0.0417571	-0.00348853	0.0157613	-0.0388348	0.0284981	GWD	AFR
HG02855	0.034356	-0.00324913	-0.00176475	-0.00104601	0.00591319	-0.0562236	-0.0138638	0.0211588	-0.0408174	0.00625176	GWD	AFR
HG02860	0.0346568	-0.00324554	-0.00118889	-0.000867916	0.00218994	-0.0509844	-0.00882673	0.0260728	-0.0344373	-0.0107998	GWD	AFR
HG02861	0.0339003	-0.00404092	1.65187e-05	0.00126721	-0.00195602	-0.0564244	-0.00688084	0.0278708	-0.0382497	-0.0299276	GWD	AFR
HG02870	0.0339366	-0.00338582	-0.00107867	-0.00244589	0.00384888	-0.0511183	-0.00278424	0.0250146	-0.0275145	-0.000201174	GWD	AFR
HG02878	0.0342627	-0.00509188	-0.00361703	4.35366e-05	0.00945524	-0.0769567	-0.00791738	0.0344041	-0.00813856	-0.0215199	GWD	AFR
HG02879	0.0343523	-0.00365439	0.00117247	0.00403956	0.00996097	-0.0586665	-0.00682184	0.045536	-0.0403009	-0.0229313	GWD	AFR
HG02881	0.0354027	-0.00413483	0.000582144	-0.00229611	0.00341446	-0.0495825	-0.00697165	0.0219075	-0.0262576	0.0157138	GWD	AFR
HG02882	0.0342151	-0.0030773	0.000102102	-0.00257605	0.00296349	-0.0555821	-0.0152119	0.0547616	0.0147619	-0.00193176	GWD	AFR
HG02884	0.0339614	-0.00372358	-0.00234325	0.000746161	0.00411539	-0.0559964	-0.0160103	0.0197009	-0.0373502	-0.0205552	GWD	AFR
HG02885	0.0342736	-0.0046508	-0.0003635	-0.00100411	0.000681702	-0.0515992	-0.0173466	0.0203958	0.00584592	-0.0440039	GWD	AFR
HG02887	0.0337895	-0.00456726	0.00147421	-6.21002e-06	0.0136775	-0.0589717	-0.0191659	0.0213818	-0.0373159	-0.00262179	GWD	AFR
HG02888	0.0342894	-0.00352258	-0.000355905	0.000286146	0.00227424	-0.0610403	-0.0191831	0.0408745	-0.0146054	0.0109668	GWD	AFR
HG02890	0.0337379	-0.00372366	-0.000913401	0.00128835	-0.00655873	-0.052811	-0.00442744	0.0193454	-0.000976462	-0.0536219	GWD	AFR
HG02891	0.0347453	-0.00442814	0.00123068	0.000854156	0.00866045	-0.0559197	-0.0153903	-0.00485008	-0.0109395	0.00358895	GWD	AFR
HG02895	0.0339995	-0.00352364	0.000779249	-0.000179246	0.00731556	-0.0625969	-0.0248696	0.0271785	-0.0286703	-0.0136682	GWD	AFR
HG02896	0.0342729	-0.00360756	-0.000227978	-0.00173296	0.00569781	-0.0534361	-0.00950881	0.0159532	-0.0273544	-0.0204095	GWD	AFR
HG02922	0.0354789	-0.00570045	1.8308e-05	0.00225844	0.00116688	0.00738024	0.00796155	-0.0443829	0.014134	0.0288441	ESN	AFR
HG02923	0.0363799	-0.00493266	0.00218502	0.000906986	-0.00481972	0.0170662	0.0132814	-0.0278224	0.0212487	0.00537399	ESN	AFR
HG02938	0.0358426	-0.00441609	-0.000914558	-0.00138726	-0.00165077	0.0180068	0.00813609	-0.049935	0.0200898	-0.0184977	ESN	AFR
HG02941	0.0347617	-0.00360366	-0.00350347	-0.00136576	0.000454276	0.00754831	0.011498	-0.0298356	0.00403669	0.0211185	ESN	AFR
HG02943	0.0348647	-0.00439091	-0.000736959	0.00179239	0.00387096	0.0186568	0.00724261	-0.0448935	0.019706	0.00208875	ESN	AFR
HG02944	0.0351882	-0.00285017	0.000164896	0.00223145	0.00263254	0.0153248	0.00737113	-0.0336233	0.0446967	0.0101232	ESN	AFR
HG02946	0.0361922	-0.00372342	0.00209138	-0.000457212	-0.00160841	0.029573	0.00951436	-0.0459304	0.0308893	0.00898278	ESN	AFR
HG02947	0.0361631	-0.00333905	-0.00151539	-0.000410161	0.0011899	0.0191733	0.00499084	-0.0363282	0.0153459	0.0348871	ESN	AFR
HG02952	0.0365012	-0.00573603	0.00190282	0.001163	-0.00329173	0.0185311	0.00592495	-0.0125526	0.023441	0.0273196	ESN	AFR
HG02953	0.0356916	-0.00425313	-0.000515789	0.00111555	0.00436656	0.0112245	0.0187404	-0.0477178	-0.000560828	-0.0173027	ESN	AFR
HG02968	0.0359034	-0.00470866	-0.000526756	0.00121339	-0.00375563	0.0046868	0.0131307	-0.0312959	0.0272417	0.00204701	ESN	AFR
HG02970	0.0369637	-0.00542372	0.00157314	-0.000321488	0.00597917	0.00587522	0.0124738	-0.0521797	-0.0018274	0.0159373	ESN	AFR
HG02971	0.0371773	-0.00368613	0.00248917	-0.000180723	-0.00532103	0.0115147	0.0155173	-0.0422382	-0.00388276	-0.0191426	ESN	AFR
HG02973	0.035376	-0.00610114	0.00180492	0.000234245	0.00448782	0.00754964	0.00147368	-0.0364764	-0.00217409	-0.00239031	ESN	AFR
HG02974	0.0350051	-0.00562412	0.000583927	-0.000928141	0.00206741	0.0245214	0.0167379	-0.0378062	0.0558114	-0.0173077	ESN	AFR
HG02976	0.0331228	-0.00408936	-0.000653464	0.000564562	-0.00301898	0.03563	0.00966354	-0.0292183	0.00481513	-0.025435	ESN	AFR
HG02977	0.0339937	-0.00519087	0.00168896	-7.56198e-05	-0.00297833	0.0312609	0.0212534	-0.0542699	0.0126954	0.0109932	ESN	AFR
HG02979	0.0356347	-0.00407151	-0.00340591	-0.00190629	0.00109068	0.00684245	0.00302504	-0.00879788	0.0238591	0.0211605	ESN	AFR
HG02981	0.035359	-0.00490281	-0.000202408	-0.00198748	-0.00961179	0.0190176	0.0128962	-0.0235228	0.0123951	-0.0215565	ESN	AFR
HG02982	0.0342527	-0.00314235	-0.00252229	0.0005388	0.0138073	-0.0618037	-0.0139018	0.0422782	-0.00603048	-4.23384e-05	GWD	AFR
HG02983	0.034716	-0.00265552	-0.000920229	0.0021573	0.00510735	-0.0506852	-0.00440455	0.0177382	-0.0194006	0.041188	GWD	AFR
HG03006	-0.0115297	0.00022019	-0.0305712	-0.0171238	0.0038214	-0.000986918	0.00851359	-0.00541793	0.0141932	-0.0172861	BEB	SAS
HG03007	-0.0116243	0.00583737	-0.0306461	-0.00680604	-0.00379889	0.0027856	-0.00212523	0.00179188	0.00781079	-0.0163168	BEB	SAS
HG03009	-0.0115313	0.00343234	-0.0291285	-0.0131212	0.00439796	-0.0019368	0.00774048	-0.0144772	-0.011508	-0.0103429	BEB	SAS
HG03012	-0.0116689	0.00292765	-0.033893	-0.0132735	-0.00385396	-0.00605082	0.0133534	-0.00560939	0.000448831	-0.0375566	BEB	SAS
HG03015	-0.0110542	0.0044065	-0.0327603	-0.0167501	-0.00502857	-0.00224196	0.0155178	-0.0164858	-0.0336899	0.00933832	PJL	SAS
HG03016	-0.0111833	0.0027711	-0.0382832	-0.0150437	0.00353877	-0.00123875	-0.000860288	-0.000564095	-0.0145641	-0.013751	PJL	SAS
HG03018	-0.010609	0.00787009	-0.0339014	-0.0138246	0.0045738	-0.00272287	0.00334194	-0.0181808	-0.0459772	0.0247649	PJL	SAS
HG03019	-0.0110748	0.00580562	-0.042546	-0.0151681	-0.00648643	0.00102496	-0.000476611	-0.0216797	-0.0217585	-0.0084215	PJL	SAS
HG03021	-0.0112519	0.00296987	-0.0383965	-0.0150831	0.00100842	0.000780771	-0.00281833	-0.0122117	-0.0204529	-0.026805	PJL	SAS
HG03022	-0.0116432	0.00695077	-0.0354148	-0.0160577	0.00287398	0.00461827	0.00588439	-0.0022891	-0.0138885	-0.0282287	PJL	SAS
HG03024	0.0338182	-0.00338212	-0.000633542	0.00262747	0.00836681	-0.0566742	-0.0197565	0.0399464	-0.0428591	0.0107072	GWD	AFR
HG03025	0.0349017	-0.00451465	-0.000430525	0.00112815	0.0149567	-0.0566867	-0.0142775	0.0357994	-0.0341814	0.0261281	GWD	AFR
HG03027	0.0362292	-0.00420871	0.000119357	-0.00180887	-0.00173857	-0.0656654	-0.00321147	0.0154062	-0.0213315	0.0299474	GWD	AFR
HG03028	0.0343356	-0.00367634	-0.00069336	0.000223728	-0.00653828	-0.045817	-0.012339	0.0329902	0.0208417	-0.0126484	GWD	AFR
HG03039	0.0349787	-0.00492181	-0.00170846	-0.000244874	0.0107971	-0.059823	-0.0145893	0.0293644	-0.0389426	0.0171961	GWD	AFR
HG03040	0.0357306	-0.00241478	0.000349426	-0.000212487	-0.00471777	-0.023336	0.00328855	0.00779505	-0.0132639	-0.0173102	GWD	AFR
HG03045	0.0336641	-0.00291466	-0.00164772	-8.88895e-05	0.010274	-0.058298	-0.021144	0.015184	-0.0345248	-0.00394666	GWD	AFR
HG03046	0.0337225	-0.00414378	-0.00171617	-0.000143747	-0.00389954	-0.0534064	-0.0112586	0.0299694	-0.0472797	-0.0428379	GWD	AFR
HG03048	0.0335124	-0.0025185	0.000364378	-0.000660414	0.00143231	-0.051644	-0.00825255	0.0470512	0.0117796	-0.00804138	GWD	AFR
HG03049	0.0344751	-0.00245324	0.00233696	-1.00776e-05	0.00474342	-0.0543784	-0.0136498	0.0339051	-0.00917819	-0.00482257	GWD	AFR
HG03052	0.0357004	-0.00302983	-0.000937388	0.00274669	0.00277798	-0.0247565	-0.00711748	-0.00527216	-0.013351	0.0177439	MSL	AFR
HG03054	0.0359122	-0.00524465	-0.00182544	0.00278232	0.00358316	-0.0388665	-0.00630845	0.0221547	-0.00316566	0.0245454	MSL	AFR
HG03055	0.0358283	-0.00335295	-0.00161119	-8.26104e-06	0.00521719	-0.0243331	0.00153322	0.00185902	-0.00450028	0.013009	MSL	AFR
HG03057	0.0365274	-0.00364639	-0.0010178	0.00104319	0.00319423	-0.025303	0.000588484	0.0268415	0.0378073	-0.000630207	MSL	AFR
HG03058	0.0357632	-0.00610981	0.000425645	-0.000406005	0.0105902	-0.0500184	-0.00366243	0.00636298	-0.0167071	0.0107978	MSL	AFR
HG03060	0.0343398	-0.00403109	0.000212407	-0.00102882	0.00538663	-0.0295674	0.00193665	0.018006	0.00363783	-0.0109986	MSL	AFR
HG03061	0.0348089	-0.00357654	0.00105522	-0.00129821	-0.0002344	-0.0464938	-0.00911399	0.0216611	-0.00411037	0.0210976	MSL	AFR
HG03063	0.035008	-0.00442637	-0.00132124	-0.00399206	0.00718633	-0.0381033	-0.00889882	0.00863337	-0.011303	0.00670412	MSL	AFR
HG03064	0.0354968	-0.00460764	0.000174726	0.00152677	0.0089416	-0.031776	0.00103665	-0.00962728	-0.0203873	-0.013075	MSL	AFR
HG03066	0.0352045	-0.00467628	-0.00106103	0.00115302	-0.000654677	-0.0316932	0.000195467	0.00179139	0.0138434	-0.000319816	MSL	AFR
HG03069	0.035897	-0.00486093	0.000219927	-0.0010964	0.00239183	-0.0403859	0.00131604	0.00242932	-0.0202982	-0.00539753	MSL	AFR
HG03072	0.0344247	-0.00318331	-0.000891931	0.00297768	-0.00451499	-0.0327311	-0.0013132	0.000496964	-0.0104476	0.00299257	MSL	AFR
HG03073	0.0361011	-0.00588573	-0.00124291	-0.00173932	-0.000595994	-0.0431599	-0.0104286	0.0251367	-0.00130141	0.00707127	MSL	AFR
HG03074	0.0356819	-0.00414177	-0.000722634	0.0017254	0.00730212	-0.021941	-0.00563365	0.00600439	-0.0183496	-0.00677038	MSL	AFR
HG03077	0.0348291	-0.00458278	-0.00376223	0.0011932	-0.00593088	-0.0362137	0.00237641	0.00869658	0.0060849	-0.00780705	MSL	AFR
HG03078	0.0363193	-0.0041434	0.000821371	-0.000779293	0.00641478	-0.0450092	-0.000745104	-0.0122504	0.00576378	0.0231567	MSL	AFR
HG03079	0.0355958	-0.00345962	0.00144612	-0.000236004	0.00298993	-0.0319831	-0.0116163	0.0097844	0.016832	-0.00440061	MSL	AFR
HG03081	0.0358605	-0.00502662	0.000923171	0.00128487	0.00356553	-0.0182043	-0.00710139	0.0395595	0.0432064	0.0190996	MSL	AFR
HG03082	0.0348937	-0.00360686	0.00170472	0.00378521	-0.00414795	-0.0301881	0.000951625	0.00475242	0.0135948	-0.0059074	MSL	AFR
HG03084	0.0354657	-0.00522774	-0.00127287	-0.00232778	-0.000243575	-0.0222197	-9.27612e-05	0.00573949	-0.00389165	0.0056219	MSL	AFR
HG03085	0.0352703	-0.00431501	-0.00110453	5.39837e-05	0.00221922	-0.0400163	-0.000355288	-0.012335	-0.00453018	-0.00598306	MSL	AFR
HG03086	0.0351086	-0.00376034	-0.00084804	0.00156795	0.0059825	-0.0349362	-0.00148651	-0.0183074	-0.00711815	0.0253006	MSL	AFR
HG03088	0.0332783	-0.00348976	0.00271116	0.000156491	-0.000757189	-0.0331842	-0.00770674	-0.00373961	-0.0148742	0.00749708	MSL	AFR
HG03091	0.0363399	-0.00372983	-0.000817769	-0.00272819	-0.000111541	-0.0373938	-0.00174178	0.00815494	-0.0111779	0.0101867	MSL	AFR
HG03095	0.0346731	-0.00342552	-0.000127228	-0.00245656	0.0019514	-0.0307199	0.0038359	0.0138429	-0.00089097	-0.0268587	MSL	AFR
HG03096	0.0368545	-0.00420607	-0.000830589	0.00236306	-0.000718891	-0.0279661	-0.000748881	0.0176336	0.0571612	0.00351523	MSL	AFR
HG03097	0.0358626	-0.00392732	-0.00030564	-0.000948066	0.00324509	-0.0277279	-0.0115677	0.00688733	-0.00462572	-0.00851893	MSL	AFR
HG03099	0.0362916	-0.00416253	-0.000356042	0.00100337	0.00285458	0.0351491	0.010859	-0.038927	0.0483877	0.0315645	ESN	AFR
HG03100	0.0353791	-0.00494476	-6.24451e-05	-0.00101893	0.00462766	0.00945809	0.0159994	-0.0455916	-0.00441873	-0.0061213	ESN	AFR
HG03103	0.0354256	-0.00473552	0.000788058	0.000853218	0.00449761	0.012606	0.0199439	-0.0298659	-0.0059379	0.00883255	ESN	AFR
HG03105	0.035705	-0.00417885	-0.000757337	0.000597657	0.0049227	0.0260933	0.0122358	-0.0534976	0.0305344	0.0349756	ESN	AFR
HG03108	0.0360653	-0.00421202	0.000307755	-0.00356139	-0.0149692	0.00827599	0.0100755	-0.0286491	0.029043	0.00930676	ESN	AFR
HG03109	0.0358281	-0.00385322	-0.00271871	-0.000513805	0.0025899	0.0216345	0.016399	-0.0231157	0.0263924	0.011195	ESN	AFR
HG03111	0.0344958	-0.00460216	0.000327031	-0.00126973	-0.0012084	0.0139197	0.00871575	-0.0530185	0.000512677	-0.0177943	ESN	AFR
HG03112	0.0360256	-0.00485216	0.000237697	0.00265466	0.00904366	0.0255386	0.00997809	-0.0306635	0.0209945	-0.000573618	ESN	AFR
HG03114	0.0350536	-0.00429058	-0.00138109	0.000517791	-0.00286182	0.0114226	0.012585	-0.0354972	0.0323965	0.0316473	ESN	AFR
HG03115	0.0345209	-0.00416417	-0.00145203	0.00278853	-0.0040399	0.0206646	0.00794901	-0.0454713	0.0229137	-0.0318338	ESN	AFR
HG03117	0.0359313	-0.00295297	-0.000166038	-0.000209353	0.00590584	0.0144419	0.013882	-0.0588149	0.0137028	0.0237529	ESN	AFR
HG03118	0.0356525	-0.00352718	-0.00132684	0.000258161	0.00660743	0.0050444	0.000847371	-0.0216866	0.0258708	-0.0233838	ESN	AFR
HG03120	0.0366776	-0.00401267	0.000873336	-0.0025003	0.00875242	0.00746798	0.0078486	-0.0340946	0.0268225	0.00595897	ESN	AFR
HG03121	0.0355714	-0.00518324	0.000485725	-0.000126544	-0.000719392	0.0156804	0.00450384	-0.0424905	-0.00369838	0.021868	ESN	AFR
HG03123	0.0357424	-0.00478758	0.00108283	0.000258027	0.00700858	0.0183299	0.00825103	-0.0252533	0.0129011	0.0126575	ESN	AFR
HG03124	0.0341025	-0.00477591	-0.000780932	0.000353843	0.00971145	0.0176918	0.00107038	-0.0345616	0.00352238	-0.0115062	ESN	AFR
HG03126	0.0350526	-0.00377239	0.000903625	-0.000260797	-0.00480857	0.0063903	0.0106088	-0.0487329	-0.0105188	0.0144443	ESN	AFR
HG03127	0.0350683	-0.00406434	0.000979467	-0.00177168	-0.00424775	0.0206374	0.0147135	-0.0337991	0.0274137	0.00714201	ESN	AFR
HG03129	0.0365132	-0.00358728	-0.000998619	-0.00134531	0.00928801	0.0163354	0.00261568	-0.0346701	0.0327708	0.0334697	ESN	AFR
HG03130	0.0361939	-0.00480339	0.000158456	0.000688321	-0.00555836	0.0211411	0.00328555	-0.0440343	0.0229694	0.000995575	ESN	AFR
HG03132	0.0358611	-0.00392134	0.000808408	-0.000407369	-0.00452728	-0.00137819	0.0118213	-0.0481761	0.0129822	0.00851647	ESN	AFR
HG03133	0.0362085	-0.00390489	0.00179739	0.000827665	-0.000731353	0.00669672	0.00944835	-0.0403401	0.0244761	-0.0446022	ESN	AFR
HG03135	0.0353407	-0.00394815	0.000712985	0.000235597	-0.00205258	0.0197574	-0.00263143	-0.0342353	0.041474	-0.0162577	ESN	AFR
HG03136	0.0349685	-0.00486265	2.5698e-06	-0.00139457	0.00702736	0.0169667	0.0158914	-0.0454617	0.0185882	-0.0448351	ESN	AFR
HG03139	0.0346124	-0.00426265	0.000580814	0.00111395	-0.00529595	0.0324238	0.0155626	-0.0591494	0.0124822	0.0125087	ESN	AFR
HG03157	0.0357797	-0.00452215	-0.0028439	-0.000674838	0.00401597	0.00931806	0.0116108	-0.0199225	0.0308022	0.00791898	ESN	AFR
HG03159	0.0352736	-0.00548315	-0.00108507	-0.00031053	0.00075808	0.0133008	0.00606403	-0.0401946	-0.00493968	0.00843634	ESN	AFR
HG03160	0.0354351	-0.00422017	-0.00343045	-0.00069248	0.00390229	0.0201841	0.0131137	-0.0547167	-0.00901247	0.00212657	ESN	AFR
HG03162	0.0352591	-0.00383849	0.000417529	-2.77617e-05	-0.00795925	0.0152296	-0.00144905	-0.0398939	7.28228e-05	0.0258854	ESN	AFR
HG03163	0.0362552	-0.00479407	-0.000445955	0.000399601	-0.000926787	0.0218524	0.0145262	-0.0531099	-0.0105227	-0.0107748	ESN	AFR
HG03166	0.0349483	-0.00425993	-6.09383e-05	-0.000110386	-0.000445051	0.0272929	0.00640719	-0.0310831	0.0332242	0.00214313	ESN	AFR
HG03168	0.0357142	-0.00453058	-0.000108509	0.00157434	0.00452727	0.0118228	0.0043362	-0.0343089	0.0209678	0.0281935	ESN	AFR
HG03169	0.0347172	-0.00291408	-0.00182771	0.00315092	-0.00501194	0.0353019	0.00683461	-0.00654178	0.0148905	-0.0147666	ESN	AFR
HG03172	0.0356647	-0.00456448	0.00129917	0.000959593	-0.00268189	0.0253992	0.0180855	-0.0274887	-0.0036186	-0.00715422	ESN	AFR
HG03175	0.0354756	-0.00490905	0.00225788	0.00077148	0.00623609	0.00211145	0.0112607	-0.0417702	-0.00135659	0.0241824	ESN	AFR
HG03189	0.035463	-0.00421344	0.00241897	0.00132643	-0.00829371	0.00609333	0.0188189	-0.0328546	0.0151872	-0.0619101	ESN	AFR
HG03190	0.0354115	-0.00457235	0.00296978	0.000235173	-0.012951	0.0218327	0.0172146	-0.0453063	-0.00731502	-0.00654947	ESN	AFR
HG03193	0.0355393	-0.00437783	9.00441e-06	-0.000383938	0.00342606	0.00985967	0.00858983	-0.0399644	0.00670266	-0.0113598	ESN	AFR
HG03195	0.0351096	-0.00318334	-0.000116113	0.000527116	-0.00414049	0.0121495	0.00842771	-0.0426501	-0.00476353	-0.0131141	ESN	AFR
HG03196	0.0343756	-0.00332563	0.000485607	0.00110148	0.000441089	0.0160409	0.0027564	-0.0185836	0.0273178	0.00304653	ESN	AFR
HG03198	0.0354111	-0.00473228	-0.00242701	-0.000319568	-0.0103817	0.028341	0.00573842	-0.0190664	0.0502156	0.0442576	ESN	AFR
HG03199	0.0361729	-0.00375095	-0.0013671	0.00273754	-0.00367917	-0.00669899	0.0119025	-0.0291533	0.0113056	-0.0179762	ESN	AFR
HG03202	0.0354808	-0.00473294	0.00151261	0.0029047	0.00297885	0.0343701	0.0082107	-0.0497937	0.00576756	-0.0230632	ESN	AFR
HG03209	0.0357598	-0.00552339	0.000663303	0.000348391	0.00482135	-0.0404178	-0.012335	0.0258916	0.0214601	-0.032938	MSL	AFR
HG03212	0.0347225	-0.0054561	-0.000439577	0.00115007	0.00498981	-0.02711	-0.0118512	-0.00611485	-0.0325777	-0.0149824	MSL	AFR
HG03224	0.0362073	-0.00428249	-0.000320605	-0.000322095	0.00260134	-0.0241764	-0.00099592	0.000541374	0.00376309	0.0294035	MSL	AFR
HG03225	0.0363888	-0.00417779	-0.00249828	-0.00246065	0.00410794	-0.0308797	0.000609335	-0.00237849	-0.0124827	0.0244408	MSL	AFR
HG03228	-0.0110633	0.00553885	-0.0347515	-0.0118936	0.00819676	-0.00402423	0.000536797	-0.00824519	-0.00204794	-0.0349238	PJL	SAS
HG03229	-0.0113437	0.0048811	-0.0366163	-0.0147007	-0.00357164	0.00357074	-0.00152147	-0.0127895	-0.0111337	-0.0315997	PJL	SAS
HG03234	-0.0107924	0.01284	-0.0233569	-0.00661927	0.00732396	0.000461909	-0.00526932	-0.00538227	-0.0037985	-0.0203064	PJL	SAS
HG03235	-0.0101365	0.00896775	-0.0309532	-0.0129495	0.0095451	-0.00215253	0.000504931	0.00599573	-0.00458337	-0.000217861	PJL	SAS
HG03237	-0.0106935	0.013286	-0.0175144	-0.00676545	-0.000452734	-0.000564746	-0.000621297	-0.00868573	-0.0111945	0.0419928	PJL	SAS
HG03238	-0.0105421	0.0130381	-0.0194205	-0.00315816	0.00599405	0.00627484	-4.3405e-05	-0.0233528	-0.0442847	-0.0199259	PJL	SAS
HG03240	0.0334934	-0.00384794	-0.000326688	0.000162947	0.0109493	-0.0619473	-0.0167482	0.0108013	0.001506	-0.0287871	GWD	AFR
HG03241	0.0346853	-0.00423288	0.000444247	0.000448434	0.00541138	-0.0538681	-0.0251035	0.036276	-0.0324516	0.000768883	GWD	AFR
HG03246	0.0353875	-0.00444269	0.000658576	-0.00261111	0.0108997	-0.0797647	-0.0185389	0.0329327	-0.0159511	0.0255508	GWD	AFR
HG03247	0.0332982	-0.00272912	0.000818874	0.000269756	0.00265856	-0.0344778	-0.0198752	0.0260491	-0.032939	0.0135998	GWD	AFR
HG03258	0.0338877	-0.0044043	4.01269e-05	-0.0021944	0.00712994	-0.0637757	-0.0150402	0.0273087	-0.00269057	-0.00804276	GWD	AFR
HG03259	0.0332886	-0.00381393	-0.00245089	0.000951071	0.00698186	-0.0659521	-0.00559766	0.0533947	0.0307315	-0.0148564	GWD	AFR
HG03265	0.0355435	-0.00392511	0.00171024	0.00294542	-0.00944642	0.00987472	0.013747	-0.0475052	0.000433359	0.0368527	ESN	AFR
HG03267	0.0347082	-0.00426904	0.00026087	0.00128866	-0.00153748	0.0272425	0.00717379	-0.0414654	0.00051856	-0.00967716	ESN	AFR
HG03268	0.0354947	-0.00379231	0.00224359	-0.00112449	0.0074106	0.0107597	0.0149282	-0.0636663	0.00893743	-0.0151275	ESN	AFR
HG03270	0.0362071	-0.00489405	-0.00250878	-0.00195882	-0.0124562	0.0129182	0.00453744	-0.0217308	0.0328742	0.0299956	ESN	AFR
HG03271	0.0354277	-0.00434838	0.00104864	0.000758256	-0.00401834	0.0266689	0.0209197	-0.0613547	0.00204698	0.0221682	ESN	AFR
HG03279	0.0365452	-0.0044868	-0.00134792	-0.00181016	0.00110919	0.010136	0.00827624	-0.047537	0.0370315	0.0231494	ESN	AFR
HG03280	0.0356739	-0.00385887	0.000208183	-0.00138176	-0.000770015	0.0169818	0.00275995	-0.0400265	0.00764086	-0.00132649	ESN	AFR
HG03291	0.0359373	-0.00481715	0.00116112	-0.00245835	-0.00449376	0.0098376	0.00649482	-0.0368766	-0.0145821	-0.014004	ESN	AFR
HG03294	0.0354586	-0.00381292	-0.000933705	0.00113618	-0.00033169	0.0132019	0.0142593	-0.0212638	-0.0106158	0.0226573	ESN	AFR
HG03295	0.0351146	-0.00455695	0.000547887	0.00018361	0.00405891	0.00637474	0.00809657	-0.0336633	0.00708104	0.0305127	ESN	AFR
HG03297	0.0361898	-0.00311193	4.69377e-05	0.0011627	-0.00205281	0.0143581	0.000631186	-0.03019	-0.0132653	-0.02478	ESN	AFR
HG03298	0.0348269	-0.00469089	0.000457373	-0.0022271	-0.0022596	0.0155993	0.00951124	-0.0300765	-0.0107842	-0.00689155	ESN	AFR
HG03300	0.035961	-0.0043308	0.00264455	-0.000388431	-0.00931335	0.0282986	0.00902687	-0.0351522	0.0440727	0.0323463	ESN	AFR
HG03301	0.036403	-0.00454504	0.0017682	0.000916735	-0.00119648	0.0295003	0.0202965	-0.0566559	0.00522136	0.0186895	ESN	AFR
HG03303	0.0350498	-0.00402418	0.00164875	0.000816948	-0.00862688	0.0208359	0.00390671	-0.0235892	0.0261014	0.000420671	ESN	AFR
HG03304	0.0345802	-0.00285415	0.00195183	0.000604995	-0.00194339	0.0143051	0.0130581	-0.0607428	0.00142634	0.000778627	ESN	AFR
HG03311	0.0362896	-0.00401981	0.000513921	-0.00361049	0.00140861	0.017862	0.01251	-0.0366122	0.0240172	0.0187757	ESN	AFR
HG03313	0.0362069	-0.00323512	-0.000308	-0.000385642	-0.00220591	0.0164196	-0.00338551	-0.0329004	0.00593822	0.043685	ESN	AFR
HG03342	0.0352429	-0.00546179	0.00115376	0.000314827	-0.00196272	0.022831	0.010185	-0.0353753	0.0227745	0.0131098	ESN	AFR
HG03343	0.0352047	-0.00425652	-0.000259858	-0.00188273	0.0107834	0.017575	0.00409863	-0.0550228	0.0291529	0.00179684	ESN	AFR
HG03351	0.0356816	-0.00374736	0.000756825	0.00338333	0.00422873	0.00794533	0.0142708	-0.0421319	-0.000794725	0.018145	ESN	AFR
HG03352	0.0364258	-0.00394553	0.000132144	-2.67559e-05	0.000780995	0.030067	0.00703993	-0.0563516	0.0379429	-0.0331291	ESN	AFR
HG03354	0.0351746	-0.0037359	0.00294866	0.00133946	-0.00822735	0.0190829	0.0125076	-0.0439199	-0.00677694	-0.008519	ESN	AFR
HG03363	0.0351375	-0.00356352	-0.00117241	0.00174242	0.00210776	0.0207123	0.0108575	-0.0136547	0.0197947	0.000237618	ESN	AFR
HG03366	0.0356895	-0.00429837	-0.00108846	-0.00179879	0.00271758	0.0225486	0.0130199	-0.0599052	0.0154371	0.000971441	ESN	AFR
HG03367	0.0339092	-0.00437405	-0.000223936	-0.00146482	-0.0057705	0.0283511	0.0149385	-0.0615487	-0.00999571	-0.0305856	ESN	AFR
HG03369	0.0354371	-0.0044831	-0.00089996	-0.00177433	0.00373723	0.0188449	0.0126281	-0.0237036	0.00732179	0.0110386	ESN	AFR
HG03370	0.0365327	-0.00500187	5.97886e-05	-0.00280123	-0.00874656	0.0215959	0.00898273	-0.0448589	0.0460323	0.0135782	ESN	AFR
HG03372	0.0343751	-0.00352572	0.0031983	-0.000523641	-0.00166457	0.0197134	0.008671	-0.0371531	0.0176735	-0.0368937	ESN	AFR
HG03376	0.0355469	-0.00408552	0.000927101	0.000290728	-0.00206775	-0.0342565	0.00473296	0.0212857	0.00318268	-0.00575884	MSL	AFR
HG03378	0.0347413	-0.00393343	0.00109928	-0.00333795	0.00191138	-0.0210089	-0.00751155	0.00831177	-0.0292642	-0.0163485	MSL	AFR
HG03380	0.0346191	-0.00408172	-0.000863059	-0.00133635	-0.00517038	-0.0329951	-0.00321217	0.0315236	0.0360765	-0.00670838	MSL	AFR
HG03382	0.034632	-0.00434386	-0.00045084	0.000303024	0.0103117	-0.0433268	-0.00311548	0.00851459	0.0124889	0.0199429	MSL	AFR
HG03385	0.0357561	-0.00370693	0.00101335	-0.000378237	0.00772939	-0.0458317	-0.00419303	0.0147737	-0.0158043	0.013815	MSL	AFR
HG03388	0.0346432	-0.00400372	-0.000442704	0.00128983	0.0116952	-0.0247233	-0.00445905	0.00583742	-0.0177874	0.0284328	MSL	AFR
HG03391	0.035828	-0.00441543	-0.00234345	0.00105726	-0.00475875	-0.0286875	0.00551469	0.00168291	0.0105416	-0.0329936	MSL	AFR
HG03394	0.0357084	-0.00427826	0.00162271	0.00121239	-0.000539369	-0.0193576	0.00229522	0.00799953	0.021635	0.0177361	MSL	AFR
HG03397	0.0353673	-0.00409436	0.000671767	0.000399449	0.0048259	-0.0403042	-0.00962118	0.0188816	-0.0169344	0.0316441	MSL	AFR
HG03401	0.0346531	-0.00411952	-0.000824842	0.00153662	-0.00152052	-0.0394563	-0.00507861	-0.00174189	-0.0174487	-0.00483005	MSL	AFR
HG03410	0.0359407	-0.0041723	-0.000459515	-3.69975e-05	0.00843363	-0.0348412	-0.00968143	0.00895481	-0.00641978	0.0374697	MSL	AFR
HG03419	0.0350499	-0.0035461	0.000835735	0.000287778	0.00785742	-0.0395444	0.00268809	0.0181657	0.00296362	-0.0140503	MSL	AFR
HG03428	0.0357886	-0.00386197	-0.00162517	0.000166216	0.00200503	-0.0386505	-0.0068902	0.00210723	0.0343352	-0.00894514	MSL	AFR
HG03432	0.034645	-0.00422235	-8.07864e-05	0.000666101	0.00502613	-0.0299752	-0.0038849	-0.0039705	-0.0161398	0.0129725	MSL	AFR
HG03433	0.0350954	-0.00393582	0.000851412	0.000662124	0.00884498	-0.0328447	-0.0102512	0.0189689	0.010858	-0.0179538	MSL	AFR
HG03436	0.0339272	-0.00434608	0.00103098	-2.62093e-05	-0.00315989	-0.0264994	0.00373227	0.00927826	-0.0183551	-0.0152733	MSL	AFR
HG03437	0.0356657	-0.00501821	-0.00152559	0.000904753	1.96228e-05	-0.0333158	-0.00123207	0.0263881	0.00596939	-0.00956841	MSL	AFR
HG03439	0.0352245	-0.00408348	-0.000389918	-0.00221088	0.00363061	-0.0292558	-0.000385233	-0.000638765	-0.00992111	-0.00964111	MSL	AFR
HG03442	0.0358515	-0.00269152	-0.00116037	-0.00487983	-0.00169663	-0.0294638	-0.0101081	0.02783	0.0228158	-0.00364153	MSL	AFR
HG03445	0.034061	-0.00320553	-0.0025299	-0.000517409	-0.00133127	-0.0349231	-0.00560503	0.0164252	0.00704209	-0.00831294	MSL	AFR
HG03446	0.0343505	-0.00407218	0.00174091	-0.00106978	0.00351751	-0.0406655	-0.00198793	0.00835205	0.00759093	0.00350375	MSL	AFR
HG03449	0.0345168	-0.00423477	0.00255082	0.000794085	0.00274137	-0.0307345	0.00331324	0.00222154	-0.012922	-0.0393063	MSL	AFR
HG03451	0.036276	-0.0027013	0.00114975	0.000842827	-0.00122207	-0.035198	-0.00394954	0.000248499	0.0207886	-0.00539621	MSL	AFR
HG03452	0.0343312	-0.00386021	-0.00150811	-0.000435881	-0.00133976	-0.0261848	-0.00150694	0.0250752	-0.000615334	-0.0145319	MSL	AFR
HG03455	0.0357614	-0.00469566	0.00027997	-0.000883068	0.00377866	-0.02461	0.00389158	0.0318978	0.0435924	0.00895532	MSL	AFR
HG03457	0.0345658	-0.00461359	0.000393252	-0.000653674	0.0115329	-0.0442404	-0.00445565	0.00278854	0.0146853	-0.0378634	MSL	AFR
HG03458	0.0359381	-0.00425389	-0.00150095	0.00185883	-0.00651817	-0.0229826	0.00356917	0.0127281	0.00664305	-0.016787	MSL	AFR
HG03460	0.0347399	-0.00445565	0.000986221	-0.000798384	-0.00320628	-0.0285517	-0.000545742	0.00091279	0.0133396	-0.0397012	MSL	AFR
HG03461	0.0343432	-0.00431479	-0.000232098	0.00155671	-0.00426864	-0.0195531	-0.0112066	0.0301113	0.0284891	-0.0205653	MSL	AFR
HG03464	0.0359396	-0.00458288	-0.00353377	8.7587e-05	0.00617205	-0.0392147	0.0021848	0.0178398	0.00997311	0.0173023	MSL	AFR
HG03469	0.0350412	-0.00335845	0.00104069	0.000667188	0.000862641	-0.0329449	0.00522212	-0.00544209	-0.0169665	-0.0247123	MSL	AFR
HG03470	0.0350423	-0.00312643	-6.77883e-05	0.000125867	0.00685239	-0.0170709	-0.00944366	-0.00251242	-0.000833332	-0.0133014	MSL	AFR
HG03472	0.0350779	-0.00368351	0.000547618	-0.00164222	0.0020573	-0.0442261	-0.0109219	-0.0173569	-0.00318341	-0.0169509	MSL	AFR
HG03473	0.035659	-0.00394446	-0.00153225	-0.000558196	0.00516148	-0.0370466	-0.00825747	0.0181227	0.0339056	0.00330124	MSL	AFR
HG03476	0.0353856	-0.00467644	-0.00112362	0.000325276	-0.00153576	-0.0460202	-0.00648717	0.0407822	0.0211956	0.0215114	MSL	AFR
HG03478	0.0346776	-0.00422968	0.000943387	0.000253214	0.00517175	-0.0377408	-0.00147661	-0.0101985	-0.00174002	0.0216053	MSL	AFR
HG03479	0.0353739	-0.00436845	0.000970821	-0.00106375	0.00152005	-0.0339242	0.00611238	-0.0208951	0.00846218	0.00221007	MSL	AFR
HG03484	0.0353154	-0.00458334	0.000512222	-0.000214762	-0.00314317	-0.0233926	-0.00768159	0.0222412	0.0105351	0.0215157	MSL	AFR
HG03485	0.0344189	-0.00370054	-0.000683074	-0.000124834	-0.00401134	-0.0334598	-0.00085679	0.0235904	0.000105174	0.0106691	MSL	AFR
HG03488	-0.0109166	0.0127659	-0.02655	-0.0111293	-0.00276679	-0.00387864	-0.00287551	0.00892574	-0.00395291	0.0193782	PJL	SAS
HG03490	-0.0101176	0.0128451	-0.0194889	-0.010612	-0.00362319	0.00707023	-0.00585835	-0.00888146	-0.0292453	0.015852	PJL	SAS
HG03491	-0.0106496	0.00483139	-0.0384994	-0.0122651	0.00423858	-0.00392923	-0.0159024	0.0248728	0.0291212	0.015749	PJL	SAS
HG03499	0.0345507	-0.00411709	0.0017285	-0.000323354	-0.00112011	0.0174092	0.000505071	-0.0334808	0.0287943	-0.0472419	ESN	AFR
HG03511	0.0350293	-0.00314535	6.50865e-06	0.000763114	0.0031223	0.0237315	0.0199735	-0.0484681	-0.00334721	-0.00500509	ESN	AFR
HG03514	0.0339293	-0.00465996	0.0039951	0.00162737	-0.00889575	0.0162968	0.00225898	-0.0346175	0.0151144	-0.000729716	ESN	AFR
HG03515	0.0349112	-0.0049764	-0.0028924	0.000141224	0.000596164	0.0161778	0.00228788	-0.0264708	-0.00264378	0.0351419	ESN	AFR
HG03517	0.0361277	-0.00453795	-8.96343e-05	9.73446e-05	-0.000820067	0.0270398	0.012196	-0.0520903	0.0362675	0.0195453	ESN	AFR
HG03518	0.0357502	-0.0052718	-0.000249513	0.000587067	-0.00648185	0.0189492	0.0122149	-0.0423464	0.00595443	0.0150525	ESN	AFR
HG03520	0.0356453	-0.00354201	0.00106221	-0.00114356	-0.0081808	0.0167748	0.011325	-0.0205754	0.0379789	0.0498353	ESN	AFR
HG03521	0.0354148	-0.00524354	-0.000926673	3.15415e-05	-0.00112574	0.00897605	0.0155067	-0.0563749	-0.0126823	-0.0268984	ESN	AFR
HG03538	0.0350067	-0.00367095	0.000155737	-0.000223151	0.00203335	-0.064453	-0.0158584	0.0256627	-0.00262465	-0.0289673	GWD	AFR
HG03539	0.034322	-0.00264398	0.000985511	0.00350124	0.00376018	-0.0624956	-0.0133371	0.0379771	-0.0119363	0.0296769	GWD	AFR
HG03547	0.0351955	-0.00374092	0.00034684	0.000855784	0.00945966	-0.0293996	-0.00802032	0.00123293	0.0208758	0.00102504	MSL	AFR
HG03548	0.03576	-0.00456958	0.00199175	0.000506842	-0.00226368	-0.0167475	0.00136636	-0.00336535	-0.00854723	-0.0139977	MSL	AFR
HG03556	0.0362099	-0.00504119	0.0016734	-3.88052e-05	0.011212	-0.0338761	-0.0035537	-0.0258757	-0.0107749	-0.0141098	MSL	AFR
HG03557	0.0346511	-0.00491386	0.000606294	0.00067194	0.0069416	-0.0472705	-0.000263106	-0.0138298	-0.0109793	-0.0140403	MSL	AFR
HG03558	0.0359316	-0.0034057	-0.00113576	0.00023631	0.00593002	-0.0367699	-0.00546744	0.0161284	0.04295	0.0135338	MSL	AFR
HG03559	0.034736	-0.00435967	-0.00115859	0.0021652	0.00748371	-0.0345552	-0.00153842	0.00872998	-0.022137	0.0068025	MSL	AFR
HG03563	0.0352055	-0.00425297	-0.00066269	0.00391193	0.000180401	-0.0373307	0.0043252	0.0131736	0.0247983	0.00849943	MSL	AFR
HG03565	0.0342529	-0.00562323	-0.000503405	-0.000714257	0.00130852	-0.0361796	-0.00770291	0.0119047	-0.00681502	-0.0168731	MSL	AFR
HG03567	0.0349138	-0.00458374	0.000914912	-0.000528489	-0.00290109	-0.050504	0.00437773	0.00381534	0.0175775	0.00399667	MSL	AFR
HG03571	0.0336206	-0.0047157	4.76377e-05	-0.000267853	0.0114853	-0.0358828	-0.00900233	-0.00916564	-0.0287031	-0.00857873	MSL	AFR
HG03572	0.0341923	-0.00273921	1.22273e-05	0.000923816	0.00168705	-0.039437	-0.00808448	0.0195919	0.00433956	-0.0101631	MSL	AFR
HG03575	0.0354788	-0.00413649	0.00109369	-0.00101522	0.00265113	-0.0373678	0.00172534	0.000334071	-0.0124784	0.000652082	MSL	AFR
HG03577	0.0351641	-0.00413095	-0.00106297	-0.00255084	0.0104069	-0.0307173	-0.00612806	0.0112719	0.00142299	0.024914	MSL	AFR
HG03578	0.0344053	-0.00492828	-0.0023548	-0.00226199	-0.00568516	-0.0419865	0.00293451	0.0212958	0.0453235	-0.00745942	MSL	AFR
HG03583	0.0352137	-0.00315057	0.000226163	0.000162368	0.0043874	-0.0275381	0.00829868	0.0187538	0.0227714	-0.0278397	MSL	AFR
HG03585	-0.0116728	0.000909819	-0.0303194	-0.0132479	0.0142556	0.000695958	-0.00856267	-0.0146127	-0.0367386	-0.00760973	BEB	SAS
HG03589	-0.0109666	0.0003872	-0.0391898	-0.0168818	0.0156401	-0.00413027	0.000443488	-0.0270648	-0.0341607	-0.00442333	BEB	SAS
HG03593	-0.0116884	0.00183294	-0.035507	-0.0102568	0.00152462	0.00406071	-0.00493933	-0.0160564	-0.0282513	0.00574557	BEB	SAS
HG03594	-0.0112532	0.00107648	-0.0292771	-0.00989259	-0.00112462	-0.00455799	0.00202053	0.0132728	0.0284261	0.0176446	BEB	SAS
HG03595	-0.011445	0.00424254	-0.026848	-0.00359961	0.0133996	0.00341696	-0.00751376	0.0201517	0.0154841	0.0060317	BEB	SAS
HG03598	-0.0111629	0.00108983	-0.0317141	-0.0139082	-4.23698e-05	-0.00290041	0.0203349	0.00556571	-0.0098014	0.00477926	BEB	SAS
HG03600	-0.0119005	0.0016385	-0.0381775	-0.0197254	-0.00625675	0.00183857	0.00239611	-0.000728587	-0.00881573	-0.0134326	BEB	SAS
HG03603	-0.0117333	0.000545962	-0.0281803	-0.0136191	-0.00980591	0.00258283	0.00299328	0.00934852	0.0199484	-0.0237232	BEB	SAS
HG03604	-0.0106967	0.00196414	-0.0363156	-0.0151733	0.0106677	-0.00113226	0.00486185	-0.0168288	-0.0279674	0.0107959	BEB	SAS
HG03607	-0.0115767	0.0016218	-0.0322942	-0.0115468	0.00429706	-0.000759572	-0.00170275	0.00275576	-0.00720058	0.0165309	BEB	SAS
HG03611	-0.0118026	-0.00169871	-0.0334844	-0.00994415	-0.00106318	0.00168521	-0.00845474	0.0028373	0.023999	-0.0156841	BEB	SAS
HG03615	-0.0121047	0.00105274	-0.0327344	-0.0128589	0.000640258	0.00738112	0.00111882	-0.0122586	-0.016885	-0.0144448	BEB	SAS
HG03616	-0.0109167	0.00389827	-0.0329225	-0.0129717	0.000725621	-0.00366337	-0.00246289	0.0121592	0.0395123	0.0290662	BEB	SAS
HG03619	-0.0107903	0.0102186	-0.0187837	-0.00701239	-0.0106974	-0.00290635	0.0134006	0.00692129	0.00477672	0.023032	PJL	SAS
HG03624	-0.0105293	0.013761	-0.0220402	-0.0106248	-0.00814723	0.00352921	0.00530771	-0.0157796	-0.0305815	0.0250396	PJL	SAS
HG03625	-0.0109919	0.0141523	-0.0207282	-0.00405254	-0.00937719	-0.00137571	-0.00845961	0.00938154	0.0190726	0.0150511	PJL	SAS
HG03629	-0.0108309	0.0120936	-0.024504	-0.00537354	0.00425551	0.0020994	7.34778e-05	0.00272805	0.0132424	0.0233962	PJL	SAS
HG03631	-0.011219	0.0118626	-0.0300029	-0.0127897	-0.00566722	0.000604029	0.00436308	0.0181166	0.0336538	0.0147754	PJL	SAS
HG03634	-0.0105604	0.0113986	-0.0259449	-0.0113947	-0.00922512	0.00245427	0.00217153	-0.00989099	-0.00309929	-0.00229975	PJL	SAS
HG03636	-0.0109945	0.00866952	-0.027649	-0.0113623	-0.0153066	-0.00260021	0.00272978	0.00576436	0.01675	-0.0329708	PJL	SAS
HG03640	-0.0112181	0.0046688	-0.0339664	-0.0170523	0.00447666	-0.00269073	-0.010439	-0.00627589	-0.00472803	-0.0155409	PJL	SAS
HG03642	-0.0108388	0.00317712	-0.0416074	-0.0171485	-0.00570017	0.00195184	0.000679095	-0.0102043	0.0169873	-0.010983	STU	SAS
HG03643	-0.0111116	0.00362562	-0.0385232	-0.0168323	-0.00347715	0.00720595	-0.000407687	0.0087655	0.0245888	-0.0055616	STU	SAS
HG03644	-0.0112821	0.00358496	-0.0352027	-0.0119792	0.00381155	0.0080152	-0.00768872	0.00193617	0.00455323	0.0177422	STU	SAS
HG03645	-0.0107204	0.00439977	-0.0392504	-0.0141037	0.00066983	-0.00903803	-0.00947682	-0.00172222	0.00759115	0.0281391	STU	SAS
HG03646	-0.0111305	0.00749923	-0.0339573	-0.0115223	0.00351192	-0.00939825	-0.00560126	0.0104785	0.0233202	-0.0138978	STU	SAS
HG03649	-0.0113764	0.00947319	-0.0308674	-0.00896043	0.0076621	0.00252612	-0.00590465	0.00633931	-0.0197238	0.0263932	PJL	SAS
HG03652	-0.0117667	0.00673022	-0.0331068	-0.0116997	-0.00848119	-0.00990677	0.00784026	0.00146616	-0.0146452	-0.0082242	PJL	SAS
HG03653	-0.0110679	0.00689663	-0.0340155	-0.013022	0.00113549	0.00564412	-0.0104367	-0.0134657	0.0241581	-0.0323672	PJL	SAS
HG03660	-0.010794	0.0050386	-0.0326192	-0.0156701	0.0156811	0.00851482	-0.000623355	-0.00760997	-0.0305823	0.00573883	PJL	SAS
HG03663	-0.0113698	0.0054814	-0.0312007	-0.011286	0.0101195	-0.00336837	0.0140296	0.00449031	0.0146256	0.0174329	PJL	SAS
HG03667	-0.0113657	0.00227697	-0.0422718	-0.0172027	0.000329607	-0.00907151	0.0181555	-0.0146718	-0.0204004	0.00244633	PJL	SAS
HG03668	-0.0108672	0.00744644	-0.0336468	-0.0134796	-0.000260802	-0.00103608	-0.00747065	-0.00781873	-0.00376337	-0.000511903	PJL	SAS
HG03672	-0.011332	0.00738324	-0.0390266	-0.0192547	5.57826e-05	-0.00215424	0.00206144	0.0084055	0.00621338	-0.0100193	STU	SAS
HG03673	-0.0105028	0.00439985	-0.0345428	-0.0176567	0.00732885	-0.00188459	0.000992544	-0.00411811	0.00224482	0.0205978	STU	SAS
HG03679	-0.0102458	0.00926233	-0.031291	-0.0155993	-0.00217943	0.00965302	-0.0132694	-0.0238548	-0.0313158	0.020452	STU	SAS
HG03680	-0.0106401	0.0055495	-0.0406348	-0.0155876	0.0125265	0.00454398	0.000473061	4.8267e-05	0.00577002	-0.0326024	STU	SAS
HG03681	-0.0105395	0.00553382	-0.0428033	-0.013464	0.00939512	-0.00327541	-0.00520117	0.0103745	0.0084256	0.0345277	STU	SAS
HG03684	-0.0104328	0.000932622	-0.0405644	-0.01402	-0.00203219	0.00192706	0.00179745	-0.00392619	-0.00429539	0.0247594	STU	SAS
HG03685	-0.0107386	0.004197	-0.0419071	-0.0165556	0.00727698	0.0018949	-0.00554504	-0.0141876	-0.026543	0.0101915	STU	SAS
HG03686	-0.0104646	0.00150572	-0.0439315	-0.02058	0.00195507	-0.0110205	0.00992645	0.00520993	-0.0096298	0.000885966	STU	SAS
HG03687	-0.0105941	0.00563551	-0.037061	-0.0169196	-0.00436935	0.00743324	0.00251779	0.00876498	0.025562	0.0169007	STU	SAS
HG03689	-0.0102878	0.00295068	-0.0415195	-0.014736	-0.00518816	0.000290818	-0.00109032	-0.00699895	-0.0197611	-0.00433661	STU	SAS
HG03690	-0.010654	0.0049666	-0.0382868	-0.0122537	-0.0117879	0.00369725	-0.00146649	0.00979869	-0.0112096	0.0124642	STU	SAS
HG03691	-0.010371	0.00662732	-0.0434502	-0.0189514	0.00715934	0.000833383	-0.0194049	0.00119905	0.018806	0.0160351	STU	SAS
HG03692	-0.00998812	0.00493893	-0.0396007	-0.0191486	0.00186663	0.00184177	-0.0126458	-0.0234634	-0.0314325	0.0217021	STU	SAS
HG03693	-0.0113668	0.00375742	-0.038266	-0.0170651	0.00124068	-1.61559e-05	-0.0122088	0.000685033	0.0263129	0.0252801	STU	SAS
HG03694	-0.011619	0.00462647	-0.0294232	-0.0129832	0.0108627	0.00148562	-0.00705484	0.0164638	0.0225692	0.00971006	STU	SAS
HG03695	-0.0106732	0.00260511	-0.044263	-0.018727	-0.0047478	-0.00416577	-0.00527022	0.00619718	0.019706	-0.0264219	STU	SAS
HG03696	-0.0109988	0.00568359	-0.0337185	-0.0124576	-0.0041775	0.00194557	-0.0050444	-0.0284162	-0.0375035	-0.0261543	STU	SAS
HG03697	-0.0102738	0.00458658	-0.0414505	-0.0162214	0.00953126	0.00387288	0.00434799	-0.00154369	-0.00706501	-0.0268673	STU	SAS
HG03698	-0.0114095	0.00466263	-0.0324788	-0.0129139	-0.00148838	0.00278064	0.00195124	-0.00311942	-0.00814715	-0.00349529	STU	SAS
HG03702	-0.0121111	0.0063796	-0.0337729	-0.0163917	-0.00422684	-0.00198209	-0.00278372	-0.0135388	-0.00510247	-0.0145216	PJL	SAS
HG03703	-0.0111012	0.00599003	-0.0312866	-0.0122062	-0.00586042	-0.000558577	0.00284589	-0.0142671	-0.0185897	-0.0096497	PJL	SAS
HG03705	-0.0106081	0.00648468	-0.0368243	-0.0184571	-0.00309803	0.00438344	0.0104132	0.00843453	-0.0186823	0.01061	PJL	SAS
HG03706	-0.0107045	0.00624169	-0.0374137	-0.0167437	0.000911874	0.00665583	0.0187154	-0.0115288	-0.0392479	-0.00594439	PJL	SAS
HG03708	-0.0118201	0.00623256	-0.027793	-0.00985592	0.00766358	-0.000493382	0.00785389	-0.0017889	-0.00340423	-0.0204304	PJL	SAS
HG03709	-0.0112377	0.00400977	-0.0391161	-0.0171235	0.00219387	0.000784263	0.00908144	-0.0148302	-0.00501049	0.0147805	PJL	SAS
HG03711	-0.010676	0.00379031	-0.0401638	-0.0219857	0.00567619	0.00475742	0.000996019	0.00441435	0.0138453	0.00253286	STU	SAS
HG03713	-0.0104556	0.00846262	-0.0302119	-0.00634147	0.0120051	-0.000985687	0.00141416	-0.000810258	-0.0188301	0.0268522	ITU	SAS
HG03714	-0.0116882	0.00824052	-0.0291505	-0.0109195	-0.00163192	-0.00178866	0.0084099	-0.00156014	-0.0196246	0.00251413	ITU	SAS
HG03716	-0.0109395	0.00851418	-0.0265341	-0.0132872	-3.485e-05	0.00594381	0.00532508	-0.00327524	-0.0125292	-0.00109575	ITU	SAS
HG03717	-0.0109903	0.00442065	-0.0479166	-0.0213036	0.0184267	0.00364201	0.000918863	0.020898	0.0421086	0.00479262	ITU	SAS
HG03718	-0.0109534	0.00480336	-0.0418812	-0.0176647	0.0083454	0.00142332	0.00669892	0.00845474	-0.00745234	0.00665286	ITU	SAS
HG03720	-0.0107681	0.00333225	-0.0387099	-0.0112304	-0.0034824	0.000708202	-0.00797248	-0.00575855	0.0041714	0.00291815	ITU	SAS
HG03722	-0.0097532	0.00316165	-0.0420061	-0.0177975	0.00924586	0.00691238	-0.00818856	0.00262983	0.00464611	0.0345213	ITU	SAS
HG03727	-0.0108242	0.00719885	-0.0386817	-0.0145449	0.00499078	0.00524682	-0.00739585	0.0190928	0.0270585	-0.00689086	ITU	SAS
HG03729	-0.0108511	0.00592932	-0.0388167	-0.0145162	0.000492056	0.00633398	-0.0071142	-0.000341987	-0.00767209	-0.00854606	ITU	SAS
HG03730	-0.0112284	0.00257983	-0.0401348	-0.0176718	-0.0066418	-0.0076019	0.00583566	-0.00459127	-0.0101716	-0.0312871	ITU	SAS
HG03731	-0.0105657	0.00615194	-0.0422893	-0.0180224	0.0126902	0.000943069	-0.00407977	-0.0021253	-0.0038324	0.0361644	ITU	SAS
HG03733	-0.0108617	0.00506463	-0.0391432	-0.0182013	-0.0102517	-0.0124011	0.00275186	0.00982589	-0.00663709	0.0354824	STU	SAS
HG03736	-0.0107682	0.00469032	-0.0375151	-0.0188736	0.00170079	-0.00333074	-0.0132938	-0.00714589	0.00164063	0.0117746	STU	SAS
HG03738	-0.0109779	0.0037878	-0.0400862	-0.0150265	0.00489438	-0.00504519	0.00878133	-0.0162159	-0.0230491	-0.0299448	STU	SAS
HG03740	-0.0114003	0.0029595	-0.0398921	-0.0245691	-0.00624484	-0.00444477	0.0141775	-0.0081074	-0.00619103	0.0151752	STU	SAS
HG03741	-0.0129795	0.00224409	-0.0415501	-0.0186758	-0.00319932	-0.000308276	0.000375545	0.00752766	0.0151775	-0.0302607	STU	SAS
HG03742	-0.0103172	0.003713	-0.0398967	-0.01481	-0.00252537	0.00170257	-0.00204422	0.0191624	0.0207863	0.0140458	ITU	SAS
HG03743	-0.0110529	-8.53444e-05	-0.0411915	-0.0219638	0.00422163	-0.0034714	-0.00519417	-0.0193968	-0.032932	-0.0135912	STU	SAS
HG03744	-0.0101206	0.00360548	-0.0353935	-0.0132719	-0.000605358	0.000114292	-0.00284037	-0.00389247	-0.0123827	0.00816947	STU	SAS
HG03745	-0.01038	0.00451734	-0.0318417	-0.0163578	-0.00824868	0.0003687	-0.00118272	-0.0116657	-0.0328198	0.0337186	STU	SAS
HG03746	-0.0111263	0.00793522	-0.0303862	-0.0116105	-0.00992668	-0.00162224	0.0155768	-0.00499572	-0.00739951	0.0147176	STU	SAS
HG03750	-0.0108174	0.00459531	-0.0402346	-0.0148259	0.00442547	0.000175509	-0.00576064	0.00905444	0.0156346	-0.00149728	STU	SAS
HG03752	-0.0106082	0.00495224	-0.0413077	-0.0173093	-0.00200198	0.00543528	0.00862288	0.00532282	0.00223626	0.0174399	STU	SAS
HG03753	-0.010726	0.00527165	-0.0360738	-0.015145	-0.00831758	-0.00133511	-0.00531683	-0.00975165	-0.0191174	-0.0130628	STU	SAS
HG03754	-0.0112914	0.00353118	-0.0393463	-0.0177554	-0.00259423	-0.00494992	-0.00833988	0.0158109	0.0133123	0.0178718	STU	SAS
HG03755	-0.0104425	0.00359304	-0.0355456	-0.013896	-0.00285024	0.00547081	-0.00943591	-0.0021191	0.00774082	0.0256229	STU	SAS
HG03756	-0.011536	0.00552215	-0.0350721	-0.0161537	0.00116606	-0.00291496	0.00380708	0.000723728	0.0192682	-0.035373	STU	SAS
HG03757	-0.0107412	0.000578306	-0.043969	-0.0213384	0.00456735	-0.00226163	0.000516556	0.0203101	0.0203878	-0.00144711	STU	SAS
HG03760	-0.0112562	0.00424783	-0.0327322	-0.0154841	-0.00762828	0.00423004	-0.0125874	0.0089581	0.0260878	-0.0253253	STU	SAS
HG03762	-0.0108991	0.00398156	-0.0350309	-0.0134008	0.000600229	-0.00276541	-0.0026008	-0.0213968	-0.0386567	-0.00707009	PJL	SAS
HG03765	-0.0104431	0.00984751	-0.0303941	-0.011137	0.0138382	-0.00255529	0.00714707	0.00181638	-0.012069	0.0252565	PJL	SAS
HG03767	-0.00990943	0.0142726	-0.0155913	-0.000969583	-0.00249133	-0.00107872	0.00332455	-0.0150883	-0.0203433	0.00509769	PJL	SAS
HG03770	-0.0104238	0.00282056	-0.0403218	-0.0154361	-0.00263494	-0.00580752	-0.00379958	0.00925983	0.00478682	0.0242028	ITU	SAS
HG03771	-0.0113101	0.00356889	-0.0407955	-0.0162825	-0.0117081	-0.00504846	0.000661343	0.00220442	0.0106362	-0.0158732	ITU	SAS
HG03772	-0.0107995	0.00503888	-0.0416852	-0.019317	0.00247758	0.00714032	-0.006427	-0.00912573	-0.00611458	-0.00121784	ITU	SAS
HG03773	-0.01057	0.00303785	-0.0456946	-0.0215418	-0.0126623	-0.00705591	0.00309753	-0.00936166	-0.0149156	0.0323124	ITU	SAS
HG03774	-0.0108805	0.00341078	-0.0438008	-0.0182861	0.000465058	0.00147806	0.00240865	0.00314163	-0.000764953	-0.00445404	ITU	SAS
HG03775	-0.0103709	0.00850753	-0.0345542	-0.0127826	0.00611722	0.000877728	0.00522006	0.0158268	0.0186912	-0.0100158	ITU	SAS
HG03777	-0.0107059	0.00449603	-0.0400368	-0.018247	-0.00500583	-0.00172493	0.00628726	-0.0199678	-0.0397496	-0.0108031	ITU	SAS
HG03778	-0.0113874	0.00553748	-0.0423632	-0.0147364	-0.000210015	-0.0109662	-0.0050956	0.00330274	0.00694548	0.00896	ITU	SAS
HG03779	-0.0106857	0.00618284	-0.0353159	-0.0159916	-0.00663795	0.00518546	-0.00960037	-0.00254837	-0.000210799	0.0151016	ITU	SAS
HG03780	-0.0105148	0.0075094	-0.0383249	-0.0155448	0.0026062	-0.00219983	-0.0166492	0.0138773	0.037151	0.0153046	ITU	SAS
HG03781	-0.0120889	0.00617095	-0.0339187	-0.0178214	0.00360933	-0.0061235	0.00708491	0.00187734	0.0170331	-0.0240204	ITU	SAS
HG03782	-0.0107352	0.00783518	-0.0390201	-0.0107261	-0.00285801	0.00173936	0.0109909	0.00773055	0.0357331	0.00822938	ITU	SAS
HG03784	-0.0101	0.00607618	-0.0477572	-0.0210195	0.0162386	-0.00170395	0.00172887	0.0170841	0.00935888	0.0140705	ITU	SAS
HG03785	-0.011431	0.00450383	-0.0428084	-0.0204991	0.0129459	-0.00159885	0.00367795	0.00902724	0.033353	-0.0164404	ITU	SAS
HG03786	-0.0105603	0.00329203	-0.0465558	-0.0227098	0.00993741	-0.000697455	-0.000705063	-0.00729312	-0.0176925	0.0123893	ITU	SAS
HG03787	-0.0111048	0.00288655	-0.0401024	-0.0186811	0.00676805	-0.00576505	9.92255e-05	-0.00788673	-0.0384897	0.0122063	ITU	SAS
HG03788	-0.0108949	0.00402707	-0.0374022	-0.0149745	-0.00754114	-0.00283718	-0.0016452	-0.00400662	-0.00333588	-0.00278012	ITU	SAS
HG03789	-0.0119697	0.00675495	-0.0295337	-0.0107014	0.000212525	-0.000749407	-0.00353149	-0.0157526	-0.00409484	0.00829005	ITU	SAS
HG03790	-0.0104985	0.00614255	-0.0347745	-0.0120034	-0.00727004	-0.00151408	-0.0071106	-0.00737454	-0.00943906	-0.00594326	ITU	SAS
HG03792	-0.0111952	0.0073568	-0.0322459	-0.0117285	0.00730333	0.00653924	-0.0124919	0.00967342	0.0295889	-0.03107	ITU	SAS
HG03793	-0.0109231	0.00091547	-0.0372527	-0.0131284	-0.0103656	0.00257675	0.00884457	-0.0238264	-0.0354056	-0.014479	BEB	SAS
HG03796	-0.0111488	-0.00218392	-0.0315001	-0.00948552	-0.00819002	-0.000657923	0.0121843	0.00131381	-0.0128551	-0.0110253	BEB	SAS
HG03800	-0.0116154	-0.00198288	-0.0264354	-0.0117158	0.00977353	0.00351569	0.000648468	-0.00447036	-0.00314242	-0.0237603	BEB	SAS
HG03802	-0.0118393	0.00196508	-0.0356744	-0.0124352	0.00409668	0.00132972	0.0106916	0.0108218	0.0132673	-0.000213847	BEB	SAS
HG03803	-0.0120349	0.00205123	-0.0318612	-0.0105798	-0.00303628	0.00138136	-0.000220232	0.0112067	0.0241771	-0.0103228	BEB	SAS
HG03805	-0.0109817	0.00220491	-0.0314227	-0.0106352	-0.000932219	0.0032886	0.0161515	-0.0118473	-0.0190871	-0.0192858	BEB	SAS
HG03808	-0.0112119	-0.00132745	-0.0268179	-0.0138376	0.0200155	0.00905822	0.00793089	-0.00516513	0.000979653	-0.029427	BEB	SAS
HG03809	-0.011325	0.00111832	-0.0382053	-0.0120564	0.00142471	0.00368439	0.00737779	0.00481038	0.0136188	-0.00604062	BEB	SAS
HG03812	-0.0115113	0.00296012	-0.0281442	-0.0153545	-0.00138684	-0.00609844	0.000473409	-0.00936493	-0.0281999	0.00661041	BEB	SAS
HG03814	-0.0131171	-0.001529	-0.0322129	-0.0152268	-0.0201926	-0.00359419	0.0123041	-0.00620046	-0.00631563	-0.0129508	BEB	SAS
HG03815	-0.0119096	0.00177671	-0.0268956	-0.0109038	-0.00641107	0.00608313	0.00903199	0.0109163	-0.00930919	0.0108667	BEB	SAS
HG03817	-0.0118754	-0.00248762	-0.0355431	-0.0131206	0.0127552	0.00298599	-0.0118119	-0.0174535	-0.0405037	0.0139938	BEB	SAS
HG03821	-0.0106734	0.00026696	-0.0343105	-0.0169965	-0.00842816	0.000212089	-0.0152043	-0.00514577	0.0222972	-0.00137446	BEB	SAS
HG03823	-0.0126129	0.00135357	-0.0309393	-0.0126469	0.00413193	-0.00102961	0.00037039	-0.00169958	-0.0096801	-0.00610011	BEB	SAS
HG03824	-0.0121377	-0.00332878	-0.0285351	-0.0110396	-0.0047559	0.00623197	0.0132544	0.00204728	0.00712863	-0.030547	BEB	SAS
HG03826	-0.0106141	0.00207458	-0.0325531	-0.00751326	-0.00159434	-0.00153843	-0.00303438	0.00592722	0.034518	-0.0189247	BEB	SAS
HG03829	-0.0112958	0.00217707	-0.0292309	-0.0129891	-0.00354565	0.000876062	0.0133227	0.0124053	0.0216126	-0.010168	BEB	SAS
HG03830	-0.0121822	-0.0023225	-0.0286046	-0.011671	-0.0111251	0.00119053	-0.00966807	0.0112507	0.0221373	-0.0403474	BEB	SAS
HG03832	-0.0105397	0.00146154	-0.0338974	-0.0124471	0.00678264	0.00849034	0.00671944	4.45106e-05	0.00153648	-0.0112636	BEB	SAS
HG03833	-0.0109361	0.00289217	-0.030622	-0.00937112	0.0126595	-0.0097169	0.0075567	-0.0148579	-0.0273446	0.0166191	BEB	SAS
HG03836	-0.011149	0.00262414	-0.0439886	-0.01912	-0.00631474	-0.00402829	-0.00706665	-0.00322227	0.0139928	-0.00146979	STU	SAS
HG03837	-0.00991687	0.00521764	-0.0395323	-0.0193534	-0.00855453	0.0184619	-0.00701095	0.0184675	0.0167864	0.0301082	STU	SAS
HG03838	-0.0110133	0.00706926	-0.0344093	-0.011554	-0.00261481	0.00035542	-0.0130734	0.00722378	0.03457	0.00655106	STU	SAS
HG03844	-0.0106983	0.00286917	-0.0345898	-0.0143173	-0.00331927	0.00467314	0.000346221	-0.00121249	0.018379	-0.02515	STU	SAS
HG03846	-0.0112197	0.00507631	-0.0392173	-0.015069	-0.00184565	0.00545245	-0.00181761	0.0144512	0.0153318	0.00294084	STU	SAS
HG03848	-0.0110281	0.00404282	-0.0402318	-0.0153669	0.00566944	-0.00214794	-0.00835863	0.00126025	0.015851	0.00139764	STU	SAS
HG03849	-0.0107957	0.00481353	-0.0365726	-0.0158684	-0.00951447	0.000527697	0.000377205	-0.0128594	-0.0439639	0.0276401	STU	SAS
HG03850	-0.0120472	0.00416536	-0.0380538	-0.0146473	0.0077077	-0.00254876	-0.0141558	0.00940197	0.0408157	-0.000138789	STU	SAS
HG03851	-0.0108289	0.00472645	-0.0399699	-0.0153514	0.00195811	0.00628538	-0.00453147	0.00508847	0.0103304	0.00512985	STU	SAS
HG03854	-0.0108838	0.00616105	-0.0399008	-0.0243306	0.00890426	0.00509372	0.000948754	-0.00289916	-0.0268013	0.0107879	STU	SAS
HG03856	-0.0117496	0.00116763	-0.0420518	-0.0213836	0.00253071	-0.00962248	0.0048169	0.00191165	-0.00955617	0.00275798	STU	SAS
HG03857	-0.0111897	0.00326269	-0.0374355	-0.015347	-0.00144998	-0.00365143	-0.00222451	-0.00975666	-0.029205	0.0038906	STU	SAS
HG03858	-0.0108902	0.00118559	-0.0411432	-0.0146493	-0.00337552	0.00279152	0.00396467	0.0102169	0.0112302	-0.00612452	STU	SAS
HG03861	-0.0110055	0.00552455	-0.0463236	-0.0218217	0.00769785	6.0152e-05	-0.0052097	0.0232576	0.0456786	-0.0118983	ITU	SAS
HG03862	-0.011457	0.00508958	-0.0386117	-0.0167205	0.00597464	0.00148535	-0.0024259	0.0153172	-0.000279246	0.0331166	ITU	SAS
HG03863	-0.0109938	0.00747641	-0.0357968	-0.0149525	-0.00197383	-0.00489916	0.000500463	0.00999197	0.02423	-0.0186248	ITU	SAS
HG03864	-0.0105293	0.00693386	-0.0374607	-0.0143023	0.00073204	0.00142203	-0.00985757	0.0210159	0.0261032	0.045009	ITU	SAS
HG03866	-0.0112416	0.00339067	-0.0405333	-0.0202698	-0.00511605	-0.000147597	-0.0126075	0.020415	0.0385855	-0.0101965	ITU	SAS
HG03867	-0.0102309	0.00376838	-0.044449	-0.0158087	-0.0106183	-0.0042571	0.0067938	-0.000834329	-0.0091145	-0.0196023	ITU	SAS
HG03868	-0.0112911	0.00427624	-0.0404999	-0.0162295	0.0113657	0.00412616	-0.004928	0.00257166	-0.00879071	0.00566784	ITU	SAS
HG03869	-0.011061	0.00609047	-0.0422598	-0.0145546	-0.00287703	0.00178538	-0.00381204	0.000748412	-0.0208213	0.00642671	ITU	SAS
HG03870	-0.0110114	0.00486478	-0.0362167	-0.0171835	-0.000512419	0.00485228	-0.0119829	0.019683	0.0265214	-0.0111114	ITU	SAS
HG03871	-0.0106764	0.00461875	-0.03584	-0.0197225	0.00037956	0.002366	-0.000810955	0.032898	0.031731	-0.00553527	ITU	SAS
HG03872	-0.0111719	0.00782164	-0.0367133	-0.018163	-0.00278016	0.00472611	-0.0050313	0.00799884	0.0190487	0.0106048	ITU	SAS
HG03873	-0.0112384	0.00328849	-0.0370091	-0.0184937	-0.00654252	0.00352307	-0.00467268	0.0152675	0.0274645	-0.0164607	ITU	SAS
HG03874	-0.0107861	0.00473	-0.039884	-0.0137755	-0.00932024	-0.00263129	0.00207464	-0.00394398	-0.000858412	0.0258515	ITU	SAS
HG03875	-0.00979189	0.0101937	-0.0364959	-0.0106601	-0.00119952	-0.00636462	0.00379948	-0.00431986	0.0102675	-0.0117704	ITU	SAS
HG03882	-0.0100777	0.00606294	-0.0371453	-0.0145714	-0.00509729	0.0031256	-0.00769632	0.000861697	0.0146949	0.015808	ITU	SAS
HG03884	-0.0108005	0.00323001	-0.0398565	-0.0157593	-0.000396301	-0.000258878	0.00251843	-0.0117125	-0.0123199	-0.000105321	STU	SAS
HG03885	-0.0105138	0.00475226	-0.0401856	-0.0164476	-0.00164626	-0.00324734	0.0010549	-0.00384859	-0.00576348	-0.0179561	STU	SAS
HG03886	-0.0108166	0.00350086	-0.0424574	-0.0232452	-0.00514973	-0.00657845	0.00337316	0.0136017	-0.00188851	0.0174835	STU	SAS
HG03887	-0.0110228	0.00424273	-0.0391067	-0.0155744	-0.0062953	-0.00507169	0.00544316	0.0048124	-0.0331809	0.00919858	STU	SAS
HG03888	-0.0107108	0.00642924	-0.0317055	-0.01352	0.0015511	0.00324611	0.00902558	-0.0237066	-0.0347553	-0.0240966	STU	SAS
HG03890	-0.0106207	0.00263059	-0.0366556	-0.0191491	-0.00204122	-0.00115478	6.21647e-05	-0.00967011	-0.0052954	0.00618449	STU	SAS
HG03894	-0.0107833	0.00269449	-0.0408376	-0.0146292	-0.00677212	-0.00449576	0.00486595	-0.0100904	-0.0226164	0.0220377	STU	SAS
HG03895	-0.0111294	0.00466053	-0.0428627	-0.0191266	0.00346257	-1.10296e-05	-0.00584253	-0.00210324	-0.0149963	0.0325822	STU	SAS
HG03896	-0.0103593	0.00653703	-0.0357213	-0.0216551	-0.00434032	0.000495996	0.0194004	0.0029005	0.0104721	-0.00498393	STU	SAS
HG03897	-0.0109879	0.00499367	-0.0429628	-0.0143107	0.00643729	0.00557045	0.000110776	-0.0103	-0.000527564	0.00540523	STU	SAS
HG03898	-0.0108881	0.00509445	-0.0426979	-0.0151858	0.00354075	-0.00658997	-0.0177171	0.0191832	0.0285103	0.0114215	STU	SAS
HG03899	-0.0109403	0.00632264	-0.0355079	-0.0198008	-0.00883256	-0.0135865	0.0185599	0.00556683	-0.0114139	0.0057761	STU	SAS
HG03900	-0.0105998	0.00365124	-0.0419844	-0.0162392	-0.00669593	-0.00303059	0.00329802	0.00574045	0.00838058	0.00950519	STU	SAS
HG03902	-0.0117389	0.00385484	-0.0297995	-0.01186	0.0208046	0.00133246	0.000401689	0.0162631	0.0234992	-0.0273298	BEB	SAS
HG03905	-0.0119722	0.000732058	-0.0342579	-0.0167721	0.00195904	6.6004e-05	-0.00959052	0.0136363	0.0256054	0.0245494	BEB	SAS
HG03907	-0.0100256	0.00408688	-0.0317422	-0.0113913	-0.0105572	0.00385213	0.00440404	-0.0126527	-0.0150255	-0.0384007	BEB	SAS
HG03908	-0.0106024	0.00130054	-0.035591	-0.00944108	0.00222007	0.00104222	-0.00849845	-0.0171898	-0.0282539	0.00880888	BEB	SAS
HG03910	-0.0109469	0.00187783	-0.0365131	-0.0167875	-0.00317129	-0.00259415	-0.00120572	-0.00281272	-0.00848359	0.00691779	BEB	SAS
HG03911	-0.0113	0.0032348	-0.0286294	-0.0176028	-0.00388653	-0.00440937	0.00761914	-0.00318772	-0.00524325	-0.0135804	BEB	SAS
HG03913	-0.0114152	-0.000302218	-0.0346295	-0.0119389	-0.00891989	-0.00270189	0.0116063	-0.00883831	-0.0124231	0.0035948	BEB	SAS
HG03914	-0.0112735	0.00197949	-0.0363733	-0.0128489	0.0160517	0.00666171	-0.0015368	-0.000395033	-0.00449274	0.00896041	BEB	SAS
HG03916	-0.0112378	-0.000784718	-0.0342209	-0.0156412	-0.0126865	0.00276327	0.00972322	-0.019414	-0.0297337	0.00331684	BEB	SAS
HG03917	-0.011181	-0.00221209	-0.0349497	-0.0139156	-0.000975523	0.00393509	-0.0111609	-0.00022484	-0.00521659	-0.0231766	BEB	SAS
HG03919	-0.0115208	0.00842985	-0.0313753	-0.0130263	-0.00691582	-0.00295572	-0.00221769	-0.00950229	0.00729448	0.00380265	BEB	SAS
HG03920	-0.0109731	0.00392839	-0.0368642	-0.0139673	0.013428	0.00126014	-0.00266279	-0.00209991	-0.00137274	0.0342022	BEB	SAS
HG03922	-0.0123231	-0.000100633	-0.0264898	-0.0110767	-0.0157656	0.000931306	0.00109934	0.00666358	0.0132812	0.0195569	BEB	SAS
HG03925	-0.012501	0.00335495	-0.0276513	-0.00884243	0.00432601	0.00859381	0.00348357	0.00612955	0.00928674	-0.0425954	BEB	SAS
HG03926	-0.0117379	0.000281307	-0.0332167	-0.00790134	0.00680116	0.00346251	-0.00690584	0.0104992	0.0222155	0.0231566	BEB	SAS
HG03928	-0.0109616	-0.000427315	-0.0374172	-0.0125397	0.00937652	0.000318591	-0.00238962	0.00235344	-0.0100509	0.00495852	BEB	SAS
HG03931	-0.0104789	-0.000609484	-0.0329548	-0.013995	0.000128442	-0.00431612	0.0173753	0.0102348	0.000374383	0.0164005	BEB	SAS
HG03934	-0.0112188	0.00205245	-0.0328062	-0.0192958	-0.00517538	0.000666941	0.0124797	-0.0180569	-0.0223558	-0.000528368	BEB	SAS
HG03937	-0.0118049	0.000828538	-0.0360014	-0.016236	-0.00619417	-0.00345955	0.00210546	0.0206656	0.0384648	-0.0202298	BEB	SAS
HG03940	-0.0110032	9.57656e-05	-0.0450126	-0.0155512	-0.0104209	-0.00898013	0.005168	0.00964323	0.0218928	-0.0130582	BEB	SAS
HG03941	-0.0110596	0.00366361	-0.0419761	-0.0199361	0.00253662	-0.00947691	-0.00657349	-0.0117224	-0.00674731	-0.00635148	BEB	SAS
HG03943	-0.0110852	0.00386241	-0.0419852	-0.0179703	0.00304492	0.00043261	-0.00270509	-0.00156048	0.0138751	-0.00679136	STU	SAS
HG03944	-0.0110525	0.00392503	-0.0388318	-0.0145788	0.00227407	0.00801308	0.00212084	0.00178474	0.0128572	-0.0254619	STU	SAS
HG03945	-0.0107349	0.00471705	-0.0389335	-0.0171759	0.00578435	0.000644084	-0.0110913	5.88302e-05	-0.00244593	0.0274965	STU	SAS
HG03947	-0.0105176	0.00356823	-0.0416633	-0.0173971	0.00355121	0.0118531	0.0051384	0.00967512	0.0192196	-0.0193101	STU	SAS
HG03949	-0.00984339	0.00677595	-0.0375912	-0.0164465	0.00570428	0.001562	-0.0197851	0.000245344	-0.00138959	0.0275921	STU	SAS
HG03950	-0.0119772	0.00350108	-0.0391591	-0.0154865	-0.0104395	0.00490126	-0.00177992	-0.0152887	-0.0099012	-0.00889466	STU	SAS
HG03951	-0.0102129	0.00499878	-0.0386971	-0.0134761	0.00441746	0.00460791	-0.00142956	0.00342274	-0.00693642	0.0147073	STU	SAS
HG03953	-0.0103257	0.00820593	-0.0367922	-0.0178826	0.00692802	0.00367886	0.00676209	0.0132178	0.025399	0.0112059	STU	SAS
HG03955	-0.0105771	0.00522696	-0.0379209	-0.0157641	-0.00435393	-0.00454119	-0.00589944	-0.00442928	-0.00256376	-0.00529272	STU	SAS
HG03960	-0.0112543	0.00792169	-0.0374813	-0.0147128	-0.0119254	0.00116031	3.86616e-05	-0.00927078	-0.00522049	0.00850877	ITU	SAS
HG03963	-0.0110425	0.00309637	-0.0387724	-0.0175934	-0.00871002	0.00438741	0.00513868	0.00330679	-0.00264609	0.0122402	ITU	SAS
HG03965	-0.0113187	0.0030666	-0.0408781	-0.0218413	0.0151172	-0.000641587	-0.000258898	0.00862674	-0.00539842	0.0191234	ITU	SAS
HG03967	-0.0108996	0.00340829	-0.0401595	-0.0217669	-0.0122879	-0.00139086	-0.00838463	-0.00977335	0.00347994	0.0186086	ITU	SAS
HG03968	-0.0105629	0.00423813	-0.0401879	-0.0142843	-0.0107244	-0.000918461	-0.00248244	0.00857568	0.0147701	-0.0131317	ITU	SAS
HG03969	-0.0101486	0.00743108	-0.0345849	-0.0132852	0.00525329	0.00176219	0.00516392	-0.00286357	-4.63236e-05	-0.00909591	ITU	SAS
HG03971	-0.0107317	0.00440653	-0.03811	-0.0176345	-0.00110285	0.00361274	-0.00784199	-0.00515085	-0.00416125	-0.0118561	ITU	SAS
HG03973	-0.0111545	0.00451184	-0.0363756	-0.0133622	-0.00645175	-6.78526e-05	0.000627158	0.0105273	0.017213	-0.0265364	ITU	SAS
HG03974	-0.0103475	0.00510202	-0.035495	-0.0152968	0.00736771	0.00431045	-0.00388042	-0.00600865	-0.0261377	0.012028	ITU	SAS
HG03976	-0.0110618	0.00577287	-0.0380222	-0.0155173	-0.00398591	6.72733e-05	0.0143791	0.0150749	0.0203607	0.00354945	ITU	SAS
HG03977	-0.0110829	0.000585068	-0.0404557	-0.019292	-0.00312639	-0.0015757	-0.00305565	-0.0037102	-0.00492379	-0.00140691	ITU	SAS
HG03978	-0.0118678	0.00465755	-0.0389937	-0.0166555	0.00879433	-0.00183014	-0.00708051	-0.00134302	0.014013	0.0322158	ITU	SAS
HG03985	-0.0106092	0.00257045	-0.0420507	-0.0170261	0.00202087	-0.00662006	0.00398372	-0.000373062	0.00312548	0.00604231	STU	SAS
HG03986	-0.0106685	0.00500282	-0.0358058	-0.0164086	0.000973699	-0.00482824	0.00387603	0.0101343	-0.000296729	0.0162211	STU	SAS
HG03989	-0.010008	0.00461812	-0.0381298	-0.0125568	-0.00154996	0.000115506	-0.00685024	0.0106176	0.028659	-0.00780458	STU	SAS
HG03990	-0.0101975	0.0049802	-0.0360723	-0.0197609	0.00267268	0.00448996	0.00132584	-0.00410951	-0.00509629	-0.00713458	STU	SAS
HG03991	-0.0115883	0.00544781	-0.0374857	-0.0187494	-0.00626102	-0.0104239	0.0119637	0.0103041	0.0170012	-0.0212867	STU	SAS
HG03995	-0.0118416	0.00331768	-0.0369052	-0.0212236	-0.010328	-0.000383014	0.00111156	-0.0111024	0.00175561	0.0195715	STU	SAS
HG03998	-0.0109652	0.00285986	-0.0431428	-0.0139389	-0.00374099	0.00552161	-0.0158949	0.00260964	-0.00310614	-0.0239675	STU	SAS
HG03999	-0.0109438	0.00538411	-0.037582	-0.0193164	0.000193984	-0.00587504	0.0111843	0.0027841	-0.0192581	0.00879432	STU	SAS
HG04001	-0.0111786	0.00590896	-0.0384737	-0.0149943	-0.000402283	0.00205281	0.00506178	-0.00397509	-0.0174559	0.0166126	ITU	SAS
HG04002	-0.010937	0.00394664	-0.0402979	-0.016261	-0.00224505	-0.00716378	-0.0125602	0.0140813	0.0307303	0.0267702	ITU	SAS
HG04003	-0.0118353	0.0107351	-0.0312087	-0.0129021	0.00129004	0.00402304	0.00800695	0.0111753	0.0179284	0.0338913	STU	SAS
HG04006	-0.0107495	0.0023317	-0.0444276	-0.0220789	-0.00790588	-0.000740273	0.00349905	0.00424209	0.00594831	0.0192177	STU	SAS
HG04014	-0.0118302	0.00242244	-0.041937	-0.0156893	-0.00648423	0.00904932	-0.0119205	0.0195469	0.0189147	-0.0119656	ITU	SAS
HG04015	-0.0111447	0.00523384	-0.0412621	-0.0160188	0.00602313	0.000269389	0.0012004	-0.0104715	-0.0393787	-0.0138786	ITU	SAS
HG04017	-0.0111322	0.00522974	-0.0409429	-0.0142833	0.00528496	-0.00154461	0.00873875	0.00081175	0.000777279	0.0129507	ITU	SAS
HG04018	-0.0108026	0.00724709	-0.0363131	-0.0145277	-0.00549838	-0.00342634	0.00394427	-0.00454026	-0.014129	0.0322638	ITU	SAS
HG04019	-0.0102805	0.00782666	-0.0390519	-0.0185365	0.00702203	0.00255834	-0.00667466	-0.0113365	-0.0124646	-0.00770896	ITU	SAS
HG04020	-0.0107714	0.0048708	-0.0330529	-0.0174116	-0.00422578	0.00823164	0.00523325	0.00471548	0.00997821	-0.00186658	ITU	SAS
HG04022	-0.0112628	0.00296633	-0.0390248	-0.0144343	0.00253954	0.000557071	0.00324438	0.0110315	0.0239226	-0.0096666	ITU	SAS
HG04023	-0.0100461	0.00141965	-0.0457487	-0.0203395	-0.00297307	-0.00585801	-0.00481616	0.0032611	-0.00443425	0.00622665	ITU	SAS
HG04025	-0.0107519	0.00351974	-0.0453656	-0.0205136	0.00391899	-0.000118844	-0.00565481	-0.00695847	-0.0163334	0.0370135	ITU	SAS
HG04026	-0.0105656	0.0019525	-0.0481813	-0.0210504	0.0090975	-0.00210276	0.0105228	0.00396168	-0.00777973	0.00242623	ITU	SAS
HG04029	-0.0103952	0.0063769	-0.037053	-0.0133803	-0.00579521	0.00229852	0.00425227	-0.00821063	-0.0262334	-0.00286137	STU	SAS
HG04033	-0.0106001	0.00395342	-0.0390416	-0.0156435	-0.00328369	0.00192556	0.00523918	0.0148226	0.0301571	0.00762062	STU	SAS
HG04035	-0.00969339	0.00415274	-0.0407646	-0.0120491	-0.00772883	-0.00271671	0.00159645	0.016708	0.0159938	0.0178488	STU	SAS
HG04038	-0.0109588	0.00181941	-0.0408043	-0.0138191	0.0157467	0.000272475	-0.0178268	-0.0120701	-0.0129266	-0.00752403	STU	SAS
HG04039	-0.00963593	0.00318877	-0.0351318	-0.01922	-0.00828084	-0.00263929	-0.0180381	-0.0123663	-0.00754604	-0.00842983	STU	SAS
HG04042	-0.0106322	0.00644349	-0.0387418	-0.0193441	-0.00198345	0.00614582	-0.00314803	-0.00962657	-0.00730408	-0.00270612	STU	SAS
HG04047	-0.0102676	0.0029908	-0.0425904	-0.0166781	0.00781989	-0.00160588	0.00202174	0.0214596	0.0307106	0.00410806	STU	SAS
HG04054	-0.0107843	0.00333777	-0.0472538	-0.0204177	-0.0025587	0.0055826	-0.00428362	0.0108678	0.0284269	0.0115871	ITU	SAS
HG04056	-0.0111035	0.00521349	-0.0497529	-0.0178536	0.0137339	0.00407763	-0.00590295	0.0172132	0.045802	0.0181158	ITU	SAS
HG04059	-0.0106602	0.00704785	-0.0313129	-0.0123973	-0.00039453	0.00498338	-0.00779328	-0.00021262	0.0141554	-0.00733154	ITU	SAS
HG04060	-0.0111159	0.00609523	-0.0304971	-0.0120726	-0.0114037	-0.00691251	0.00959748	-0.0183803	-0.0295827	-0.00485367	ITU	SAS
HG04061	-0.0111764	0.000987731	-0.0424641	-0.0174598	0.0049604	0.00118244	-0.00402836	0.0176516	0.0133986	0.0251056	ITU	SAS
HG04062	-0.0109427	0.000146084	-0.0449265	-0.0206629	0.00305267	-0.00774928	0.000160115	0.00198005	-0.00616273	0.0159591	ITU	SAS
HG04063	-0.0108456	0.00424086	-0.0454118	-0.0201326	0.00506586	0.00280145	-0.00796682	-0.0142024	-0.0188295	-0.00642706	ITU	SAS
HG04070	-0.0110904	0.00552826	-0.0379336	-0.0136675	0.00392578	0.00279733	-0.00763231	-0.024483	-0.0378538	0.0242556	ITU	SAS
HG04075	-0.0105662	0.00105669	-0.044392	-0.0208186	0.00614458	-0.00376523	-0.0128265	-0.00374119	-0.0110383	0.0255561	STU	SAS
HG04076	-0.0110168	0.00549101	-0.0414079	-0.0169565	-0.00675722	-0.00362348	0.00683073	0.0179861	-0.00530942	0.0215796	ITU	SAS
HG04080	-0.011423	0.00803223	-0.0379064	-0.0146356	0.00165611	0.00113171	0.0163482	0.0147669	0.018194	0.00377473	ITU	SAS
HG04090	-0.0114739	0.00610239	-0.0388991	-0.0168665	0.00072068	-0.00345049	-0.00436219	0.000524254	0.0136024	0.0357788	ITU	SAS
HG04093	-0.0103692	0.00771392	-0.038907	-0.0132064	-0.0100668	0.00205861	0.00212244	0.00475657	0.00475175	-0.0264868	ITU	SAS
HG04094	-0.0101387	0.0049721	-0.0386042	-0.0147567	-0.000658604	0.00134781	-0.00923111	0.00343058	0.00379768	0.0213596	ITU	SAS
HG04096	-0.0105479	0.00543729	-0.0445757	-0.0181084	0.0081379	0.00222353	0.00483963	0.00664294	0.0271806	-0.0224634	ITU	SAS
HG04098	-0.0112805	0.00557169	-0.0401221	-0.016375	0.00774018	-0.000288668	-0.00366122	0.0106678	0.00369667	0.00318041	ITU	SAS
HG04099	-0.0109035	0.00481347	-0.037827	-0.0120789	0.00909974	-0.00548104	0.00471524	0.00656005	0.00128775	0.0116293	STU	SAS
HG04100	-0.0101798	0.00225869	-0.0404335	-0.0134972	0.00193216	0.000214994	0.00325874	-0.00765929	-0.000568494	-0.00317526	STU	SAS
HG04106	-0.0104451	0.00539315	-0.0403855	-0.011985	-0.00121155	0.00544308	0.00449814	-0.00875601	-0.0121247	-0.0135298	STU	SAS
HG04107	-0.0111439	0.00640266	-0.041988	-0.0133741	-0.00749848	-0.00240301	0.00821747	-0.00768781	-0.00226694	0.00501309	STU	SAS
HG04118	-0.0111575	0.00352697	-0.0402181	-0.0150135	0.00312026	0.00332799	-0.014392	0.0155158	0.0141853	0.0115794	ITU	SAS
HG04131	-0.0111622	0.00202057	-0.032176	-0.0155329	0.00725752	0.00344561	0.00692713	0.0166137	0.0283659	-0.0174235	BEB	SAS
HG04134	-0.0116671	0.00192134	-0.0336052	-0.0112431	0.0040104	0.000536402	0.0173654	-0.00521184	-0.00115193	0.0112739	BEB	SAS
HG04140	-0.0131197	-0.00554797	-0.025894	-0.010672	-0.00964513	-0.00703881	0.00323087	0.00263055	-0.00681219	-0.0184487	BEB	SAS
HG04141	-0.0123648	0.00302616	-0.0264214	-0.0110064	0.0067358	-0.00721487	0.0242049	-0.00839686	-0.024522	-0.0191936	BEB	SAS
HG04144	-0.011205	0.00604654	-0.027756	-0.0113647	0.00337164	-0.0015702	-0.000612561	0.0159466	0.00507941	-0.0115623	BEB	SAS
HG04146	-0.0126134	-0.00231443	-0.0321389	-0.0130863	0.0143336	0.00623407	0.00482923	-0.000944534	0.00615636	-0.00934702	BEB	SAS
HG04152	-0.0116399	7.24856e-05	-0.0394692	-0.012831	-0.00291176	-0.00241859	0.00219139	-0.0220786	-0.0359859	0.00217822	BEB	SAS
HG04153	-0.0110416	0.00387126	-0.0309705	-0.0094639	0.00430321	0.00523695	-0.00317919	0.00658125	0.0221022	0.0226115	BEB	SAS
HG04155	-0.0104449	0.00364675	-0.0368413	-0.0159824	0.00860952	0.00947976	-0.00581197	-0.00121165	0.0226467	0.0232197	BEB	SAS
HG04156	-0.0129065	-0.00124839	-0.0291996	-0.00626249	0.00164662	-0.000822009	0.00289114	0.00066465	0.0154699	-0.0131826	BEB	SAS
HG04158	-0.0106972	0.00336067	-0.0359372	-0.0142688	0.00483384	-0.0106137	-0.00581339	-0.0156145	-0.00532994	0.0319051	BEB	SAS
HG04159	-0.0112329	0.00332981	-0.0291821	-0.0121594	0.00842471	0.00165029	0.00657939	0.0119799	0.0146946	-0.00036108	BEB	SAS
HG04161	-0.0115231	-0.00120416	-0.0334584	-0.0179063	-0.00792011	0.0038444	-0.0038592	-0.00216349	0.0195734	-0.0205092	BEB	SAS
HG04162	-0.0118307	-0.00118791	-0.0296758	-0.0105966	0.000138695	-0.00102481	0.00370986	0.00404265	0.0092308	-0.0244603	BEB	SAS
HG04164	-0.00987212	0.00339228	-0.0314647	-0.0134705	0.00241618	-0.00127996	-0.00499596	0.00197235	-0.00385384	0.0107195	BEB	SAS
HG04171	-0.0115628	0.00176247	-0.0340865	-0.0139855	0.00514964	-0.00100232	-0.00103185	0.00881044	0.0370221	0.000529542	BEB	SAS
HG04173	-0.0112159	9.13926e-05	-0.0278503	-0.00419487	0.000926319	-0.00323796	0.0074559	-0.00702495	-0.00350732	0.0157751	BEB	SAS
HG04176	-0.0113518	-0.00171878	-0.0321652	-0.01546	0.00365605	-0.00317726	0.0129067	0.0100064	0.0014043	-0.00389085	BEB	SAS
HG04177	-0.0126233	0.00207224	-0.0308759	-0.013802	0.00712122	0.0015673	0.011001	0.00410832	0.0158192	-0.00129026	BEB	SAS
HG04180	-0.010487	0.00185027	-0.0353094	-0.0142236	-0.00446897	-0.00213239	0.00465658	0.0103017	0.0125298	0.0334019	BEB	SAS
HG04182	-0.0121636	0.00312088	-0.0339996	-0.0157288	-0.00484207	-0.00204813	-0.00372461	0.000951747	0.00102104	-0.00533872	BEB	SAS
HG04183	-0.0116954	-0.000574217	-0.0274382	-0.012427	0.00122546	-0.00133847	0.0111132	-0.00523186	-0.0084065	-0.00686806	BEB	SAS
HG04185	-0.0116751	0.00356283	-0.0395155	-0.0228635	0.00168349	4.40995e-05	0.00724637	0.00381855	0.0170733	-0.0200133	BEB	SAS
HG04186	-0.0121155	0.00315053	-0.0419587	-0.015772	-0.0139198	0.00110405	-0.00745344	-0.00442852	0.0229879	0.00369633	BEB	SAS
HG04188	-0.011734	0.0036358	-0.0356073	-0.0110365	0.00798864	-0.000768899	0.0138875	0.00182191	0.0089038	0.0184488	BEB	SAS
HG04189	-0.0125905	-0.000219912	-0.0313705	-0.00722345	0.00291944	0.00282045	0.0012458	0.00842704	0.0210018	-0.0259854	BEB	SAS
HG04194	-0.011384	0.000492301	-0.0343687	-0.0154129	0.00600738	-0.0042628	0.00525112	-0.00274875	-0.0123126	0.0092712	BEB	SAS
HG04195	-0.0117693	0.00110322	-0.034822	-0.0203606	-0.00653407	-0.000484532	0.00741753	-0.00648107	-0.00642912	0.0233864	BEB	SAS
HG04198	-0.0116997	0.00653224	-0.03888	-0.0151486	0.0110631	8.12429e-05	-0.00976566	0.00613793	0.0148293	0.0230212	ITU	SAS
HG04200	-0.0108648	0.00579184	-0.0381882	-0.0171977	2.35655e-05	0.00146925	-0.00544104	-0.0275331	-0.0387982	-0.0309792	ITU	SAS
HG04202	-0.0100594	0.00687287	-0.041179	-0.0217358	-0.0061751	-0.00341404	0.00755758	-0.0137701	-0.00640414	-0.0134574	ITU	SAS
HG04206	-0.0104967	0.00615011	-0.0373242	-0.014415	0.00313553	-0.0054423	-0.0149136	0.00313078	0.0112717	-0.000811212	ITU	SAS
HG04209	-0.0101229	0.00431445	-0.0401901	-0.0200502	0.00449125	-9.43367e-05	-0.00126825	-0.0218414	-0.0433873	0.00720565	ITU	SAS
HG04210	-0.0102286	0.00388547	-0.0430437	-0.0159211	-0.00264233	0.00277107	-0.0068176	0.00957165	0.0265662	-0.000675513	STU	SAS
HG04211	-0.0107693	0.0041809	-0.039548	-0.0222785	-0.00540277	-0.000509262	-0.00323447	-0.0103974	-0.0105218	0.00110667	ITU	SAS
HG04212	-0.010873	0.006573	-0.0391466	-0.019884	0.00137684	0.000965783	-0.0133186	0.00569146	0.000176352	-0.0159072	ITU	SAS
HG04214	-0.0109889	0.00543004	-0.041246	-0.0160263	0.00399824	0.00489973	-0.00516831	0.00553675	0.0200271	0.0186949	ITU	SAS
HG04216	-0.0115828	0.00418032	-0.0407917	-0.0184273	-0.00626237	-0.00238376	-0.000434595	0.00556192	0.0103694	0.0253291	ITU	SAS
HG04219	-0.0093938	0.00497998	-0.0410645	-0.0176079	-0.00249619	0.00198551	0.0101727	-0.00327545	-0.00459339	0.0150047	ITU	SAS
HG04222	-0.0107865	0.00518273	-0.0365021	-0.017074	0.00443952	0.0030492	-0.00336867	0.0171145	0.0268362	-0.000515194	ITU	SAS
HG04225	-0.0102372	0.00495368	-0.0381539	-0.0185274	-0.00109586	-0.00613315	0.00285234	0.00752991	-0.00254022	0.00741749	ITU	SAS
HG04227	-0.0121303	-0.00227621	-0.033437	-0.0183245	0.0110014	-0.00606316	-0.0164602	-0.00779973	0.0077303	-0.00221821	STU	SAS
HG04229	-0.0108599	0.00485585	-0.0372127	-0.0141953	0.00477594	-0.00329061	-0.000711083	-0.00460656	-0.0146673	-0.0163699	STU	SAS
HG04235	-0.0113994	0.00207139	-0.0373202	-0.0205637	-0.011414	-0.000288487	0.00218166	-0.0116897	-0.00697381	0.00900057	ITU	SAS
HG04238	-0.0108367	0.0035061	-0.0422205	-0.0182993	0.000579191	0.00102506	-0.0101117	0.0281063	0.022481	0.0201775	ITU	SAS
HG04239	-0.0107498	0.0032318	-0.0395484	-0.015015	0.00475538	0.00347367	-0.017862	-0.00179944	0.0160286	-0.000867079	ITU	SAS
NA06984	-0.0122137	0.025823	0.0129361	0.0189732	-0.000897165	-0.00739752	0.0114517	0.00227654	0.0152655	-0.0326636	CEU	EUR
NA06985	-0.0100009	0.0309276	0.0106719	0.0192104	-0.00671621	-0.004783	0.0367749	0.0060312	0.00601167	0.0201082	CEU	EUR
NA06986	-0.0100121	0.026799	0.010249	0.0186339	-0.00482182	-0.00578792	0.0141441	0.00512455	0.0222472	-0.00281428	CEU	EUR
NA06989	-0.0118854	0.0265861	0.0125227	0.0221283	-0.00775653	-0.005872	0.0220647	-0.0116021	-0.0149474	-0.00210537	CEU	EUR
NA06994	-0.00991059	0.0266674	0.0138456	0.0218463	-0.00296309	0.00199372	0.026536	0.00941388	0.0138895	-0.00687481	CEU	EUR
NA07000	-0.0114575	0.0238868	0.0143177	0.023053	-0.00968279	-0.0136407	0.0252396	-0.0071386	-0.0220625	0.0213769	CEU	EUR
NA07037	-0.0115977	0.0251617	0.0112942	0.0193921	-0.00867292	-0.00889397	-0.000343004	-0.00791368	-0.00282877	0.0141676	CEU	EUR
NA07048	-0.0107842	0.0285741	0.00892955	0.0193191	0.00223473	-0.00623856	-0.0113465	0.00335029	0.0231954	0.0280798	CEU	EUR
NA07051	-0.0117362	0.0256327	0.0112228	0.0163769	-0.00239123	0.00443588	0.0162244	0.00925793	0.0107158	-0.00141552	CEU	EUR
NA07056	-0.0103675	0.0268406	0.00674579	0.0141859	0.00585469	0.00388996	0.00585927	-0.0186622	-0.0290937	0.00522424	CEU	EUR
NA07347	-0.0103029	0.0283144	0.00919674	0.0182123	-0.00396249	-0.000259465	0.000736412	0.00277176	0.00142136	0.00976654	CEU	EUR
NA07357	-0.0103634	0.0266389	0.011761	0.0176826	0.0144518	0.00581238	-0.0124656	-0.0107499	0.00194985	0.0138478	CEU	EUR
NA10847	-0.0105236	0.0250594	0.00742316	0.0204409	0.00227474	-0.0058061	0.0119381	-0.0158582	-0.00725888	-0.000411109	CEU	EUR
NA10851	-0.0110478	0.0252635	0.00785114	0.0200257	-0.0141749	-0.00903863	0.0121495	0.0128229	0.00229266	0.00712778	CEU	EUR
NA11829	-0.01105	0.0258682	0.0123602	0.0176869	-0.0173068	-0.00641262	0.0353657	-0.00816132	-0.0129127	-0.00676724	CEU	EUR
NA11830	-0.0110012	0.0254872	0.0115852	0.0203158	0.000409186	-0.00847125	-0.00563577	0.00388039	0.0248758	0.00838638	CEU	EUR
NA11831	-0.0104653	0.0285355	0.00918208	0.0215216	0.0137552	0.00308429	0.00566226	-0.00138412	0.00429105	-0.0115809	CEU	EUR
NA11832	-0.0110848	0.0275975	0.0113528	0.0231478	0.00465988	-0.00133623	-0.00747495	0.001141	-0.0113761	0.0131241	CEU	EUR
NA11840	-0.0117712	0.0251764	0.0113711	0.0217573	-0.0108556	-0.0103316	0.0237006	0.00369492	-0.0120989	-0.00405458	CEU	EUR
NA11843	-0.0112759	0.0283533	0.0122569	0.0198812	-0.0156115	0.000815494	0.0141741	0.0110079	0.0189945	0.00400955	CEU	EUR
NA11881	-0.0109965	0.027363	0.0111591	0.0164765	-0.0111979	0.00564699	0.00106202	-0.00569181	0.0137172	-0.0230147	CEU	EUR
NA11892	-0.010364	0.0259749	0.00998929	0.0147752	-0.00752396	-9.38704e-05	0.0220991	-0.00887567	-0.00419378	-0.00140363	CEU	EUR
NA11893	-0.0101437	0.0254872	0.00967769	0.0147712	0.0107331	0.00256454	-0.00116693	-0.0221092	-0.039766	-0.00117738	CEU	EUR
NA11894	-0.0110372	0.0291409	0.00867737	0.0220546	-0.0233113	-0.00308315	0.0135059	0.00932204	0.0109659	0.0128972	CEU	EUR
NA11918	-0.0104946	0.0250198	0.0102348	0.0125733	-0.0134018	-0.00543561	0.0177629	-0.00307968	-0.00157841	0.0249874	CEU	EUR
NA11919	-0.0108386	0.0286515	0.0118192	0.0175204	0.00173926	-0.00312534	0.0134637	0.00932361	0.0222117	0.0172586	CEU	EUR
NA11920	-0.0107563	0.027101	0.0102423	0.0145212	-0.00120634	0.000432607	0.0113826	-0.0195993	-0.0270491	0.0136135	CEU	EUR
NA11930	-0.0111151	0.025677	0.00772812	0.0198834	-0.0100817	-7.50895e-06	0.00897767	0.0101854	0.00328398	0.0134448	CEU	EUR
NA11931	-0.010697	0.0260073	0.0117039	0.0187313	-0.00702133	0.000960347	0.00599281	-0.00140822	-0.00075552	0.00552367	CEU	EUR
NA11932	-0.0103794	0.0276851	0.00896899	0.014786	0.00775457	-0.00188561	0.0113116	0.00251813	-0.00716486	0.0103787	CEU	EUR
NA11933	-0.0116477	0.0260234	0.0119951	0.0198592	-0.00372889	0.00203336	0.0132279	0.000267078	0.00607479	-0.00885932	CEU	EUR
NA11992	-0.0106798	0.0269086	0.00717863	0.0153961	0.00357006	0.000703942	0.00158211	-0.0165763	-0.0325294	-0.000923819	CEU	EUR
NA11994	-0.0107642	0.0261603	0.0127156	0.0159246	0.000176566	-0.00395932	-0.00514053	-0.00409304	-0.00684252	0.000482935	CEU	EUR
NA11995	-0.0106272	0.0267359	0.0131836	0.0181846	-0.00794735	-0.00718905	0.0173115	-0.00212734	-0.00611227	0.000757899	CEU	EUR
NA12003	-0.0116278	0.0260292	0.0131727	0.0185994	-0.0157966	0.00276922	0.0395238	-0.00240813	0.00518491	0.000599742	CEU	EUR
NA12004	-0.0115716	0.0276068	0.00806457	0.0201035	-0.00699746	-0.0091754	0.0100269	0.00823965	0.0170061	-0.0193139	CEU	EUR
NA12005	-0.0101977	0.0264375	0.0109417	0.0185106	-0.00272394	0.00629011	0.00181846	-0.00508144	0.00697367	-0.00797442	CEU	EUR
NA12006	-0.0114252	0.0285138	0.0140442	0.0180657	-0.00071843	-0.00391734	0.017391	-0.0118964	-0.0016375	-0.0149144	CEU	EUR
NA12043	-0.0112053	0.0281133	0.0103808	0.0216078	-0.0161607	-0.00259342	0.00809871	-0.0105834	-0.00524841	-0.00870168	CEU	EUR
NA12044	-0.0112242	0.0262924	0.00962655	0.0212258	-0.0101461	-0.0104945	0.00677227	-0.00783364	-0.00783067	-0.0140918	CEU	EUR
NA12045	-0.0113841	0.0296834	0.0124908	0.0227805	-0.00550838	-0.00449382	-0.000873243	0.00838277	0.018637	0.0108232	CEU	EUR
NA12046	-0.0113925	0.0264241	0.011363	0.0185831	-0.00449062	-0.000302793	0.00273214	-0.00486604	-0.00183631	-0.0106808	CEU	EUR
NA12058	-0.0113837	0.0267434	0.00983591	0.0153114	0.000324102	0.00106442	-0.000770313	0.00608427	0.00526265	-0.00522541	CEU	EUR
NA12144	-0.0112672	0.0264779	0.0128116	0.0181897	0.00134243	-0.00946203	0.0119176	0.000572259	0.0210354	-0.0124153	CEU	EUR
NA12154	-0.0113062	0.0263835	0.0114699	0.0141959	-0.00905144	-0.0030234	0.025672	0.00268966	-0.00623055	0.0117165	CEU	EUR
NA12155	-0.0103055	0.0254354	0.00864351	0.0135614	0.00273474	-0.00468243	0.0127656	-0.0131769	-0.0434431	0.0309542	CEU	EUR
NA12156	-0.0108447	0.0258935	0.0111758	0.0171888	0.0068762	-0.00763401	0.000626295	-0.0141676	-0.0227129	0.00412044	CEU	EUR
NA12234	-0.0117952	0.025686	0.00941171	0.0131053	0.00152377	-0.000864001	0.00542619	-0.00246906	-0.00899496	0.00209898	CEU	EUR
NA12249	-0.0106498	0.0258784	0.0123911	0.0143244	-0.00555984	0.00521915	0.0242154	0.0126405	0.0120171	0.0129172	CEU	EUR
NA12272	-0.0107447	0.0278404	0.0116853	0.022434	-0.00343249	0.00166479	0.0113022	0.00581703	0.0108524	0.0106571	CEU	EUR
NA12273	-0.0106358	0.0258095	0.00770833	0.017852	-0.00145913	0.00230238	5.62616e-05	-0.00585024	-0.00838662	0.019554	CEU	EUR
NA12275	-0.011607	0.0271365	0.012821	0.0219525	-0.00303769	-0.00662827	0.00593593	0.00735998	0.010507	0.00265965	CEU	EUR
NA12282	-0.0104258	0.0276033	0.0119557	0.022359	0.00019064	-0.00666795	0.0100939	0.0066857	-0.00406349	-0.00499483	CEU	EUR
NA12283	-0.0103198	0.0280427	0.0113485	0.015972	-0.000327324	-0.00296576	0.0154715	0.00666116	0.0211899	0.0162402	CEU	EUR
NA12286	-0.0108213	0.0253295	0.0105441	0.0142526	-0.00741186	-0.00275624	0.0229249	0.00272907	-0.00816391	-0.00954258	CEU	EUR
NA12287	-0.0101842	0.0283755	0.011902	0.0164695	-0.00432672	-0.00392654	0.0106098	0.00480179	-0.00606944	0.00897674	CEU	EUR
NA12340	-0.0109249	0.025686	0.00799672	0.0206052	-0.0203306	-0.00914026	0.0285874	0.00607061	0.0155884	0.0240831	CEU	EUR
NA12341	-0.0106545	0.0286923	0.00946995	0.0191787	-0.00915166	0.00215042	0.00526582	0.0140313	0.00644593	-0.030852	CEU	EUR
NA12342	-0.0111659	0.0277325	0.00818604	0.0196467	0.000247779	0.000388328	0.00328933	0.000188553	0.0148028	0.00152534	CEU	EUR
NA12347	-0.0113772	0.0269968	0.0111731	0.0182767	-0.0018647	-0.00520909	0.0216587	-0.00869638	-0.0360587	0.0195042	CEU	EUR
NA12348	-0.0113077	0.0253974	0.010052	0.0169418	-0.00835508	-0.00771066	0.00689983	0.0100605	0.0106224	0.0180747	CEU	EUR
NA12383	-0.0104217	0.0247783	0.00874968	0.0134919	0.00149254	-0.00116494	0.0106731	-0.00616727	-0.0102502	0.00106027	CEU	EUR
NA12399	-0.012369	0.0256821	0.0133682	0.0166433	-0.00094369	-0.00544202	0.0107098	-0.00308642	0.02301	-0.0142649	CEU	EUR
NA12400	-0.011457	0.0264319	0.0119749	0.0189888	-0.0019255	-0.0017577	0.0136262	-0.0080881	-0.0064097	-0.0103424	CEU	EUR
NA12413	-0.0117314	0.0278912	0.0143497	0.0218463	-0.00662451	-0.00207605	0.00724623	0.00198612	0.0218395	-0.00498907	CEU	EUR
NA12414	-0.0100322	0.0255874	0.0117654	0.0192178	-0.00563937	-0.00541101	0.0149856	-0.0116261	-0.0283788	0.000289792	CEU	EUR
NA12489	-0.0102489	0.0269342	0.0103483	0.0231712	-0.00618709	-0.00164189	0.000282828	-0.0144183	-0.0320539	-0.00848541	CEU	EUR
NA12546	-0.0106295	0.0268051	0.0122073	0.022744	-0.0015517	-0.00685762	0.0154065	0.00229367	-0.00423647	-0.00395618	CEU	EUR
NA12716	-0.0112059	0.0269439	0.0138481	0.0187515	-0.0146753	-0.0113644	0.0248415	-0.0131261	-0.0147991	0.00998623	CEU	EUR
NA12717	-0.0100963	0.0287216	0.011872	0.0189012	-0.00565832	-0.00411684	0.013012	0.00461769	0.00849483	-0.00375857	CEU	EUR
NA12718	-0.0112492	0.0265545	0.0149432	0.0156195	-0.0112608	-0.00830789	0.0245784	0.00653604	0.0184129	-0.0149613	CEU	EUR
NA12748	-0.0112066	0.0263205	0.0105581	0.019534	-0.00171753	-0.00226114	-0.00625435	-0.00963891	-0.013025	0.00422729	CEU	EUR
NA12749	-0.0107907	0.0280231	0.0131539	0.0185916	-0.00476932	-0.00356767	0.0155589	0.0066122	0.00359743	0.00051837	CEU	EUR
NA12750	-0.0109591	0.0263464	0.0092057	0.0178889	-0.00379585	0.0017022	0.00289233	0.00376643	0.0159277	0.00370882	CEU	EUR
NA12751	-0.0108032	0.0251587	0.0108348	0.0174952	0.000480841	-0.000733961	0.0016045	0.00321736	0.0215393	-0.0079999	CEU	EUR
NA12760	-0.0108517	0.0272619	0.010104	0.0154028	-0.00880382	0.0048537	0.0233883	0.0250413	0.0283799	0.0151511	CEU	EUR
NA12761	-0.0119036	0.0273264	0.0137881	0.0192176	0.00511304	-0.000160502	0.00473514	-0.001041	0.0108916	-0.0202085	CEU	EUR
NA12762	-0.010778	0.0260071	0.0120791	0.0168279	0.00274761	0.00348951	0.0221411	0.00211984	-0.00983576	-0.00634843	CEU	EUR
NA12763	-0.0103856	0.0260176	0.00550038	0.0173227	-0.00122532	-0.00249873	0.0204881	0.000877562	9.37958e-06	0.025416	CEU	EUR
NA12775	-0.0114667	0.0274421	0.00858669	0.0106632	-0.00524214	-0.00285386	0.0142729	0.014392	0.00203441	0.0242618	CEU	EUR
NA12776	-0.0105161	0.0262584	0.0114921	0.0166753	-0.0119801	-0.00776119	0.0255862	-0.00673863	0.00311441	-0.00372554	CEU	EUR
NA12777	-0.0115924	0.0263466	0.0119959	0.0198935	-0.0102202	0.00640259	0.0187578	-0.00158575	-0.0155438	0.00860228	CEU	EUR
NA12778	-0.0105747	0.0279286	0.0129732	0.0175319	-0.00572051	-0.00241077	0.0270088	0.00788919	-0.00595257	-0.0026739	CEU	EUR
NA12812	-0.0111882	0.0261731	0.0105384	0.017341	0.000544425	-0.0070703	0.0292301	0.020432	0.0150131	-0.00739625	CEU	EUR
NA12813	-0.0109439	0.0279295	0.0132962	0.0194027	-8.78969e-05	0.000363325	0.0202432	0.0107071	0.00728185	0.00113473	CEU	EUR
NA12814	-0.0116651	0.0257836	0.008653	0.0193514	0.0139484	0.00558253	0.000563582	-0.0100591	0.00204488	-0.0143394	CEU	EUR
NA12815	-0.0122215	0.0267803	0.0114438	0.0181647	-0.00297291	-0.0137431	0.0354293	0.00148531	0.0136634	-0.00571389	CEU	EUR
NA12827	-0.0101975	0.0287833	0.0108839	0.0202117	-0.00332813	0.00367909	0.00284473	0.000633297	0.00571838	-0.00178948	CEU	EUR
NA12828	-0.0122877	0.0264784	0.0109989	0.0167823	-0.00518186	0.00258169	0.00412498	-0.0127642	-0.000501414	-0.0133828	CEU	EUR
NA12829	-0.0110446	0.0246636	0.00359564	0.0133964	0.00126408	0.00735147	0.00740041	0.00326741	-0.0148874	-0.00266148	CEU	EUR
NA12830	-0.0113049	0.0275773	0.0134766	0.013981	-0.00193188	-0.00207431	0.0198438	0.00443921	-0.00897199	0.00971977	CEU	EUR
NA12842	-0.0115401	0.0287068	0.0120178	0.0201397	0.00209064	0.00791572	0.00588964	0.00721691	0.0244537	-0.0248723	CEU	EUR
NA12843	-0.011082	0.02647	0.0140564	0.0184149	-0.00069061	-0.00107137	0.0140122	-0.0219694	-0.0359975	-0.000763683	CEU	EUR
NA12872	-0.0109909	0.0261923	0.011676	0.0146786	-0.00548274	0.00470393	0.0161399	0.00812238	0.00817549	-0.00361179	CEU	EUR
NA12873	-0.0112859	0.0270438	0.0100169	0.025149	-0.00226008	-0.00368345	0.0201072	0.00775668	0.0101323	-0.0205764	CEU	EUR
NA12874	-0.00982669	0.0298988	0.013177	0.0219489	-0.0100159	0.00224493	0.0136796	0.00418537	0.0142639	-0.0141435	CEU	EUR
NA12878	-0.0104091	0.0250898	0.0107034	0.0174439	0.00228843	0.00202001	0.019436	-0.0165821	-0.0189117	0.0134771	CEU	EUR
NA12889	-0.0101469	0.0266296	0.00676484	0.0160073	0.000862203	-0.00244624	-0.00849938	-0.00612499	-0.00968716	-0.00492381	CEU	EUR
NA12890	-0.0111391	0.0249056	0.0116405	0.0168261	-0.00887039	-0.010246	0.0499533	0.0100293	-0.00243019	-0.00306913	CEU	EUR
NA18486	0.0357947	-0.00453517	0.00176513	0.000583157	0.00249125	0.0117152	0.00527391	-0.0392608	0.000330718	-0.0219416	YRI	AFR
NA18488	0.0356475	-0.00457749	-0.000899701	-0.000661567	-0.00550388	-0.000966902	-0.000228922	-0.050935	0.0182079	-0.0134008	YRI	AFR
NA18489	0.0349632	-0.00377521	0.000502156	-0.00102461	0.00604122	0.0093441	0.00722907	-0.0386265	-0.0105608	0.0128845	YRI	AFR
NA18498	0.0338463	-0.00290798	0.00047417	0.000655846	-0.00496002	0.0207507	0.0108502	-0.0314623	0.0045483	-0.0345844	YRI	AFR
NA18499	0.0358047	-0.00492726	0.00134169	0.000602126	-0.000522628	-0.0106067	0.0104799	-0.0216156	0.01727	0.024687	YRI	AFR
NA18501	0.0355145	-0.00438763	-0.00245061	-0.00191721	0.00291028	0.0155721	0.00881388	0.00219216	0.00300099	0.043167	YRI	AFR
NA18502	0.0349715	-0.00272938	0.000940683	0.00064379	-0.00159151	0.0173606	0.00885812	-0.0169937	0.0472644	-0.00253129	YRI	AFR
NA18504	0.0356307	-0.00507228	0.000962863	-0.000734203	-0.00576078	0.0196671	0.0113353	-0.0345036	0.00894156	0.00531891	YRI	AFR
NA18505	0.0357227	-0.00281298	-0.000372526	0.000156222	0.00326483	0.00474001	-0.00218179	-0.00894789	0.0393323	0.0249871	YRI	AFR
NA18507	0.0362624	-0.00478433	0.000390405	-7.96465e-05	-0.00385455	0.00426956	0.0047897	-0.0169567	-0.0152653	0.0224988	YRI	AFR
NA18508	0.033929	-0.0039341	0.00172581	0.00138398	-0.0036977	-0.00499976	0.00269467	-0.0194622	0.0182883	0.00657746	YRI	AFR
NA18510	0.0354552	-0.00300638	-0.000686439	0.000792056	0.00249682	0.0147365	0.00696818	-0.0114829	0.0470634	-0.0137364	YRI	AFR
NA18511	0.03473	-0.00495028	0.000728219	0.00152143	-0.00970569	0.0058602	0.00875268	-0.0319535	0.0163091	0.020695	YRI	AFR
NA18516	0.0348459	-0.00353761	0.00258084	-0.00184044	-0.00181374	-0.0112828	0.00684468	-0.043271	0.0128142	-0.0092637	YRI	AFR
NA18517	0.0344188	-0.00283258	0.00129898	0.0016817	-0.00111726	0.0205822	0.00721837	-0.045026	-0.00858459	0.00287744	YRI	AFR
NA18519	0.0354257	-0.00460306	-0.000803944	0.000319211	-0.00528122	0.0147061	0.0130793	-0.0384637	0.0132036	-0.0334137	YRI	AFR
NA18520	0.035292	-0.00405289	0.00118535	0.000825333	0.00437519	0.00921328	0.00843813	-0.0241766	0.0296724	0.0218996	YRI	AFR
NA18522	0.0348688	-0.00410986	0.00118434	-0.000556724	0.00382404	0.0104238	0.00297483	-0.0375626	0.00673497	0.0229388	YRI	AFR
NA18523	0.0354629	-0.00363513	0.000324159	-0.000285699	-0.00828805	0.0220766	0.0165025	-0.0373217	0.026868	-0.0305805	YRI	AFR
NA18525	-0.0161602	-0.0330159	0.00714832	0.0122261	-0.0172776	-0.00355973	0.000124652	-0.00744302	0.0124794	-0.00828368	CHB	EAS
NA18526	-0.0154663	-0.0338108	0.0101056	0.0135504	-0.00282125	-0.00236097	0.00422148	0.00457169	0.0061475	-0.0241317	CHB	EAS
NA18528	-0.01556	-0.032222	0.00752783	0.00802924	-0.0256066	0.00122824	-0.00796589	-0.00948514	-0.00467558	0.000136588	CHB	EAS
NA18530	-0.0152559	-0.031813	0.00914575	0.0123681	-0.0373654	-0.00115271	-0.00874893	0.00540641	-0.00618772	-0.0192864	CHB	EAS
NA18531	-0.0159207	-0.032609	0.00677837	0.0086301	-0.0231168	-0.000200176	-0.0124059	0.011513	0.0267452	0.00585158	CHB	EAS
NA18532	-0.0156795	-0.032893	0.0108395	0.014338	-0.0188398	-0.00218233	-0.00342381	0.00971454	0.0125695	0.00352915	CHB	EAS
NA18533	-0.0162034	-0.0348074	0.00580694	0.012373	0.0108755	0.00186638	0.00352148	-0.00777994	-0.0128522	-0.0257842	CHB	EAS
NA18534	-0.0154294	-0.0314119	0.00653325	0.0127747	-0.0208206	-0.00212639	-0.00172866	0.000369576	0.0026142	0.00942845	CHB	EAS
NA18535	-0.0159433	-0.0327944	0.0102069	0.0118266	-0.020457	-0.00348627	0.00235414	-0.00225491	-0.0215315	0.00624745	CHB	EAS
NA18536	-0.0155009	-0.0333952	0.00483938	0.0190765	-0.00259961	-0.00325394	0.00550433	-0.00977653	-0.0039801	-0.00679524	CHB	EAS
NA18537	-0.0146714	-0.0295743	0.00559346	0.0164318	-0.0281591	-0.000650607	-0.00396068	0.00914671	0.0113451	-0.0183799	CHB	EAS
NA18538	-0.0159804	-0.0348957	0.011316	0.00904762	-0.0285562	-0.00161058	-0.01923	-0.0187362	-0.0199683	-0.0196531	CHB	EAS
NA18539	-0.015544	-0.032532	0.00744218	0.00977352	-0.0298167	0.00219194	-0.0153953	0.00698504	0.0110382	0.00887543	CHB	EAS
NA18541	-0.0157591	-0.0337482	0.00899149	0.0117454	-0.0172212	0.00330761	-0.0115252	0.00473149	0.0272543	-0.0116532	CHB	EAS
NA18542	-0.0148172	-0.032882	0.00653339	0.0160135	-0.0343909	0.00172914	0.00252678	0.00890918	0.0218058	-0.0180948	CHB	EAS
NA18543	-0.0159841	-0.0349094	0.00952732	0.0197829	0.00320677	0.00315902	-0.000829804	-0.00561016	-0.0254687	0.0192147	CHB	EAS
NA18544	-0.0155488	-0.0319754	0.0101075	0.014381	-0.0303767	0.00068222	-0.00547627	0.014096	0.0233606	-0.010579	CHB	EAS
NA18545	-0.0156452	-0.0338269	0.0105064	0.0151521	0.00558687	-0.00248019	-0.00220714	0.0063031	0.024017	-0.0101232	CHB	EAS
NA18546	-0.015841	-0.0320248	0.00659167	0.0129422	-0.0209522	-0.00195309	-0.011098	0.0151413	0.0355658	-0.0346154	CHB	EAS
NA18547	-0.0158528	-0.0323915	0.00508406	0.0133301	-0.0199938	-0.00305852	-0.00275892	0.00654796	0.0316618	-0.0249615	CHB	EAS
NA18548	-0.0157034	-0.030543	0.0105697	0.0113176	-0.0218977	-2.78979e-05	-0.00766877	0.00923133	-0.00128371	-0.00149532	CHB	EAS
NA18549	-0.0157316	-0.0336102	0.00571505	0.012675	-0.00203504	-0.0013228	0.000421789	-0.00392115	-0.0223337	0.00422735	CHB	EAS
NA18550	-0.01589	-0.0309463	0.00569063	0.0171291	0.0155945	-0.0074989	0.00757144	-0.00551794	-0.00323098	-0.000611295	CHB	EAS
NA18552	-0.0158818	-0.0329781	0.00902378	0.0139863	-0.0212931	0.00255524	-0.00144372	-0.00553856	0.00985835	-0.00969856	CHB	EAS
NA18553	-0.0148519	-0.0343981	0.00393413	0.0106505	-0.0346495	-0.0088712	-0.00296252	0.00579297	-0.00341581	0.0209431	CHB	EAS
NA18555	-0.0161694	-0.0346601	0.00590661	0.0121463	3.44946e-05	-0.00196224	-0.00136018	-0.00299683	0.00312096	0.00381327	CHB	EAS
NA18557	-0.0153632	-0.0321893	0.00929011	0.00844258	-0.0279162	0.0015859	-0.0187908	0.0064376	0.0187676	-0.0224375	CHB	EAS
NA18558	-0.0157308	-0.0353795	0.00674662	0.00784066	-0.0142896	0.00125248	-0.00746257	-0.00681292	-0.0209506	0.0225283	CHB	EAS
NA18559	-0.0159213	-0.0345831	0.00814786	0.01446	-0.00637035	-0.00796477	-0.00696354	-0.0166457	-0.0224653	0.0097386	CHB	EAS
NA18560	-0.0157387	-0.0338246	0.00558522	0.0176572	-0.0140966	0.0017484	-0.00192696	-0.00224644	-0.00620018	-0.00505478	CHB	EAS
NA18561	-0.015784	-0.0312004	0.00555835	0.0104746	-0.0269355	-0.00551182	-0.00341526	-0.00121898	-0.000880743	-0.0153123	CHB	EAS
NA18562	-0.0159207	-0.0344746	0.00909208	0.0139642	-0.0182614	-0.007899	0.000600524	0.000643022	0.00227143	0.00383723	CHB	EAS
NA18563	-0.0161303	-0.0346532	0.00519022	0.00874673	-0.0250709	0.00673214	-0.0109303	0.0110784	0.0279126	-0.0154155	CHB	EAS
NA18564	-0.0151278	-0.0316567	0.000641694	0.0100723	-0.0344865	-0.00112357	-0.00735596	0.00846346	0.0298131	0.00282158	CHB	EAS
NA18565	-0.0162384	-0.0349426	0.00838757	0.0135723	-0.0118536	0.000526589	-9.76392e-06	0.00370666	4.38985e-05	-0.0239524	CHB	EAS
NA18566	-0.0154671	-0.0327583	0.002643	0.0116939	-0.00943396	0.00103562	0.00303967	-0.00376369	-0.0276105	0.00515039	CHB	EAS
NA18567	-0.0155702	-0.0327663	0.00497977	0.00784485	-0.0151847	-0.00387817	-0.000961508	-0.0080462	-0.00139841	0.0181888	CHB	EAS
NA18570	-0.0156145	-0.0341902	0.00564241	0.0158303	-0.0125415	-0.00353495	-0.00692314	0.0108723	0.00876633	0.0251329	CHB	EAS
NA18571	-0.0157852	-0.0336806	0.00982521	0.0103465	-0.00240977	-6.26168e-07	-0.000321616	0.00952904	0.0153168	-0.00383868	CHB	EAS
NA18572	-0.0155424	-0.0351583	0.00697523	0.0129856	-0.0225396	0.000939728	-0.00821182	0.0107696	0.00363319	0.0073678	CHB	EAS
NA18573	-0.0152683	-0.0336305	0.00557984	0.015343	-0.00121213	-0.00152158	-0.0034995	0.0161569	0.0226635	0.00177203	CHB	EAS
NA18574	-0.0155575	-0.0330247	0.00938662	0.0122891	-0.031662	-0.00455966	-0.00622959	-0.00778059	-0.0194276	0.00376652	CHB	EAS
NA18577	-0.015963	-0.0339905	0.00743442	0.0147629	-0.0181673	0.00133744	-0.0100772	0.00127029	0.00864682	0.0106827	CHB	EAS
NA18579	-0.0147881	-0.0342644	0.00723001	0.0109333	-0.0499055	0.00675699	-0.0209271	0.017761	0.0238587	-0.00633791	CHB	EAS
NA18582	-0.0151053	-0.032276	0.0083164	0.0147083	-0.0138547	-0.00567734	-0.00970987	0.00689412	0.0250708	0.00775507	CHB	EAS
NA18591	-0.0158653	-0.034784	0.00805335	0.0139624	0.00543276	0.00162945	-0.00583377	0.00934194	0.00858313	0.00590855	CHB	EAS
NA18592	-0.0160616	-0.0346427	0.00512354	0.0105419	-0.0319336	0.00461226	-0.00082433	0.00473188	0.00924642	-0.00780259	CHB	EAS
NA18593	-0.0158874	-0.034491	0.00421363	0.0114993	-0.0120706	-0.00429564	0.00716145	0.0194693	0.0274259	-0.0336171	CHB	EAS
NA18595	-0.0151284	-0.0316838	0.010174	0.0103247	-0.039361	-0.00411317	-0.00716485	-0.00881244	-0.0215792	0.00323727	CHB	EAS
NA18596	-0.0159734	-0.0341949	0.00802458	0.00862292	-0.0254201	-0.0108031	-0.0099073	-0.00807481	-0.0206487	-0.00703523	CHB	EAS
NA18597	-0.0154318	-0.0336633	0.0061256	0.0125159	-0.0241619	0.000670946	-0.00659855	-0.000549753	0.00396794	-0.020861	CHB	EAS
NA18599	-0.0154777	-0.0324948	0.00490844	0.00971444	-0.0273368	0.00546005	5.32702e-06	0.00873485	0.00102276	-0.0179219	CHB	EAS
NA18602	-0.0155287	-0.0308991	0.00539986	0.012425	-0.0331208	-0.00720462	0.00178711	0.000823207	-0.00424528	0.0117577	CHB	EAS
NA18603	-0.0160399	-0.0346323	0.00226161	0.0134622	-0.0074655	0.000590915	-0.00133041	0.00127039	0.00690162	-0.0167454	CHB	EAS
NA18605	-0.0145268	-0.0342117	0.00376583	0.0115696	-0.0236281	-0.00684546	-0.0159261	-0.00467043	-0.0266832	0.00750955	CHB	EAS
NA18606	-0.0159128	-0.0351746	0.00704969	0.016035	-0.0074488	-0.00402456	-0.00278743	-0.00113548	-0.0135553	0.00650714	CHB	EAS
NA18608	-0.0155761	-0.0310566	0.00720046	0.00978798	-0.0250882	-0.00436776	-0.00822245	0.0106595	0.0279531	-0.0164529	CHB	EAS
NA18609	-0.0145301	-0.0321883	0.0076927	0.0119077	-0.0282067	0.00187973	-0.00447407	-0.0139863	-0.027349	-0.0310114	CHB	EAS
NA18610	-0.0158531	-0.0339147	0.00544021	0.010034	-0.011577	0.00441531	-0.00408721	0.00658151	0.0166301	-0.00297527	CHB	EAS
NA18611	-0.0155145	-0.0338382	0.00563451	0.0116471	-0.0184252	-0.00538335	-0.00256983	-0.00713194	-0.0298043	-0.00416882	CHB	EAS
NA18612	-0.0151221	-0.0322634	0.00450455	0.0119642	-0.0408062	-0.00901742	-0.014877	-0.00756642	-0.015282	0.0102964	CHB	EAS
NA18613	-0.015418	-0.0331078	0.00918545	0.0105138	-0.0190385	0.00386888	-0.00785022	-0.0106375	0.00600737	-0.0210612	CHB	EAS
NA18614	-0.0159612	-0.0331592	0.00792674	0.0120699	-0.0213827	-0.00329071	-4.03056e-05	0.00906047	0.0227042	0.0312427	CHB	EAS
NA18615	-0.0160062	-0.0318875	0.00983748	0.0123059	-0.0127746	0.00563434	-0.00476817	-0.00537843	-0.0197324	-0.0139761	CHB	EAS
NA18616	-0.0159716	-0.0357791	0.00351953	0.0154021	-0.00118523	0.0016915	-0.00623117	0.00409863	0.0072141	-0.00468622	CHB	EAS
NA18617	-0.0151342	-0.0346626	0.00883408	0.0163061	-0.00163545	0.00249515	0.00793689	-0.000623359	0.00392975	0.00966102	CHB	EAS
NA18618	-0.0147317	-0.0319487	0.00520466	0.0143063	-0.0371023	-0.00432004	-0.00723471	-0.00858596	-0.00279308	0.0112787	CHB	EAS
NA18619	-0.0158004	-0.0294274	0.00373417	0.00806307	-0.0293587	-0.0096893	-0.0074025	0.00664952	0.0143792	0.023039	CHB	EAS
NA18620	-0.0157612	-0.0344875	0.00772736	0.0110077	-0.0301043	-0.00257927	-0.00585002	0.0048604	0.0196638	-0.0194083	CHB	EAS
NA18621	-0.0157694	-0.033066	0.00460054	0.0150213	-0.0344285	0.00409265	-0.00111379	0.00123755	0.00383238	-0.00912694	CHB	EAS
NA18622	-0.0154725	-0.0351296	0.00966103	0.0127622	-0.0051794	-0.00290999	-0.00762747	0.0151735	0.0354914	0.00399722	CHB	EAS
NA18623	-0.0149321	-0.0309852	0.00467616	0.00868504	-0.0368781	-0.00441324	-0.00158807	0.0102916	0.0203862	-0.0170924	CHB	EAS
NA18624	-0.0157996	-0.0340017	0.00949835	0.0152079	-0.0284928	-0.00580857	-0.00166731	-0.014246	-0.0224559	-0.0159488	CHB	EAS
NA18625	-0.0154279	-0.0332812	0.00830502	0.00930921	-0.0298132	-0.00275523	-0.00278029	-0.0100769	-0.0132635	0.0279196	CHB	EAS
NA18626	-0.0159572	-0.0340251	0.00714654	0.0107646	-0.0246761	0.00105082	-0.00808105	0.000421203	0.009479	-0.023356	CHB	EAS
NA18627	-0.015132	-0.0354158	0.00815974	0.0147589	0.00212476	0.00263513	-0.00528252	0.00199945	-0.0103121	0.0212265	CHB	EAS
NA18628	-0.0156303	-0.0334016	0.00906468	0.0167812	0.0321132	-0.00131321	3.54946e-05	-0.00220755	-0.00797647	0.00100248	CHB	EAS
NA18629	-0.0151825	-0.0329305	0.00689707	0.0142105	-0.00745637	-0.00319198	-0.00549465	0.000136112	-0.0141565	-0.00888616	CHB	EAS
NA18630	-0.0144272	-0.0333049	0.00471835	0.0155673	0.0103678	0.00360713	0.000467695	0.0112669	0.0154139	0.012941	CHB	EAS
NA18631	-0.0148326	-0.0341114	0.00706328	0.0142632	-0.0264242	0.00391085	0.00468613	-0.00965477	-0.0244364	-0.00697823	CHB	EAS
NA18632	-0.0160987	-0.0344912	0.00409129	0.0133108	0.00614922	0.000514224	-0.00137555	0.0112719	0.0142609	-0.0106262	CHB	EAS
NA18633	-0.0153955	-0.0342695	0.00696547	0.0138348	-0.0209696	0.0041398	-0.00289419	0.0027892	-0.00523168	-0.00150634	CHB	EAS
NA18634	-0.0148278	-0.0333137	0.00398921	0.0117753	-0.0164991	-0.000114032	-0.00191344	-0.00288025	0.00358296	-0.0185887	CHB	EAS
NA18635	-0.0151326	-0.0312882	0.00857476	0.0133824	-0.0294978	-0.00138344	-0.00805734	0.00692828	0.0130079	-0.0112625	CHB	EAS
NA18636	-0.0153362	-0.0330749	0.00689377	0.0135753	0.00481547	0.00200349	-0.00307932	-0.000845169	-0.0230727	0.0231535	CHB	EAS
NA18637	-0.0159511	-0.0341045	0.00143633	0.0103889	-0.000171841	-0.00118764	0.00512728	-0.00351718	-0.00425999	-0.00340888	CHB	EAS
NA18638	-0.0159601	-0.0345825	0.00589112	0.0138885	0.00984599	0.00463393	-0.00393519	0.00535449	0.00229644	-0.00271446	CHB	EAS
NA18639	-0.0151083	-0.0337161	0.00991335	0.00916262	0.00033864	-0.00368703	-0.00143554	0.0150304	0.0221639	0.00664672	CHB	EAS
NA18640	-0.0154013	-0.0351625	0.0110663	0.0137855	-0.024205	-0.00625288	-0.00613346	-0.00688422	-0.0232782	-0.00673446	CHB	EAS
NA18641	-0.0156118	-0.0328485	0.00768051	0.0124798	-0.0185735	-0.0024633	0.00897165	-0.00894165	-0.0199057	-0.00532484	CHB	EAS
NA18642	-0.0154969	-0.0335379	0.00596502	0.014738	-0.0152788	0.000957026	-0.00988328	-0.00248584	-0.00390657	0.0016744	CHB	EAS
NA18643	-0.0150767	-0.0317049	0.00898688	0.0120912	-0.0342332	-0.00138255	-0.00049663	-0.00148694	0.00969513	-0.0143239	CHB	EAS
NA18644	-0.0158089	-0.0343652	0.00689711	0.0161152	-0.0122433	-0.000372859	-0.00641447	0.0114483	0.00315931	-0.0106529	CHB	EAS
NA18645	-0.0154046	-0.0365949	0.00815301	0.0120381	-0.0162767	-0.000712631	-0.0213402	-0.00707638	0.00430417	-0.00801087	CHB	EAS
NA18646	-0.015704	-0.0331857	0.00997357	0.0106509	-0.0378346	-0.000953647	-0.00274893	-0.0175251	-0.0118303	0.00429224	CHB	EAS
NA18647	-0.0151999	-0.0319663	0.00457102	0.0144633	-0.0150736	-0.00132807	-0.0112297	-0.00185146	0.00872881	-0.0307815	CHB	EAS
NA18648	-0.0155214	-0.0313958	0.00895823	0.0153903	-0.0365025	-0.00516769	-0.0119786	0.0048006	0.0204945	-0.0198322	CHB	EAS
NA18740	-0.0156169	-0.0341091	0.00788206	0.0140234	0.012776	0.000331597	0.00288507	0.0166368	0.0244562	-0.0368943	CHB	EAS
NA18745	-0.0156717	-0.0330907	0.00790259	0.0112096	-0.0188518	-0.00302498	-0.00834987	0.00598553	0.00330222	-0.00997924	CHB	EAS
NA18747	-0.0150356	-0.0343549	0.00590258	0.0137152	-0.0056569	-0.00210355	0.000383336	0.00413307	0.00356791	0.00838311	CHB	EAS
NA18748	-0.0158485	-0.0342154	0.00905836	0.0155029	-0.00967926	-0.00188279	0.00523537	0.00930555	0.0151856	-0.00259803	CHB	EAS
NA18749	-0.0149887	-0.0333481	0.00682315	0.0120804	-0.0367491	-0.00923076	0.0044211	-0.0170111	-0.0219791	0.00105279	CHB	EAS
NA18757	-0.0162455	-0.0321216	0.00662757	0.0127419	-0.0312744	-0.00698913	0.00617865	0.00520796	0.0103071	0.00538372	CHB	EAS
NA18853	0.0351761	-0.0042736	-0.00235552	0.000565468	0.00792018	0.0183864	0.00497756	-0.0435191	-0.0037115	0.0248377	YRI	AFR
NA18856	0.0346876	-0.00503698	0.00150624	-0.00102936	0.000672311	0.00978373	0.0148847	-0.0459414	0.0214727	-0.0273777	YRI	AFR
NA18858	0.0354455	-0.00366669	0.000748577	-0.000997152	-0.0038082	0.0078735	0.00514606	-0.0323031	0.00536754	0.0176808	YRI	AFR
NA18861	0.0354557	-0.00401006	0.000222235	0.00329729	-4.93177e-06	0.0253214	0.0126489	-0.037954	0.0246059	0.0082461	YRI	AFR
NA18864	0.0356796	-0.00431239	0.00159234	-0.000658283	0.000636931	0.00378876	0.00520856	-0.0264352	0.0201938	0.0159602	YRI	AFR
NA18865	0.0350838	-0.00422672	0.000460557	-0.00220694	-0.000328971	0.0173261	0.00621643	-0.00592112	0.012744	0.0197732	YRI	AFR
NA18867	0.0346647	-0.0031698	-0.000919095	-0.00294906	0.00175654	0.0128053	0.00477157	-0.026055	0.0173136	0.000739668	YRI	AFR
NA18868	0.0354503	-0.00490153	-0.00144446	0.000900159	-0.00222453	0.00372125	0.00304186	-0.00728186	0.0251891	-0.0150759	YRI	AFR
NA18870	0.0357469	-0.00476805	0.00189075	0.000223821	-0.00630346	0.0166223	0.0090066	-0.0636752	0.0297721	-0.00871447	YRI	AFR
NA18871	0.0364523	-0.0048364	0.00212969	0.00245225	0.00286902	-0.00792811	0.00221433	-0.0211311	0.0118818	0.0131416	YRI	AFR
NA18873	0.0348254	-0.00431316	0.00268584	0.00182712	-0.00728691	0.0186622	0.0100813	-0.0266828	0.0254978	-0.0110478	YRI	AFR
NA18874	0.0349743	-0.00409679	0.000644732	-0.000164332	0.000666636	0.000384711	0.0104886	-0.0160623	0.0123996	-0.0120656	YRI	AFR
NA18876	0.0355199	-0.00440722	5.18458e-05	0.000915389	-0.00122654	0.0224956	0.00225752	-0.0441287	0.0156217	0.00897193	YRI	AFR
NA18877	0.0345309	-0.00531602	0.00162986	-0.00227016	-0.0102013	-0.00346394	0.00160448	-0.0356381	-0.00897475	-0.0128082	YRI	AFR
NA18878	0.0355136	-0.00425107	-0.000129581	0.00253019	0.00106489	0.00906934	0.00296579	-0.0118344	0.0434654	-0.00512018	YRI	AFR
NA18879	0.034695	-0.00400836	0.00187556	0.000332571	-0.00041145	0.00367041	0.00527495	-0.0332878	-0.00523254	0.00580988	YRI	AFR
NA18881	0.0346315	-0.00377407	-0.00184878	-0.000224948	0.00103942	0.00320551	0.00142612	-0.0149606	0.00402595	-0.0252815	YRI	AFR
NA18907	0.0338238	-0.00504006	-7.14344e-05	0.000982202	0.0032084	0.00947973	0.00325778	-0.0210431	0.0283676	-0.00239985	YRI	AFR
NA18908	0.0349226	-0.00499923	0.0011521	0.00045461	-0.00565445	0.0109982	0.0166107	-0.0371301	0.0205617	-0.000224061	YRI	AFR
NA18909	0.0362606	-0.00624106	0.00106167	-0.00109071	-0.00316753	0.00834783	0.0100414	-0.0320256	-0.0223484	-0.0190904	YRI	AFR
NA18910	0.0358021	-0.0034041	-0.00188152	0.000311637	-0.00769644	0.00990115	0.00322665	-0.0233862	-0.0234656	0.0273373	YRI	AFR
NA18912	0.0354481	-0.00483853	-0.00238779	0.0014569	0.00053313	0.00708784	0.0108813	-0.0200014	0.00981948	-0.0125085	YRI	AFR
NA18915	0.035676	-0.00461143	0.000754957	0.000113569	-0.000394563	0.0234217	0.0094989	-0.0310701	0.0150208	-0.0225391	YRI	AFR
NA18916	0.0355817	-0.00417018	0.00301936	0.000734065	-0.00682554	0.00146356	0.0102679	-0.0247826	0.0349225	-0.0196342	YRI	AFR
NA18917	0.0360119	-0.00336661	0.00047107	0.00148752	-0.00188563	0.00271644	-0.000894158	-0.0355841	0.00823462	0.0348272	YRI	AFR
NA18923	0.033976	-0.00433784	-0.000532495	0.000597729	-0.00449374	0.019332	0.00558115	-0.0316724	0.0260113	0.00697888	YRI	AFR
NA18924	0.0355342	-0.00524267	-0.000824375	-0.000398057	-0.0147661	0.0142794	0.00307448	-0.00706429	0.0314391	-0.013915	YRI	AFR
NA18933	0.0347895	-0.00377959	-0.00108068	-0.000598764	0.000274054	0.0163867	0.01129	-0.023795	0.0194475	-0.00106165	YRI	AFR
NA18934	0.035572	-0.00473742	0.000866664	6.03787e-05	-0.00542398	0.0255864	0.00302757	-0.0162595	0.0152656	-0.029142	YRI	AFR
NA18939	-0.0146391	-0.0297304	0.00248058	0.0097179	-0.060754	-0.00722161	-0.0183717	-0.0010327	-0.000236272	0.0268684	JPT	EAS
NA18940	-0.0153322	-0.032392	0.00303897	0.00805914	-0.0698432	-0.00235144	-0.0202288	-0.0198731	-0.0205295	-0.0109136	JPT	EAS
NA18941	-0.015684	-0.0346934	0.00637573	0.0125616	-0.064572	-0.00174748	-0.022105	-0.00252101	0.000267716	-0.00401675	JPT	EAS
NA18942	-0.0154249	-0.0338459	0.00601465	0.00535517	-0.0675712	-0.00498919	-0.0230874	-0.00264392	0.00431003	0.00774456	JPT	EAS
NA18943	-0.0150897	-0.0332949	0.00572059	0.011233	-0.0558761	-0.00470833	-0.0222724	-0.0035558	-0.00152694	-0.016842	JPT	EAS
NA18944	-0.0151308	-0.0320053	0.00378882	0.011823	-0.0890775	0.00143996	-0.027757	-0.00496438	0.00711539	0.0150746	JPT	EAS
NA18945	-0.0158758	-0.0317984	0.00853962	0.00681256	-0.0749387	0.0012754	-0.0173447	-0.0095006	-0.0106734	0.00532204	JPT	EAS
NA18946	-0.0148067	-0.0323877	0.00658984	0.00975676	-0.0527833	-0.00442387	-0.0107963	0.00300256	0.00704418	-0.00149434	JPT	EAS
NA18947	-0.0156515	-0.0324686	0.00511705	0.0108674	-0.0735961	-0.00217124	-0.0216342	-0.0219966	-0.0217975	0.0120848	JPT	EAS
NA18948	-0.0155069	-0.0326227	0.00649662	0.0104821	-0.0474715	0.000609344	-0.00982163	-0.0170893	-0.0254987	-0.00676437	JPT	EAS
NA18949	-0.0162916	-0.0351991	0.00512345	0.0179808	-0.0591642	-0.00212155	-0.0154435	0.0093761	0.0205202	0.0114351	JPT	EAS
NA18950	-0.0152636	-0.0334825	0.0084935	0.00924639	-0.0743687	-0.0163437	-0.0262362	0.00227707	0.00648025	-0.0174406	JPT	EAS
NA18951	-0.0153902	-0.0344894	0.00697772	0.00784969	-0.0550888	-0.00792363	-0.014752	-6.04193e-05	-0.0101473	0.0160822	JPT	EAS
NA18952	-0.0155214	-0.0324067	0.00735182	0.010058	-0.0744116	0.0013797	-0.0150762	-0.0112991	-0.00602223	0.00943133	JPT	EAS
NA18953	-0.0157814	-0.0322481	0.00360225	0.00475811	-0.0757948	-0.00610186	-0.0201575	-0.0124838	-0.0105175	-0.0143981	JPT	EAS
NA18954	-0.0153133	-0.0338673	0.00333122	0.0133322	-0.056668	0.00387906	-0.0154047	-0.00201703	0.0164134	-0.0178746	JPT	EAS
NA18956	-0.0148396	-0.0320089	0.00605962	0.00658651	-0.0738515	-0.000340049	-0.0229806	-0.000348636	0.00901939	-0.00799094	JPT	EAS
NA18957	-0.0145644	-0.0334678	0.00790487	0.00831417	-0.0710761	0.000100639	-0.0277651	-0.0195965	-0.0269891	0.0212285	JPT	EAS
NA18959	-0.0159861	-0.033144	0.00619893	0.0100367	-0.0550816	-0.00294172	-0.0188414	0.00481049	0.015765	-0.0175107	JPT	EAS
NA18960	-0.0143182	-0.0337368	0.00350953	0.0104352	-0.0581411	0.00612388	-0.0142242	-0.00309679	-0.00786008	-0.000737258	JPT	EAS
NA18961	-0.0151121	-0.0325136	0.00984534	0.0122757	-0.078223	-0.00567331	-0.0207947	-0.0100047	-0.00692174	-0.0173946	JPT	EAS
NA18962	-0.0156207	-0.0323145	0.00419499	0.00571044	-0.0683361	9.37706e-05	-0.0205816	-0.00490259	-0.0035475	0.0192449	JPT	EAS
NA18963	-0.0154759	-0.0337515	0.00641158	0.00961226	-0.0639031	-0.00490295	-0.0211122	-0.0208814	-0.0287007	0.00101162	JPT	EAS
NA18964	-0.0148385	-0.032576	0.00588316	0.00735132	-0.071937	-0.00147709	-0.0204871	-0.0252383	-0.0230755	0.0038012	JPT	EAS
NA18965	-0.0154913	-0.0331589	0.00907116	0.00950443	-0.0564821	-0.00551783	-0.0209724	0.000605267	0.00760178	-0.028873	JPT	EAS
NA18966	-0.0156361	-0.0320682	0.00870635	0.00811195	-0.0702888	-0.0113733	-0.00984214	-0.00772902	-0.0106178	0.0111009	JPT	EAS
NA18967	-0.0145041	-0.0325048	0.00434771	0.0100214	-0.0644986	-0.00461846	-0.0307812	-0.0195679	-0.0308574	-0.000527247	JPT	EAS
NA18968	-0.0150331	-0.0342512	0.0044633	0.00922582	-0.0601315	-0.00985217	-0.0090687	-0.0155427	-0.0331765	0.00972191	JPT	EAS
NA18969	-0.0153718	-0.0315092	0.00530896	0.00482905	-0.0724528	-0.0049617	-0.0166368	-0.00520068	0.0100429	0.00996601	JPT	EAS
NA18970	-0.0153372	-0.0343083	0.00756333	0.00974509	-0.0650506	-0.00330648	-0.0113543	0.00815367	0.00891631	-0.0327835	JPT	EAS
NA18971	-0.0152961	-0.0345947	0.00601327	0.0124918	-0.0620452	-0.00804527	-0.0225624	0.0139979	0.00757605	0.0233039	JPT	EAS
NA18972	-0.0156524	-0.0308752	0.0099196	0.00460023	-0.0680152	-0.00249558	-0.0190031	-0.00915591	0.00921273	-0.0281265	JPT	EAS
NA18973	-0.0154617	-0.0321469	0.0070107	0.00887787	-0.0692416	0.000557797	-0.0192639	-0.00927359	-0.00910906	0.0294738	JPT	EAS
NA18974	-0.0154483	-0.035175	0.00644989	0.0075801	-0.059935	-0.000372115	-0.0192909	-0.0145491	-0.0247257	0.0295556	JPT	EAS
NA18975	-0.0153113	-0.0322251	0.00961396	0.0120895	-0.072057	-0.0023246	-0.0184052	-8.92928e-05	-0.00568271	0.0225286	JPT	EAS
NA18976	-0.0154952	-0.0344249	0.00476567	0.0150358	-0.0432653	-0.00214023	-0.0164446	0.0197112	0.0275458	0.0135834	JPT	EAS
NA18977	-0.0150802	-0.0337693	0.00666191	0.011198	-0.0596481	-0.000151971	-0.0062797	-0.00216775	-0.0114861	0.00471715	JPT	EAS
NA18978	-0.0151	-0.0317019	0.00259189	0.0111866	-0.0766769	-0.00109484	-0.0279674	-0.00814702	-0.00375191	0.0205709	JPT	EAS
NA18979	-0.0151095	-0.0342052	0.00387876	0.00905838	-0.0616278	-0.00612683	-0.0153036	-0.0159747	-0.0259629	-0.00311051	JPT	EAS
NA18980	-0.0151241	-0.0324035	0.00438525	0.0104321	-0.0574737	-0.00992439	-0.0173351	-0.0119048	-0.0125867	-0.0297824	JPT	EAS
NA18981	-0.0149175	-0.0332638	0.00518724	0.00997245	-0.0715435	-0.00622388	-0.0219375	0.00655319	0.011288	0.030563	JPT	EAS
NA18982	-0.0157224	-0.0319512	0.00351471	0.00858467	-0.0671639	0.000718882	-0.0194353	0.00253139	0.0168732	0.00626177	JPT	EAS
NA18983	-0.0152649	-0.0313625	0.00958498	0.00698224	-0.075743	-0.00687144	-0.0230696	-0.0123234	-0.00378918	-0.00234413	JPT	EAS
NA18984	-0.0151513	-0.0322537	0.000613543	0.00646898	-0.0555043	-0.000555812	-0.0153891	-0.015348	-0.0250445	0.00476807	JPT	EAS
NA18985	-0.0155153	-0.0325834	0.00966346	0.0111101	-0.0465088	-0.00788325	-0.00806204	-0.00974601	-0.0299628	-0.0163697	JPT	EAS
NA18986	-0.0150652	-0.0339914	0.00654222	0.0112552	-0.0777903	-6.88832e-05	-0.024781	0.00341622	0.0181156	-0.0310219	JPT	EAS
NA18987	-0.0153853	-0.0322626	0.00410568	0.00778343	-0.0567966	-0.00747491	-0.0139727	0.0120803	0.00879611	-0.0151985	JPT	EAS
NA18988	-0.0146956	-0.0328093	0.00291466	0.00991909	-0.061183	0.00223701	-0.0252582	-0.0128102	-0.0246147	0.0251978	JPT	EAS
NA18989	-0.0149144	-0.0331472	0.00538548	0.0086835	-0.0581708	-0.00725856	-0.0173254	-0.000639536	0.00137345	-0.00341287	JPT	EAS
NA18990	-0.0159199	-0.0312322	0.00365626	0.00742543	-0.0551525	-0.000418005	-0.0221439	-5.81192e-05	0.00968242	-0.0261885	JPT	EAS
NA18991	-0.0148806	-0.0342919	0.00828585	0.0105471	-0.0498813	-4.93514e-05	-0.0241923	-0.0197932	-0.0253295	0.0027355	JPT	EAS
NA18992	-0.0144197	-0.0337153	0.00621329	0.00688098	-0.0634016	0.00145755	-0.0267991	0.00617674	-0.00216571	-0.0195705	JPT	EAS
NA18993	-0.0146888	-0.0324426	0.0105019	0.00452994	-0.0476984	-0.00379357	-0.0179283	0.00281299	0.0338362	-0.0319569	JPT	EAS
NA18994	-0.0151105	-0.0345904	0.00787231	0.0119486	-0.0627266	-0.000703154	-0.0153314	-0.0040094	0.00425707	-0.00846476	JPT	EAS
NA18995	-0.0146789	-0.0343864	0.00693563	0.00938734	-0.0666776	-2.74961e-05	-0.0117175	0.00753838	-0.0022954	0.0358833	JPT	EAS
NA18997	-0.0159737	-0.0336092	0.00555899	0.00993017	-0.0905002	-0.00140064	-0.0191915	-0.0021842	0.0135277	0.0162184	JPT	EAS
NA18998	-0.0153927	-0.0329827	0.00723953	0.00774308	-0.0571976	-0.00205681	-0.0232495	-0.0078556	0.00508614	-0.015229	JPT	EAS
NA18999	-0.0157439	-0.0326073	0.00677196	0.0122865	-0.0463702	0.00142567	-0.0134656	-0.0127848	-0.000418254	0.00217662	JPT	EAS
NA19000	-0.0146209	-0.0332228	0.00512181	0.0101012	-0.0616575	-0.00285542	-0.0140455	-0.0117326	-0.0180497	-0.00622418	JPT	EAS
NA19001	-0.0154686	-0.0306833	0.00418322	0.00771957	-0.0614201	-0.000750007	-0.0153029	-0.0131451	-0.00817374	-0.0134186	JPT	EAS
NA19002	-0.01529	-0.0299561	0.0034649	0.00510425	-0.0615046	-0.00322548	-0.0225948	0.00548004	0.0161115	0.00138272	JPT	EAS
NA19003	-0.0158574	-0.0330268	0.00346277	0.0101187	-0.0568666	-0.00257749	-0.0236092	0.00997914	0.0292133	0.00817221	JPT	EAS
NA19004	-0.0157642	-0.0326341	0.00427688	0.00495401	-0.0618861	-0.00132767	-0.0355327	0.00759999	0.0232519	0.0276817	JPT	EAS
NA19005	-0.0150311	-0.0320872	0.00495295	0.00808548	-0.0593427	0.000319438	-0.0160482	-0.0177171	-0.0133482	0.0170447	JPT	EAS
NA19006	-0.0154468	-0.0335075	0.00282118	0.0147973	-0.0619016	-0.00245996	-0.0177716	-0.0129924	-0.00942288	0.0191546	JPT	EAS
NA19007	-0.0160175	-0.032147	0.00953693	0.00856978	-0.0584708	0.00351388	-0.0256241	0.0152634	0.0251875	0.00303376	JPT	EAS
NA19009	-0.0151286	-0.0321109	0.0104218	0.00459336	-0.0578383	-4.51482e-05	-0.0117767	-0.0188195	-0.0209277	0.00246714	JPT	EAS
NA19010	-0.015372	-0.0331194	0.00610756	0.00637516	-0.0527848	-0.00226121	-0.0181672	-0.0216767	-0.0259983	-0.0208855	JPT	EAS
NA19011	-0.0155772	-0.0338554	0.00841775	0.00735143	-0.0584818	0.00297643	-0.0215769	0.00789285	0.0251682	-0.00284353	JPT	EAS
NA19012	-0.0153654	-0.0346896	0.0054884	0.0126973	-0.0679987	0.000309324	-0.020608	-0.00286634	-0.00366626	0.00822049	JPT	EAS
NA19017	0.0328992	-0.00347436	-0.00255508	0.00063564	-0.00103046	0.066867	0.00479462	0.0255328	-0.0292063	-0.0199675	LWK	AFR
NA19019	0.0312339	-0.00215486	-0.000682068	0.00114718	-0.0148652	0.0634312	-0.00654091	0.0749323	-0.00227402	0.0100197	LWK	AFR
NA19020	0.0321025	-0.00404498	-0.00123745	-0.00112429	-0.00680497	0.0615171	0.00922025	0.0537069	-0.0411039	0.0154552	LWK	AFR
NA19023	0.0337688	-0.00242122	0.00143616	-0.000228322	-0.0131971	0.0611834	0.00780707	0.0571398	-0.014866	0.00427503	LWK	AFR
NA19024	0.0329878	-0.0032918	-0.000274121	-0.00315252	-0.00999371	0.0662458	0.00619862	0.0290251	-0.0142762	0.00750467	LWK	AFR
NA19025	0.0317568	-0.00339874	0.00107079	-0.000624292	-0.0090738	0.0865398	0.00791682	0.0449664	-0.0528657	-0.0118398	LWK	AFR
NA19026	0.0332365	-0.0033076	-0.00186707	-0.00140739	-0.0075411	0.0689173	-0.00229639	0.0632906	-0.031434	0.01322	LWK	AFR
NA19027	0.0278439	-0.00183565	-0.000374931	0.000947697	-0.00423346	0.0754278	-0.00793978	0.0377117	-0.063852	-0.00123547	LWK	AFR
NA19028	0.0302555	-0.00118006	-0.00271035	0.000676914	-0.00803491	0.0538534	0.00216163	0.0507794	-0.0307151	-0.033882	LWK	AFR
NA19030	0.0326728	-0.00327685	-0.00138599	-0.00166853	-0.00523287	0.061978	-0.00551805	0.0514637	-0.0117281	-0.00561552	LWK	AFR
NA19031	0.0328433	-0.00389809	0.00105781	-0.00155986	-0.0156266	0.0628029	0.00501548	0.0283427	-0.0373868	0.0125247	LWK	AFR
NA19035	0.0314103	-0.00314135	-0.00207853	0.00238611	-0.00295754	0.060614	-0.000338701	0.0538628	-0.00668911	0.00978818	LWK	AFR
NA19036	0.0322809	-0.00473854	-0.00275357	-0.000405678	0.00177388	0.0551931	-0.00313632	0.0598113	-0.0307185	-0.025034	LWK	AFR
NA19037	0.0325518	-0.00365832	-0.000912699	0.001622	-0.00408029	0.0547713	-0.00125902	0.0491164	-0.0449906	0.00667651	LWK	AFR
NA19038	0.0333678	-0.00392167	-0.00115361	-0.000450637	-0.0128368	0.0711829	0.00617116	0.0432488	-0.0206876	-0.022274	LWK	AFR
NA19041	0.0313897	-0.00274496	-0.00235525	0.00404771	-0.00801561	0.0566041	-0.00177814	0.0528692	-0.0158643	-0.0169543	LWK	AFR
NA19042	0.0286629	-0.00151575	0.000426499	0.00230976	-0.00805674	0.0690403	0.00246623	0.0435286	-0.0654393	0.00592578	LWK	AFR
NA19043	0.0314512	-0.00208856	2.22759e-05	0.00158841	-0.00944615	0.0659712	-0.0143357	0.0592467	-0.0251823	-0.0199913	LWK	AFR
NA19054	-0.0154643	-0.0319238	0.00792004	0.0074548	-0.0722525	0.00660572	-0.0230372	-0.014501	0.00267334	-0.00566988	JPT	EAS
NA19055	-0.0153239	-0.0347034	0.00515125	0.00974505	-0.0589499	-0.00735931	-0.0167122	0.010088	0.0299019	-0.0085823	JPT	EAS
NA19056	-0.0150995	-0.0299971	0.00108485	0.00599065	-0.0780594	-0.00447586	-0.0233444	0.010186	0.0124631	-0.0101606	JPT	EAS
NA19057	-0.0154051	-0.0333794	0.00223675	0.0064518	-0.0610222	-0.00690827	-0.0136505	0.00948914	0.0311307	0.0119322	JPT	EAS
NA19058	-0.0155111	-0.0342307	0.00663052	0.0107502	-0.0675894	-0.000652751	-0.0288029	0.00128109	0.0119524	0.00903152	JPT	EAS
NA19059	-0.0159241	-0.0338887	0.00865317	0.0033805	-0.0730364	0.000725267	-0.0372018	0.00705338	0.0326296	-0.0126505	JPT	EAS
NA19060	-0.0151727	-0.031859	0.0103314	0.00436023	-0.0600076	-0.00216956	-0.022209	0.0120968	0.0338463	-0.000647164	JPT	EAS
NA19062	-0.0150526	-0.0316117	0.0069468	0.00710591	-0.0629173	0.00231025	-0.0154279	-0.0164237	-0.0273394	0.00452937	JPT	EAS
NA19063	-0.0146982	-0.0341155	0.00600757	0.00957031	-0.0698545	-0.00172117	-0.0126397	0.010869	0.0128908	0.00887459	JPT	EAS
NA19064	-0.0156111	-0.0322368	0.00524275	0.00749109	-0.0504922	-0.00476617	-0.0224787	0.00628014	0.0324611	0.00151109	JPT	EAS
NA19065	-0.0153253	-0.0313042	0.00812876	0.00634059	-0.0694816	-0.00598023	-0.00683421	0.00578443	0.00558831	0.025421	JPT	EAS
NA19066	-0.0157344	-0.0341917	0.00732166	0.0125247	-0.0638988	-0.00109652	-0.0179644	-0.00821573	-0.00412333	0.00219447	JPT	EAS
NA19067	-0.0155339	-0.0324996	0.00475155	0.0136807	-0.067493	-0.00966665	-0.0136548	-0.0120325	-0.0248614	0.0095129	JPT	EAS
NA19068	-0.015435	-0.0326705	0.0075982	0.0115377	-0.0725391	-0.000466983	-0.017478	-0.0116032	-0.0336084	0.0136255	JPT	EAS
NA19070	-0.0153714	-0.03063	0.00899182	0.0107425	-0.07388	-0.00780159	-0.024266	-0.00227648	-0.00702931	-0.012379	JPT	EAS
NA19072	-0.0157324	-0.032358	0.00591205	0.0104216	-0.066332	-0.00502514	-0.0220067	-0.00450703	-0.0134595	-0.00433601	JPT	EAS
NA19074	-0.0151284	-0.0337404	0.00694012	0.00711002	-0.0588597	0.00216953	-0.0176529	0.00121264	0.0101077	0.00974171	JPT	EAS
NA19075	-0.0150604	-0.0314945	0.0030303	0.0106894	-0.061994	0.00230101	-0.0221129	-0.0170337	-0.0264013	0.015502	JPT	EAS
NA19076	-0.0151172	-0.0325926	0.00855545	0.00998317	-0.0539765	-0.00627189	-0.0122251	-0.00674928	-0.000936448	-0.00328776	JPT	EAS
NA19077	-0.0158603	-0.0304603	0.00724716	0.00941061	-0.0572066	0.000704301	-0.0189318	0.00027258	-0.00491542	0.000833625	JPT	EAS
NA19078	-0.0152225	-0.03358	0.00725993	0.0109263	-0.0644006	-0.00507306	-0.030633	-0.00821421	-0.00749554	0.00251085	JPT	EAS
NA19079	-0.0152783	-0.03344	0.00923362	0.00548158	-0.0648727	-7.43914e-05	-0.0254545	8.01605e-07	-0.00417435	0.0221117	JPT	EAS
NA19080	-0.0148783	-0.0332946	0.00530294	0.0111873	-0.0504113	-0.00201396	-0.0211511	0.00111157	0.00205874	0.00679627	JPT	EAS
NA19081	-0.0152099	-0.0329491	0.00606283	0.00598197	-0.0713329	-0.00152678	-0.0259028	-0.0116419	0.000370986	0.012317	JPT	EAS
NA19082	-0.0146004	-0.0359702	0.00454926	0.00875162	-0.0630658	0.00523646	-0.0263534	-0.0015599	-0.00453511	0.0113696	JPT	EAS
NA19083	-0.0152006	-0.0352444	0.0073723	0.0099275	-0.0634982	-0.00887922	-0.0263399	-0.00228288	0.00228527	0.0100318	JPT	EAS
NA19084	-0.0155843	-0.0334291	0.0101032	0.00799155	-0.0578676	-0.00415208	-0.0195584	-0.00551837	-0.00854259	0.0169274	JPT	EAS
NA19085	-0.0150922	-0.0336564	0.00289426	0.0123494	-0.0673973	-0.0060428	-0.023728	-0.0113268	-0.0216759	0.0222504	JPT	EAS
NA19086	-0.0144207	-0.0336868	0.00415523	0.00962203	-0.076015	-0.00243096	-0.0212837	-0.0142766	-0.00433733	-0.0176016	JPT	EAS
NA19087	-0.0160443	-0.0326136	0.00576134	0.0018899	-0.0693918	-0.00970315	-0.0231438	0.00588683	0.0229223	0.00728782	JPT	EAS
NA19088	-0.0153988	-0.0330931	0.00331649	0.0134898	-0.0734125	0.00662481	-0.0344335	-0.0224687	-0.00309769	0.0199368	JPT	EAS
NA19089	-0.0151175	-0.0339687	0.00807913	0.00858774	-0.0748584	-0.00734687	-0.0358167	-0.00621831	-0.0105168	0.00979931	JPT	EAS
NA19090	-0.0156931	-0.0333993	0.00667243	0.00996947	-0.0673541	-0.00245376	-0.0206548	-0.0180985	-0.0297593	0.00396236	JPT	EAS
NA19091	-0.0145046	-0.0335453	0.00466518	0.0101041	-0.0755483	-0.00369405	-0.0283119	-0.0142921	-0.0214285	0.0193715	JPT	EAS
NA19092	0.0351529	-0.0046775	0.00101586	0.00141022	0.00191586	0.0155022	0.0121932	-0.0347362	0.0172959	-0.0237435	YRI	AFR
NA19093	0.0344647	-0.00485936	0.00264513	0.000812979	-0.00373869	0.00433504	0.0164932	-0.04361	-0.0039245	-0.00506728	YRI	AFR
NA19095	0.0356591	-0.0056996	0.000720333	-0.00100953	0.0066899	0.0050011	0.0101185	-0.0197217	-0.0125035	-0.00417139	YRI	AFR
NA19096	0.0371501	-0.00490942	0.00101388	-0.00147737	0.00525995	0.0034724	0.00585233	-0.0562227	-0.000236677	0.00394264	YRI	AFR
NA19098	0.0349748	-0.00313281	-0.00159044	-0.00176907	-0.00492574	-0.00042418	0.00749535	-0.00516974	0.0445083	0.0214277	YRI	AFR
NA19099	0.0356617	-0.00298359	-0.000575358	0.000525319	-0.00735841	-0.00101923	0.00766051	-0.0130223	-0.00540611	0.032574	YRI	AFR
NA19102	0.0342541	-0.00423285	-0.000256952	-0.000481491	-0.00428317	0.0117785	0.0103084	-0.037938	0.0233525	-0.0192867	YRI	AFR
NA19107	0.0358288	-0.00372331	0.000714231	-0.00104156	-0.00408044	0.00738632	0.0131309	-0.0505607	-0.000770614	0.00554505	YRI	AFR
NA19108	0.0353704	-0.00453244	0.00128656	-0.000461766	0.00125416	0.025278	0.0154665	-0.0454936	0.00585407	-0.046095	YRI	AFR
NA19113	0.0355528	-0.00463544	-0.000620042	-0.00180407	0.00126852	0.0144337	0.0133629	-0.0390135	0.00826634	-0.0077198	YRI	AFR
NA19114	0.0356443	-0.00445763	0.000135987	-0.00051289	0.00674862	-0.00683281	0.01387	-0.0377089	-0.0118735	-0.00914426	YRI	AFR
NA19116	0.0358905	-0.00387573	0.00120309	-0.00272556	-0.0012833	0.0136361	-0.00257667	-0.0339367	-0.0109923	0.00515384	YRI	AFR
NA19117	0.0359591	-0.00448282	-0.00123809	-0.0011998	-0.00890517	0.0316291	0.000478175	-0.0245339	0.0455442	-0.015079	YRI	AFR
NA19118	0.0350391	-0.00213164	-0.000318409	0.000116137	0.000909219	0.0162813	0.010169	-0.0119522	0.0249665	0.0281011	YRI	AFR
NA19119	0.0360683	-0.00408241	-0.000581549	-0.000865209	0.00317482	0.0260961	-0.00104072	-0.0215697	0.0426236	-0.0283344	YRI	AFR
NA19121	0.0348747	-0.00364272	0.000867388	0.00137105	0.00223553	0.014749	0.00104973	-0.0193112	0.0227097	-0.00551412	YRI	AFR
NA19129	0.0346122	-0.00389535	0.00278051	0.000812318	0.000338649	0.00950767	-0.000256796	-0.0301769	-0.0257996	-0.00492045	YRI	AFR
NA19130	0.0363058	-0.00527511	-0.000907889	0.00141753	-0.00261845	0.00260973	0.00787189	-0.0582109	0.00280169	0.0252939	YRI	AFR
NA19131	0.0344591	-0.00447267	-0.000609707	-0.000616392	-0.00452551	0.00511217	-0.00151256	-0.0185418	0.0237158	0.00174659	YRI	AFR
NA19137	0.0350308	-0.00375129	-0.0011403	-0.00275026	-0.0073452	0.00794817	0.0145758	-0.0214105	0.0197216	0.022465	YRI	AFR
NA19138	0.0356438	-0.00480811	0.002028	-0.000805668	0.00525354	0.00364404	0.0123238	-0.0501802	0.0120999	0.0011213	YRI	AFR
NA19141	0.0356713	-0.00323057	7.82007e-06	0.000155053	-0.000560432	0.0101322	0.0116142	-0.0230755	-0.0096591	0.000112842	YRI	AFR
NA19143	0.034672	-0.00396341	0.00169389	-0.00158467	-0.00163837	0.00631167	0.00510726	-0.026292	-0.0021753	-0.0216355	YRI	AFR
NA19144	0.0352941	-0.00397781	-0.000715125	6.06215e-05	-0.0042798	0.0146268	0.0127992	-0.0300768	-0.0143968	0.0127813	YRI	AFR
NA19146	0.0365637	-0.00541808	0.00213213	-0.000516087	-0.00359025	0.0110903	0.0108261	-0.0389685	0.0166326	0.0110461	YRI	AFR
NA19147	0.034396	-0.00489547	-0.000537185	-0.000299476	-0.00313681	0.0162649	0.00204342	0.000256663	0.0534994	-0.0105421	YRI	AFR
NA19149	0.0358617	-0.0040665	0.000472174	-0.00151068	-0.000518191	0.0260605	0.0149723	-0.0687226	0.0267823	0.00512938	YRI	AFR
NA19152	0.0362058	-0.0053167	-0.000186022	-0.000791368	-0.00289915	0.00655778	-0.00255955	-0.0290165	0.057432	-0.00536748	YRI	AFR
NA19153	0.0348373	-0.00329169	-0.000880458	0.000874784	0.00317456	0.0107311	-0.000140287	-0.036885	0.0247403	0.0150616	YRI	AFR
NA19159	0.0341322	-0.00371936	-0.000537467	-0.00280703	0.00107339	0.00204109	0.00449772	-0.0391199	0.00625371	-0.0213093	YRI	AFR
NA19160	0.0352823	-0.00484336	0.00103429	0.0015262	-0.0111069	0.0231358	-0.00164187	-0.0176927	0.0542776	-0.0226427	YRI	AFR
NA19171	0.0340744	-0.00416691	0.000251787	-0.00332857	-0.00642671	0.00993154	-0.000836171	-0.0099165	0.021765	-0.026066	YRI	AFR
NA19172	0.0339627	-0.00244558	0.00372705	0.00178679	0.00340072	0.00627228	0.00424415	-0.0101366	0.0171239	-0.00706985	YRI	AFR
NA19175	0.0355222	-0.00479555	-0.00205497	-0.000612551	0.00569755	0.00522262	0.00860432	-0.0176006	0.0280945	0.0118084	YRI	AFR
NA19184	0.0351151	-0.00430406	-0.000574911	-0.000218622	-0.00204778	0.00776448	0.00336992	-0.0399406	-0.000888286	0.0185667	YRI	AFR
NA19185	0.0362574	-0.00466302	-0.00167593	-0.000451726	-0.00644762	0.0243858	0.00857105	-0.0119145	0.0407235	0.00804957	YRI	AFR
NA19189	0.0350748	-0.00323615	0.00035246	-2.00019e-05	-0.010657	0.0183898	0.00263588	-0.0177008	0.0338199	0.0259373	YRI	AFR
NA19190	0.0354889	-0.00493812	-0.0016574	-0.0035129	-0.00257162	0.0122024	0.0126474	-0.0168052	0.0071561	-0.0237808	YRI	AFR
NA19197	0.0354548	-0.00503877	-0.000183711	0.000907248	6.22123e-05	0.0168423	0.0150513	-0.0325667	-0.00743822	-0.0100853	YRI	AFR
NA19198	0.0356664	-0.00563239	0.00130762	0.000891458	0.00038551	-0.00421026	0.0101951	-0.0203682	0.0198044	0.00172688	YRI	AFR
NA19200	0.0345527	-0.00533171	0.00143992	-0.0025052	-0.00866625	0.00604611	0.00572775	-0.018425	0.00809378	-0.0230661	YRI	AFR
NA19201	0.0358213	-0.00476699	-0.000380306	0.00059795	-0.00398477	0.012642	0.0051075	-0.0334448	-0.0234491	-0.0301111	YRI	AFR
NA19204	0.0337321	-0.0034701	-0.0012536	-0.00269207	0.00294832	0.00456989	-0.00182521	-0.0193244	0.021257	0.00710319	YRI	AFR
NA19206	0.0359135	-0.00343227	0.00127015	0.000304568	-0.00874223	0.0115093	0.00273476	-0.0330766	0.0230839	-0.00644795	YRI	AFR
NA19207	0.0356816	-0.00441029	0.00370445	0.00214964	-0.00633492	0.0216611	0.00390536	-0.0368553	0.0323277	0.0183416	YRI	AFR
NA19209	0.0359431	-0.00334874	0.00152402	-0.000395279	-0.0041323	0.00103154	0.00694168	-0.0241131	0.0109411	0.00423842	YRI	AFR
NA19210	0.0358199	-0.0029875	0.000303724	-0.00317687	0.0046463	0.0194121	0.00387625	-0.0328471	0.0245617	-0.0110453	YRI	AFR
NA19213	0.0347832	-0.00390403	-0.000536232	-0.00153973	-0.00591963	0.00645515	0.00974676	-0.0286699	-0.014965	-0.0348598	YRI	AFR
NA19214	0.035968	-0.00324902	0.00199916	0.00207273	0.00214366	-0.00538743	0.00900089	-0.0419294	0.00305982	0.0222631	YRI	AFR
NA19222	0.0359833	-0.00355211	0.000936569	-0.00130088	-0.0036576	0.0031425	0.00248567	-0.021688	0.027438	0.0396329	YRI	AFR
NA19223	0.0359206	-0.00481611	0.000972414	0.000880893	-0.00402222	0.0158834	0.00508809	-0.0262044	0.0569994	0.0222141	YRI	AFR
NA19225	0.0360187	-0.00428003	0.000536934	-0.00073029	-0.010145	0.00969164	0.00332595	-0.018514	0.0126187	0.0439831	YRI	AFR
NA19235	0.0351222	-0.00366495	0.000751628	0.000170423	-0.000605294	0.00416622	0.00362946	-0.0243941	-0.000414155	0.00699592	YRI	AFR
NA19236	0.0353272	-0.00434722	-0.00248431	-0.00153965	-0.00519748	0.0162373	0.0153794	-0.0333119	6.17162e-05	-0.000357278	YRI	AFR
NA19238	0.035307	-0.00438012	0.000244274	0.0016691	-0.0029838	0.0111402	0.00926534	-0.0424949	-0.0169748	0.00659468	YRI	AFR
NA19239	0.0367306	-0.0054487	-0.000772453	0.00297663	-0.00130924	0.00180257	0.00987418	-0.0491992	-0.00116041	-0.0155604	YRI	AFR
NA19247	0.0344272	-0.00308874	0.00212961	0.000999638	-0.00246796	0.0152003	0.0115081	-0.032978	-0.000584631	0.023914	YRI	AFR
NA19248	0.0366129	-0.00406764	-0.0011094	4.83571e-05	0.0104787	-0.000193401	0.00791352	-0.0290013	0.00943385	-0.0322932	YRI	AFR
NA19256	0.0353971	-0.00480712	-0.0014801	0.000419915	0.00444068	0.0243039	0.0125515	-0.0259553	0.0123195	-0.0353735	YRI	AFR
NA19257	0.0357677	-0.00423049	0.00113549	-0.000543497	-0.00457091	0.0210339	0.00470533	-0.0363625	0.0117914	0.0266255	YRI	AFR
NA19307	0.0323077	-0.00252602	-0.000982521	-0.00185819	0.0018106	0.0587825	-0.000695302	0.0389846	-0.0375205	0.0119299	LWK	AFR
NA19308	0.0322054	-0.00251402	-0.00229345	-0.00288321	0.00137927	0.046212	-0.00104665	0.0550452	-0.0301903	0.0535591	LWK	AFR
NA19309	0.0324242	-0.00275107	-0.000793088	0.00213037	-0.000871341	0.0608345	-0.0036894	0.0655857	-0.0248258	0.00970906	LWK	AFR
NA19310	0.0326493	-0.00418459	-0.000279199	0.000959219	-0.000987726	0.0503717	0.00256356	0.0364932	-0.033121	-0.000960404	LWK	AFR
NA19312	0.0317135	-0.00335723	-0.00422547	0.000256291	-0.000217371	0.0697906	0.00603408	0.0337487	-0.0251726	0.00408188	LWK	AFR
NA19314	0.0293539	-0.00198725	-0.000247085	0.000797154	0.000589461	0.0609598	0.0011853	0.0662061	-0.0177102	0.00215521	LWK	AFR
NA19315	0.0306481	-0.00389741	-0.00171267	0.000708185	-0.00948471	0.06103	-0.000893429	0.0490438	-0.044648	0.00132061	LWK	AFR
NA19316	0.0315632	-0.0022249	-0.00219705	0.000140168	-0.00828948	0.062444	-0.00920535	0.0703727	-0.0420983	-0.0146991	LWK	AFR
NA19317	0.0334506	-0.00302321	-0.00105967	-0.00158562	-0.0060665	0.0615501	0.00356971	0.0711683	-0.0395326	-0.0063436	LWK	AFR
NA19318	0.0345107	-0.00423752	-0.00311542	0.00128152	-0.00915751	0.0792697	0.00904286	0.0527384	-0.0587733	0.00277897	LWK	AFR
NA19319	0.0319471	-0.0034666	0.00121732	-0.00166994	-0.00848423	0.0542313	-0.00355379	0.0498549	-0.0235804	0.00538035	LWK	AFR
NA19320	0.0308865	-0.00301236	-0.00181603	-0.000470669	-0.00599962	0.0969156	0.000624944	0.090884	0.0101369	0.0109432	LWK	AFR
NA19321	0.0321008	-0.00486501	0.0012949	0.000915806	-0.00484722	0.0513834	0.00213171	0.0599552	-0.0127118	0.0305941	LWK	AFR
NA19323	0.0315288	-0.00325834	-0.000773437	-0.00189468	-0.00253754	0.0849817	0.00341564	0.0774961	-0.0205739	0.0317628	LWK	AFR
NA19324	0.0317812	-0.00203864	-0.00326425	-0.00189427	-0.00862974	0.0555711	0.00427405	0.0542309	-0.0181393	-0.015175	LWK	AFR
NA19327	0.0296496	-0.00193423	-0.000756751	0.00371478	-0.0145923	0.0485788	0.000404621	0.0632148	-0.0307363	-0.000225378	LWK	AFR
NA19328	0.0321648	-0.00208108	0.000229544	-0.000753445	-0.0121598	0.0484173	-0.00715403	0.0366519	-0.00861105	-0.0323761	LWK	AFR
NA19331	0.0317482	-0.00204366	-0.000222813	0.0008214	0.00522541	0.0686566	-0.00525235	0.0792875	-0.00352743	-0.00369579	LWK	AFR
NA19332	0.0325185	-0.00317751	-0.00182679	0.00139834	-0.00476566	0.0515744	-0.00500778	0.0361092	-0.0543285	-9.41556e-05	LWK	AFR
NA19334	0.0317478	-0.00334699	-0.00118604	0.00244582	0.000785538	0.0745634	-0.00383481	0.0737596	0.00197318	0.0134095	LWK	AFR
NA19338	0.0327899	-0.00277179	0.00163152	-0.000397949	-0.00143153	0.0450196	-0.00834468	0.0322948	-0.0449598	0.0176323	LWK	AFR
NA19346	0.0325106	-0.00386663	0.00060563	-1.71311e-05	-0.00507176	0.0467924	-0.00838417	0.0295335	-0.027164	0.0117809	LWK	AFR
NA19347	0.0324208	-0.00262282	-0.00393252	-0.00197231	-0.00881412	0.0796894	-0.00272222	0.06418	-0.0283075	-0.022544	LWK	AFR
NA19350	0.0309541	-0.00254451	0.000318102	0.00264497	0.00846327	0.0682879	-0.00779915	0.0493475	-0.0569794	-0.0223318	LWK	AFR
NA19351	0.0319185	-0.0015714	0.00154011	0.0011166	-0.0084915	0.0406335	-0.0131767	0.0297299	-0.0250667	0.0220253	LWK	AFR
NA19355	0.0298376	-0.00206436	0.000560993	-0.00131968	-0.00272475	0.0450105	-0.00514023	0.0639743	-0.0218105	-0.027848	LWK	AFR
NA19360	0.0317757	-0.00219148	-0.000124407	0.000186976	-0.0107326	0.063367	-0.00828186	0.069942	-0.0420773	-0.0239943	LWK	AFR
NA19372	0.0321837	-0.00329545	-0.00295683	-0.00187565	-0.00527316	0.0500786	-0.00585522	0.0655304	-0.0336733	-0.0242622	LWK	AFR
NA19374	0.0324955	-0.00444351	-0.000380276	0.00104386	-0.00673694	0.0704341	-0.00217681	0.0793737	-0.0238151	0.042555	LWK	AFR
NA19375	0.032292	-0.00200979	-0.000219129	-7.28427e-05	-0.00119308	0.0562937	-0.0188442	0.0391933	-0.00989707	-0.00614058	LWK	AFR
NA19376	0.0339723	-0.00250816	-0.0031904	-0.0002664	-0.00819767	0.0705421	-0.00538998	0.0775015	-0.014496	0.00493716	LWK	AFR
NA19377	0.0315272	-0.00253135	-0.00301262	0.000685523	-0.00208521	0.051202	-0.00098608	0.0279815	-0.0534264	0.00731749	LWK	AFR
NA19378	0.0322324	-0.00334466	-0.00219028	-0.00186767	-0.0076909	0.0762008	0.00295698	0.0358811	-0.0358134	0.0137474	LWK	AFR
NA19379	0.0317155	-0.00234069	-0.0026296	-0.000920376	-0.00696375	0.0590775	0.00128519	0.0392248	-0.0283718	0.0372239	LWK	AFR
NA19380	0.0321079	-0.00396192	0.00240872	0.0027743	-0.00557306	0.0667997	0.00114981	0.0451425	-0.016084	-0.00262816	LWK	AFR
NA19383	0.0333537	-0.00253483	-0.000942223	-0.000871115	-0.00457708	0.0589508	-0.00391211	0.0555286	-0.0295481	0.00575971	LWK	AFR
NA19384	0.0344995	-0.00461084	0.000239108	0.000841306	-0.0122037	0.072485	-0.00203938	0.0613989	-0.0201043	0.0181736	LWK	AFR
NA19385	0.0320539	-0.00292538	-0.00280112	0.00100478	0.00610668	0.0552228	-0.000787999	0.0537183	-0.0142651	-0.0138916	LWK	AFR
NA19390	0.0338142	-0.00307667	0.000370409	0.00232201	-0.00250705	0.0503736	0.00858448	0.032812	-0.0308196	-0.0196619	LWK	AFR
NA19391	0.0332665	-0.00188267	-0.00265484	-0.000934555	-0.00508956	0.0536752	0.00484503	0.0289172	-0.0400974	-0.00117675	LWK	AFR
NA19393	0.0316395	-0.00299694	-0.00182209	0.00255159	0.000675416	0.0663163	0.00105566	0.0624813	-0.0289152	0.0402821	LWK	AFR
NA19394	0.0326743	-0.00400666	0.000621978	0.00211632	-0.0131954	0.0818998	0.00768259	0.0525699	-0.0531572	-0.0172156	LWK	AFR
NA19395	0.0326371	-0.00410547	0.000413122	0.00132287	-0.0118537	0.0789122	-0.00404265	0.0617408	-0.0196819	-0.0112404	LWK	AFR
NA19397	0.0329831	-0.00193447	-0.00243008	-0.00144417	0.00466552	0.0649796	-0.00220204	0.0638351	-0.0205825	-0.00535618	LWK	AFR
NA19399	0.0332927	-0.00415381	-0.00106779	-0.000512009	-0.00750107	0.0600491	-0.00759367	0.0481061	-0.00543968	-0.018358	LWK	AFR
NA19401	0.0321474	-0.00308355	-0.00237778	-0.000145149	-0.00487083	0.058937	0.00482892	0.0373622	-0.009914	-0.0222076	LWK	AFR
NA19403	0.0330964	-0.00334525	-0.00182996	-0.00191806	-0.0142673	0.0509857	-0.00342216	0.0574436	-0.0159149	-0.00504834	LWK	AFR
NA19404	0.0335964	-0.00331011	-0.00121459	-0.00137531	-0.00598423	0.0503641	-0.00932729	0.0474709	-0.0428674	0.00981874	LWK	AFR
NA19428	0.0323531	-0.00234548	0.000858845	6.45222e-05	-0.0102401	0.0554784	-0.00563285	0.0475464	-0.027194	-0.0036126	LWK	AFR
NA19429	0.0304246	-0.00403174	-0.00087373	0.000755817	-0.00366442	0.0552399	-0.00466613	0.0730378	-0.0309288	-0.00495659	LWK	AFR
NA19430	0.0328009	-0.00303896	-0.000992952	-0.000262705	-0.00370144	0.0559574	0.00628897	0.0329397	-0.012159	0.0203048	LWK	AFR
NA19431	0.0309122	-0.00300434	-0.00149616	-0.000409743	-0.00142461	0.061665	-0.0153177	0.0784268	-0.0166993	0.0163867	LWK	AFR
NA19434	0.0309906	-0.00331298	0.00100254	-0.00104436	-0.00386238	0.0742535	-0.0050902	0.0613409	-0.0420594	-0.0606408	LWK	AFR
NA19435	0.0306064	-0.00238925	-0.0010246	0.00364571	0.0037226	0.0581739	-0.0111735	0.0429949	-0.00298971	-0.0116606	LWK	AFR
NA19436	0.0329961	-0.00317274	-0.000414528	-0.000318684	-0.0026405	0.0645674	0.00610032	0.0291447	-0.0233077	-0.0148915	LWK	AFR
NA19437	0.0320818	-0.00224043	0.000129965	0.000997658	-0.00470822	0.0451294	-0.00588182	0.04942	-0.0185237	-0.00654633	LWK	AFR
NA19438	0.0323877	-0.00310799	-0.00143667	8.51062e-05	0.00224296	0.0666015	0.00444021	0.0415457	-0.0389967	0.0117963	LWK	AFR
NA19439	0.0320678	-0.00410431	-0.00197794	0.000764354	-0.00771705	0.0502574	-0.00662324	0.0504516	-0.0154298	0.0210074	LWK	AFR
NA19440	0.0309817	-0.00358221	0.000570632	0.00264117	-0.00104856	0.0651231	0.00290019	0.0462231	0.0159527	-0.0033335	LWK	AFR
NA19443	0.0324691	-0.00296677	-0.000408109	0.000177389	-0.00478084	0.0650216	0.00218019	0.0678914	-0.0235256	0.046516	LWK	AFR
NA19445	0.033605	-0.00364147	-0.00103897	0.00113378	-0.00444087	0.0593252	0.00534494	0.036379	-0.0256143	0.0444928	LWK	AFR
NA19446	0.0315293	-0.00394075	-0.00232692	0.000365959	-0.0118011	0.0767154	-0.00135144	0.0455567	-0.040274	0.00202716	LWK	AFR
NA19448	0.0295974	-0.00222057	-0.0020171	0.0023722	-0.0131887	0.0801543	-0.0117007	0.0666812	-0.0523152	-0.00438693	LWK	AFR
NA19449	0.0306768	-0.00366339	7.42098e-05	0.000458734	-0.00145009	0.0546016	-0.000542218	0.0478055	-0.0253327	0.000624688	LWK	AFR
NA19451	0.0311776	-0.00252198	-0.00143037	0.00163286	0.00195815	0.0971431	-0.00411371	0.113366	-0.00873425	-0.0259247	LWK	AFR
NA19452	0.0310858	-0.002982	0.000166089	0.00108062	-0.0082255	0.0636574	0.00681084	0.0829001	-0.00231642	-0.0429935	LWK	AFR
NA19454	0.0320599	-0.0021639	0.00103334	0.000922174	-0.00506287	0.060448	0.00585824	0.0539891	-0.0172501	-0.00455842	LWK	AFR
NA19455	0.0338261	-0.00410298	0.00130224	0.0043927	0.00284949	0.0424175	0.00375661	0.0321045	-0.0399385	-0.012743	LWK	AFR
NA19456	0.0323586	-0.00247189	0.000484047	0.00198052	-0.0072097	0.0517354	-0.0106198	0.0507217	-0.0174292	-0.0217239	LWK	AFR
NA19457	0.0319334	-0.00243229	-0.00161723	0.0024424	-0.00928577	0.0537047	-0.0061847	0.0541805	-0.0216995	-0.000636131	LWK	AFR
NA19461	0.0308323	-0.0011858	-0.00183254	-0.00096784	-0.00547597	0.0683515	-0.00311065	0.0569842	-0.00848686	-0.0129769	LWK	AFR
NA19462	0.0311544	-0.00276284	-0.00192758	-0.000240558	-0.0163385	0.0603001	-0.000453333	0.0500554	-0.0118345	-0.0199554	LWK	AFR
NA19463	0.0298785	-0.00215583	-0.00273235	0.00394847	-0.00548529	0.050026	-0.0173527	0.0595894	-0.0422451	0.0204104	LWK	AFR
NA19466	0.0306905	-0.00382142	-0.00138441	-0.00136699	-0.0139667	0.0787286	-0.0116089	0.0725731	-0.0122833	0.0146727	LWK	AFR
NA19467	0.0316748	-0.000851815	-0.0025592	0.000208883	-0.00974284	0.093396	0.00136148	0.0808483	-0.00160235	-0.00506873	LWK	AFR
NA19468	0.0310519	-0.00263078	-0.00157215	0.00213334	-0.00688002	0.0495503	-0.00298661	0.0494119	-0.01652	-0.0090207	LWK	AFR
NA19471	0.0320249	-0.00199241	-0.00337205	-2.28779e-05	-0.0137206	0.0443713	-0.0119603	0.0536197	-0.0210523	-0.039763	LWK	AFR
NA19472	0.0309451	-0.00325411	-0.00444912	0.000347952	0.00207183	0.0738732	0.00762123	0.0594889	-0.0404811	0.0142628	LWK	AFR
NA19473	0.0330754	-0.00323004	0.000137466	-0.00076955	-0.01315	0.0700031	-0.00194133	0.0763148	-0.00697239	0.0192787	LWK	AFR
NA19474	0.0303261	-0.0033289	1.2265e-06	0.00109374	-0.00807865	0.0644592	-0.00467188	0.06168	0.0250932	-0.00793963	LWK	AFR
NA19475	0.0322079	-0.00219043	-0.00122459	0.00177084	0.00481563	0.0467481	0.0056516	0.028536	-0.0505324	-0.00766913	LWK	AFR
NA19625	0.0179035	-0.00156944	0.0111316	-0.0176747	-0.0101908	0.00102802	0.0086005	0.00773423	0.000783598	0.0288689	ASW	AFR
NA19648	-0.0107238	0.0207857	0.0184197	0.00544837	-0.00269399	-0.00179931	-0.00332429	-0.0035161	-0.00343423	-0.02229	MXL	AMR
NA19649	-0.0101237	0.0171912	0.0200668	-0.00418007	-0.0120767	0.00387926	-0.0198126	0.0205638	0.0106897	0.0162687	MXL	AMR
NA19651	-0.00875973	0.0177639	0.0183032	-0.00412499	0.00278306	-0.00147769	-0.0314625	0.0179663	0.00721578	0.00357949	MXL	AMR
NA19652	-0.00806395	0.0151036	0.0186758	-0.0105933	0.00133273	0.0110005	-0.0134612	0.011179	0.015731	-0.0121514	MXL	AMR
NA19654	-0.0118968	0.00450352	0.0317088	-0.0460876	0.00874069	0.00141946	0.000414433	0.00510219	-0.0154378	-0.0119004	MXL	AMR
NA19655	-0.0106223	0.0103739	0.0250358	-0.032726	-0.0011854	0.00327134	-0.00386936	0.00423978	0.015689	0.0151598	MXL	AMR
NA19657	-0.0122612	0.00573438	0.0284726	-0.0343603	0.00249007	0.00446407	-0.00241595	0.0089124	0.0069914	0.00965805	MXL	AMR
NA19658	-0.0125516	0.0108548	0.025956	-0.0237018	-0.00742873	-0.00449247	-0.0038334	-0.00445714	-0.00385364	-0.00527461	MXL	AMR
NA19661	-0.0106647	0.0105922	0.0255604	-0.0215985	0.000950202	-0.00431138	-0.0114225	-0.0181244	-0.0340229	0.00173525	MXL	AMR
NA19663	-0.00885199	0.00407944	0.03131	-0.0402005	0.000371291	-0.00411015	-0.0156087	0.018106	0.0281528	0.00881123	MXL	AMR
NA19664	-0.00920181	0.0112214	0.020838	-0.0201404	0.00658839	-0.00180363	-0.0184473	-0.013247	-0.0297793	0.00646284	MXL	AMR
NA19669	-0.0112547	0.00791546	0.0258952	-0.0285825	0.000867611	0.00364632	-0.0313235	-0.0133956	0.000242702	-0.0156732	MXL	AMR
NA19670	-0.00972626	0.0056025	0.0246417	-0.0322007	0.00985759	-0.00467971	-0.0128054	-0.00359036	-0.0188598	0.0415813	MXL	AMR
NA19676	-0.0109857	0.0139885	0.0182901	-0.0130921	0.00269367	-0.00498739	-0.0176301	-0.0105344	-0.0265129	0.000229618	MXL	AMR
NA19678	-0.00721799	0.0143521	0.0180634	-0.0167802	-0.000231436	-0.00644899	0.00694288	0.000661294	-0.00419528	0.00851901	MXL	AMR
NA19679	-0.00899506	0.0207585	0.0115977	0.00954492	0.00976674	0.00704892	-0.0458343	-0.0167722	-0.00841572	0.00525724	MXL	AMR
NA19681	-0.0139858	0.00324013	0.0370288	-0.0466586	0.00957575	-0.000176933	0.00313905	-0.00863002	-0.0110341	-0.0206003	MXL	AMR
NA19682	-0.0110557	0.00716124	0.0275365	-0.0332257	0.0165936	0.00194985	-0.00775726	-0.00602721	-0.0129164	-0.0346537	MXL	AMR
NA19684	-0.011208	0.0148745	0.0201512	-0.00817933	0.00509514	-0.00275335	-0.000678258	-0.0133646	-0.0257895	-0.00474051	MXL	AMR
NA19700	0.0261535	0.00287601	0.0047547	0.00505714	-0.00696144	0.00104742	0.00807302	-0.0117676	-0.0165848	-0.0586902	ASW	AFR
NA19701	0.0260469	0.000949641	0.00191485	0.00299076	0.00235316	0.00996563	0.00763745	-0.0142377	0.0416564	0.0310203	ASW	AFR
NA19703	0.0218391	0.00495387	0.0033577	0.00703	0.00554294	-0.0131028	0.00886193	-0.00290638	-0.00160791	0.0255017	ASW	AFR
NA19704	0.0238192	0.00171128	0.00474196	0.00169569	0.0099937	0.00855975	-0.000724137	-0.000392836	0.023282	0.0626289	ASW	AFR
NA19707	0.0209362	0.0035701	0.00302646	0.00803194	-0.00572569	0.0122562	0.00698743	-0.00234421	0.00885687	-0.00971625	ASW	AFR
NA19711	0.0292253	-0.00121836	0.0005278	0.000270868	-0.00476959	-0.00696736	-0.00537721	0.00231584	0.0184407	0.0156522	ASW	AFR
NA19712	0.0313495	-0.00265477	0.000466832	0.00139425	-0.00234295	0.0143032	0.00896896	-0.0296541	0.0175016	-0.00150909	ASW	AFR
NA19713	0.0251792	0.0027203	0.000865575	0.00484395	-0.0131551	-0.00115621	0.00661301	-0.00706184	0.0359552	0.00628558	ASW	AFR
NA19716	-0.0120405	0.00243808	0.0332919	-0.0429888	0.00156474	-0.00233615	-0.00338076	-0.0151973	-0.0180716	-0.000208267	MXL	AMR
NA19717	-0.0122583	-0.00284221	0.0384404	-0.0629165	0.00115029	-0.0146533	-0.00218405	0.0257029	0.0315558	0.0303257	MXL	AMR
NA19719	-0.00971535	0.00730426	0.0284113	-0.0323721	-0.00913512	-0.00622308	-0.0200115	0.0143902	0.0184633	0.0439444	MXL	AMR
NA19720	-0.00890321	0.00150293	0.0313178	-0.0424413	0.00435796	0.00308101	0.000385087	0.00540518	-0.0227943	-6.46158e-06	MXL	AMR
NA19722	-0.0100407	0.0117621	0.0268553	-0.0247276	0.00117081	0.000416691	-0.00526377	0.00239718	-0.00852452	-1.62362e-05	MXL	AMR
NA19723	-0.00771531	0.000474467	0.0303462	-0.0460173	0.00477847	-0.003909	-0.0178858	0.00229636	-0.0160468	0.0110727	MXL	AMR
NA19725	-0.0102796	0.0171535	0.0184	-0.0083694	0.00842112	-0.000911507	-0.0258505	-0.0128764	-0.00562903	-0.0142189	MXL	AMR
NA19726	-0.014949	-0.00615429	0.0443166	-0.0646517	-0.011041	-0.00569428	0.0114278	0.00743449	0.0242279	0.0109237	MXL	AMR
NA19728	-0.0146727	-0.00880989	0.046319	-0.0831754	-0.00744433	-0.00368884	0.017365	0.0119531	-0.00281273	0.0201562	MXL	AMR
NA19729	-0.0149046	-0.00882691	0.0432773	-0.0737291	-0.00848909	-0.00606716	0.00705433	0.00614478	0.00312958	0.0203664	MXL	AMR
NA19731	-0.0153588	-0.0106145	0.0482624	-0.0887842	0.00182394	-0.00299785	0.00742615	0.00216166	0.00635195	-0.0085287	MXL	AMR
NA19732	-0.0153127	-0.00836244	0.0463741	-0.0833514	-0.0117888	-0.00629423	0.014203	0.0181707	0.0286658	-0.00164071	MXL	AMR
NA19734	-0.0136629	0.000104817	0.0371846	-0.0502136	-0.000251328	0.00275894	-0.0017337	0.0216171	0.026776	0.013058	MXL	AMR
NA19735	-0.0127374	-0.00616284	0.0414207	-0.0677238	-0.00878738	0.00242188	-0.00353891	0.0135213	0.0217534	0.0161475	MXL	AMR
NA19740	-0.0144993	-0.0012652	0.0355332	-0.0566881	-0.00629372	-0.0031176	0.00690508	-0.00199827	-0.00385733	0.012724	MXL	AMR
NA19741	-0.012262	-0.00326178	0.0391783	-0.0657181	-0.00917543	-0.000590586	0.0111898	0.0107587	0.0129085	-0.00614169	MXL	AMR
NA19746	-0.0124397	-0.00195387	0.03228	-0.0566362	-0.0198874	-0.00391336	0.00568025	0.0206167	0.0355623	0.00615225	MXL	AMR
NA19747	-0.0115122	0.00349072	0.0346365	-0.0493729	0.00519315	0.00110776	-0.000571427	0.0055206	0.00781759	0.0142222	MXL	AMR
NA19749	-0.0092887	0.0118762	0.0238645	-0.0101879	0.0110918	-0.00920766	-0.00511353	0.012954	0.0227195	-0.00807936	MXL	AMR
NA19750	-0.0103708	0.0136251	0.0210175	-0.0132783	-0.00462085	0.00679524	-0.00114957	0.00559001	-0.0092568	0.0486377	MXL	AMR
NA19752	-0.00883087	0.00872266	0.0289064	-0.0340431	0.0103563	0.00642115	-0.0165187	-0.0136766	-0.0397407	-0.0485342	MXL	AMR
NA19755	-0.0139564	-0.0039123	0.0423048	-0.0603419	0.0146483	0.00355639	-0.00134066	-0.000636084	-0.0168044	0.0146767	MXL	AMR
NA19756	-0.00982265	0.00307475	0.0311342	-0.0457656	0.00452539	-0.00852054	0.0103531	0.00252075	-0.0235674	-0.0107436	MXL	AMR
NA19758	-0.0133657	0.0023371	0.0384575	-0.0507957	-0.00833474	0.0021862	0.00291946	0.00362601	0.0140415	0.0246686	MXL	AMR
NA19759	-0.0126667	0.00784418	0.0309428	-0.0484049	0.0037459	-0.00108533	-0.00341312	-0.00499186	-0.0163924	-0.0369492	MXL	AMR
NA19761	-0.00816791	0.000328554	0.0362138	-0.0544956	-0.00397471	0.000705247	0.00066997	0.00095033	-0.01497	-0.00993064	MXL	AMR
NA19762	-0.0132369	-0.00100707	0.0382686	-0.0596548	0.00218524	-0.0029225	-0.00123757	0.00100962	-0.00593266	-0.00856121	MXL	AMR
NA19764	-0.0111025	0.0162813	0.0206445	-0.00457451	0.0184386	0.00655105	-0.0374119	-0.0149794	-0.016941	-0.0195249	MXL	AMR
NA19770	-0.0113466	0.0131102	0.0184199	-0.0180353	0.00459323	0.00509627	-0.000135482	-0.00537431	-0.0112455	-0.0061031	MXL	AMR
NA19771	-0.0109847	0.0134347	0.0251355	-0.0159724	0.00439037	0.00604862	-0.0146942	0.00014964	0.0294472	-0.0361237	MXL	AMR
NA19773	-0.0119379	0.0120418	0.0243452	-0.0154081	0.0120777	0.00151115	-0.0230037	0.00917223	0.00960486	0.0151173	MXL	AMR
NA19774	-0.0110172	0.0122184	0.0274944	-0.0247297	-0.00177856	0.0054878	-0.0171612	0.00816041	0.0126984	0.00445718	MXL	AMR
NA19776	-0.0108183	0.0011112	0.0339239	-0.0384978	-0.00981726	0.00223274	-0.0229624	0.00238088	0.0171299	-0.00445547	MXL	AMR
NA19777	-0.00814089	0.00792944	0.0249295	-0.0259894	-0.00464894	0.0113972	-0.00616233	0.0311241	0.0294449	-0.00164196	MXL	AMR
NA19779	-0.0109748	0.0142749	0.0250242	-0.0172006	0.00445409	-0.00278726	-0.00338203	-0.00676761	-0.0227438	0.0104336	MXL	AMR
NA19780	-0.0101174	0.0165673	0.0216529	-0.0136392	0.013272	0.00550797	-0.00789376	-0.00162865	-0.00019119	0.0184604	MXL	AMR
NA19782	-0.0117395	0.00707738	0.0299788	-0.0379656	0.000750756	-0.000972782	-0.00292158	0.0158095	-0.00172489	0.0455205	MXL	AMR
NA19783	-0.0120019	-9.91032e-05	0.0355194	-0.0447803	0.00423426	-4.47301e-05	-0.011579	-0.00552145	-0.0116414	-0.00341623	MXL	AMR
NA19785	-0.0102591	-0.00560418	0.0450762	-0.0678438	6.61479e-05	0.000430433	0.000882215	0.0119	0.00950849	-0.00791912	MXL	AMR
NA19786	-0.0124485	0.00993073	0.0263219	-0.0245279	0.0131707	0.00461431	-0.0123972	0.00921513	0.0052382	-0.0171472	MXL	AMR
NA19788	-0.0131171	0.00629785	0.0318704	-0.0383912	0.00308767	0.00703526	-0.0108835	-0.0076215	-0.0134892	-0.00855486	MXL	AMR
NA19789	-0.0076789	0.00679575	0.0223414	-0.0196235	-0.000674712	-0.0162887	-0.0115466	0.0145118	0.0276883	0.030494	MXL	AMR
NA19792	-0.00883231	0.0118946	0.0191985	-0.0127936	0.000463143	-0.00432422	-0.0116001	-0.0116542	0.00147877	-0.0109934	MXL	AMR
NA19794	-0.0109334	0.0165422	0.0198654	-0.00585165	0.00980824	0.00363966	-0.00958485	-0.00701912	-0.0245966	0.0314602	MXL	AMR
NA19795	-0.00822959	0.00672956	0.0272882	-0.0244825	0.00930726	0.00284993	-0.0192227	0.00505778	-0.00729421	-0.00793861	MXL	AMR
NA19818	0.0200242	0.00351629	0.00896478	-0.00135284	0.00694287	0.00682271	0.0095439	-0.0217967	0.0372923	0.0105806	ASW	AFR
NA19819	0.0218024	0.00460579	0.00418939	0.000778005	-0.00850595	0.00463938	0.0139061	-0.00789771	0.0299547	0.0363633	ASW	AFR
NA19834	0.031648	-0.0024539	0.00179576	0.00281535	-0.0122724	0.00143474	0.000825881	0.00233122	0.0241514	0.0272727	ASW	AFR
NA19835	0.0293521	-0.00271401	0.00327139	0.00182123	-0.00475134	0.00591863	0.00813212	-0.0128737	-0.00844227	-0.00516409	ASW	AFR
NA19900	0.0225254	0.00139503	0.00167116	0.00323852	0.00647552	-0.00764847	0.00100845	0.0306522	0.0539817	0.0508247	ASW	AFR
NA19901	0.0312304	-0.000686454	0.0016147	-0.000458421	-0.00501252	0.00320588	-0.0074242	-0.00772652	0.00873615	-0.013911	ASW	AFR
NA19904	0.0266587	-0.000642759	0.0041902	0.0041056	-0.00676004	-0.0164378	-0.00446401	-0.00283264	0.0148532	-0.085716	ASW	AFR
NA19908	0.0343702	-0.00457523	-0.000217741	0.00373184	0.00106559	-0.00134335	0.0138239	-0.00738135	0.00354457	-0.00532424	ASW	AFR
NA19909	0.0301192	-0.00306262	0.00125151	-0.000998505	-0.00686031	0.0111126	0.0099749	-0.0188324	-0.0212728	-0.0245657	ASW	AFR
NA19913	0.0209894	0.00413685	0.00768408	0.00587638	0.00325967	0.0140988	-0.00669061	-0.0184376	-0.0155021	-0.135565	ASW	AFR
NA19914	0.0224392	0.00282653	0.0060537	0.00365914	3.6406e-05	0.00320118	0.0113063	-0.0119057	-0.0230704	-0.0520885	ASW	AFR
NA19916	0.0255663	0.000119314	0.00194675	0.00218965	0.00889111	-0.0126184	-0.00213967	0.0123441	-0.0246768	0.0167718	ASW	AFR
NA19917	0.0309774	-0.00419733	0.00363082	-0.00796708	-0.00534827	-0.00658327	0.00790211	-0.0143858	-0.0273525	-0.0288164	ASW	AFR
NA19920	0.0330487	-0.00337385	-0.000512488	-0.00104628	0.0057045	-0.000594832	0.00192259	-0.0242062	-0.00990815	-0.00586543	ASW	AFR
NA19921	0.015392	0.00152451	0.00718732	-0.0044928	-0.0095878	-0.00173902	7.304e-05	-0.018711	-0.0151599	0.0314078	ASW	AFR
NA19922	0.0329959	-0.00284895	0.00373153	0.00154459	-0.000624362	0.00549565	0.000848773	-0.00496944	-0.0272202	-0.0241177	ASW	AFR
NA19923	0.0165159	0.00995057	0.00542333	0.00804686	-0.000494196	-0.00200831	0.00735115	-0.0275685	-0.0132211	-0.0248292	ASW	AFR
NA19982	0.0256449	0.000998659	0.000478218	0.00276914	-0.0037615	-0.00268003	0.00562965	-0.0015324	0.00814497	0.0379004	ASW	AFR
NA19984	0.0320775	-0.00368501	-0.00141722	0.00178508	0.0030231	-0.015501	-0.00385778	0.000363243	-0.0233416	0.0512647	ASW	AFR
NA20126	0.0171513	0.00463614	0.00201151	0.00547779	0.00536278	0.00354366	0.00963588	-0.00595645	0.0149752	0.00648148	ASW	AFR
NA20127	0.0338454	-0.00421813	0.00188308	-0.000419156	-0.00425471	-0.00272231	0.00811205	-0.00526178	0.00830186	-0.00138386	ASW	AFR
NA20274	0.00242559	-0.00237807	0.0235404	-0.0366461	-0.00790442	-0.00186006	-0.00122368	-0.00777351	0.00726202	0.0431746	ASW	AFR
NA20276	0.0282141	0.00140798	0.00480561	0.00278776	0.00448237	0.00159713	0.00361532	-0.0301394	0.00933438	0.0119904	ASW	AFR
NA20278	0.0113793	0.0118379	0.00535386	0.00543072	-0.00352349	0.0122859	0.0110932	-0.0146289	-0.0230017	0.018107	ASW	AFR
NA20281	0.0251097	0.00232452	0.000239913	0.00397798	0.000577114	0.0165135	0.00470007	0.00642078	0.0279267	0.0290601	ASW	AFR
NA20282	0.0209708	0.0029782	0.0078518	-8.24143e-05	-0.00849545	0.0109959	0.0180109	0.0143611	0.0202104	-0.0291243	ASW	AFR
NA20287	0.0222488	0.00131614	0.00403213	0.00270481	-0.00307315	0.004188	0.00984956	0.00837915	0.00996991	0.0591686	ASW	AFR
NA20289	0.0309202	-0.00222659	0.000992162	0.0022526	0.00603579	-0.0109145	0.00148935	0.0026651	-0.0251697	-0.00740299	ASW	AFR
NA20291	0.0342996	-0.00294414	0.00156418	0.000488101	-0.00180172	-0.00579215	0.00255232	-0.0304937	0.0121633	-0.0110575	ASW	AFR
NA20294	0.0290514	-0.000390727	-0.000548235	-0.00193295	0.00500099	0.0191525	0.00975904	-0.0293467	-0.0241185	-0.0169521	ASW	AFR
NA20296	0.0230184	0.00298021	0.0028553	0.00702764	-0.0017493	0.001542	0.00091792	-0.0119048	0.00602741	-0.0285427	ASW	AFR
NA20298	0.0336195	-0.00401969	0.00125668	0.000697938	0.00617358	0.0132964	0.016642	-0.0177091	0.0227868	-0.0166506	ASW	AFR
NA20299	0.00822973	-0.00699417	0.0220456	-0.0391266	-0.00195477	0.0114245	0.00970516	-0.00181879	0.0177924	0.000529893	ASW	AFR
NA20314	-0.0124591	0.00333007	0.0308101	-0.0463837	-0.010807	-0.00185555	-0.0122421	0.0031591	-0.00118952	-0.00765181	ASW	AFR
NA20317	0.0262631	0.00327302	0.00126295	0.00465318	-0.00473494	-0.00737679	0.00503187	-0.0297394	0.0347285	0.0378549	ASW	AFR
NA20318	0.0263524	0.00227929	0.00274774	0.00497717	-0.00820982	-0.000623404	0.00206499	-0.00798947	0.0188764	0.0607486	ASW	AFR
NA20320	0.0313353	-0.00426668	-6.53801e-05	0.000629622	-0.00534637	0.0173477	0.0108604	-0.00884663	-0.0124743	-0.0337593	ASW	AFR
NA20321	0.0196101	0.00543762	0.00304589	0.00402775	-0.0116127	0.0211128	0.0185786	-0.00454555	0.00700495	-0.0544687	ASW	AFR
NA20332	0.0219211	0.00126724	0.00283331	-0.000626677	0.0101787	-0.00879947	-0.00222411	-0.0076417	0.00340041	0.0199331	ASW	AFR
NA20334	0.0126479	0.010399	0.003662	0.00734772	-0.00086415	0.0106304	-0.00322873	-0.02225	0.0228784	-0.00272288	ASW	AFR
NA20339	0.0318928	-0.00148042	0.00025309	0.00328529	-0.00220842	0.0027677	0.0195383	0.0219677	0.0287368	0.007205	ASW	AFR
NA20340	0.0299274	-0.00163119	0.00316016	0.00171987	-0.00330132	0.0441902	0.00529341	-0.0259519	-0.0190895	0.00826697	ASW	AFR
NA20342	0.02122	0.00469803	0.00375278	0.00662457	-0.0108711	0.0107159	-0.000937341	-0.0245867	0.0304592	-0.0213863	ASW	AFR
NA20346	0.028988	-0.000370068	0.00149367	-0.000230747	-0.000627263	0.00931001	0.00197238	0.00829967	-0.0244569	0.047371	ASW	AFR
NA20348	0.029659	-0.00325777	0.00238826	0.000227096	0.0042091	0.00151428	0.0111389	-0.0191792	0.00474539	-0.0224378	ASW	AFR
NA20351	0.0231139	0.00547344	0.00417067	0.00756669	-0.00432854	0.00698568	0.0152772	0.0225305	0.0377449	0.00601834	ASW	AFR
NA20355	0.0297948	-0.000887397	0.00104398	0.00138022	-0.000962503	0.00815781	-0.00179581	-0.0259754	0.00284261	0.000349775	ASW	AFR
NA20356	0.0272205	-0.000311635	0.000918894	0.00479695	-0.00422602	-0.00700922	-0.0039214	-0.00798441	0.0166111	0.033228	ASW	AFR
NA20357	0.0292502	0.00256577	0.000480207	0.00135659	0.00506053	0.0171892	0.00275612	0.00748565	0.0149021	-0.032552	ASW	AFR
NA20359	0.0298518	-0.00143212	0.00178401	0.00227756	0.000296338	0.0205789	-0.000760731	-0.00904576	0.0123016	-0.00892843	ASW	AFR
NA20362	0.021092	0.005524	0.00543235	0.000113037	0.00141875	0.0156739	0.00265497	-0.0258678	0.000471532	-0.0433362	ASW	AFR
NA20412	0.0105045	0.0108634	0.00759763	0.00322587	-0.000384768	-0.00980837	0.0107328	-0.00691367	-0.0360219	0.0210786	ASW	AFR
NA20502	-0.0100063	0.0261258	0.00929434	0.0225936	0.00343373	0.00958106	-0.0444701	-1.52774e-05	0.00429401	-0.00953686	TSI	EUR
NA20503	-0.0114058	0.0261679	0.00871292	0.0188469	0.00310024	0.00871852	-0.0269235	-0.00769219	0.0158725	-0.00976413	TSI	EUR
NA20504	-0.0103867	0.026384	0.00995432	0.0182849	0.0160713	0.00864085	-0.0219437	-0.00697138	0.00237687	0.0100179	TSI	EUR
NA20505	-0.0094222	0.0271586	0.00723454	0.0189112	0.0188183	0.011491	-0.0412403	-0.00899924	-0.00928907	-0.00369674	TSI	EUR
NA20506	-0.00981822	0.026153	0.0053348	0.0210484	0.00277417	0.00487378	-0.0416644	-0.00855429	0.0174525	-0.0136912	TSI	EUR
NA20507	-0.0105855	0.0247528	0.0113357	0.0233054	0.00199126	-0.00239804	-0.0186109	-0.0103316	-0.00989009	0.00624943	TSI	EUR
NA20508	-0.0109236	0.0260289	0.0101869	0.0159448	0.0016761	-0.00198536	-0.0287609	0.0132727	0.0132846	0.0313916	TSI	EUR
NA20509	-0.0103465	0.0268663	0.00680836	0.0186292	0.00880365	0.0122132	-0.0372889	-0.01226	-0.00518149	-0.0144151	TSI	EUR
NA20510	-0.0108654	0.0259154	0.0080965	0.0176753	0.00345909	0.00795427	-0.0301372	0.01068	0.0254951	-0.0140685	TSI	EUR
NA20511	-0.0100372	0.0261797	0.0111863	0.0220551	0.00548024	0.0103406	-0.0339207	-0.00361896	0.00391089	-0.00207118	TSI	EUR
NA20512	-0.010595	0.0262159	0.00552828	0.0174513	0.0177903	0.00159001	-0.0353988	-0.0136449	-0.0299036	0.0349424	TSI	EUR
NA20513	-0.0100842	0.0260298	0.00896411	0.0187745	0.00803376	-0.00544452	-0.0223975	-0.00151873	0.00832884	0.0245361	TSI	EUR
NA20514	-0.0104595	0.0262598	0.007484	0.0198841	0.00822837	0.00435506	-0.0479716	-0.0161655	-0.00883274	0.0103416	TSI	EUR
NA20515	-0.0107939	0.0280028	0.0110164	0.0185229	0.00641077	0.00019444	-0.0264495	-0.000429837	0.0212279	-0.00257509	TSI	EUR
NA20516	-0.00996577	0.0247743	0.00569694	0.0165162	0.0240545	0.00470546	-0.0274224	-0.0293007	-0.0358659	-0.0190153	TSI	EUR
NA20517	-0.0101	0.0260147	0.00677944	0.0220883	0.00662331	0.00400313	-0.040832	-0.0254546	-0.0303793	0.0152472	TSI	EUR
NA20518	-0.0104588	0.0266181	0.0066853	0.0181431	0.0078592	0.00304612	-0.0246315	-0.0156409	-0.0402327	-0.00600645	TSI	EUR
NA20519	-0.0109378	0.0274487	0.00930516	0.021276	2.24909e-05	-0.00283492	-0.0251532	-0.0190043	-0.0285856	0.0127976	TSI	EUR
NA20520	-0.00954284	0.0252054	0.00891918	0.0204084	0.0148034	0.00337028	-0.0234946	-0.00776944	-0.00679115	0.00782666	TSI	EUR
NA20521	-0.0105062	0.0262583	0.00741986	0.0187569	0.0139015	0.00762303	-0.0329134	0.00981279	0.00853921	-0.00800624	TSI	EUR
NA20522	-0.00957633	0.0275451	0.00594068	0.0212665	0.00986218	0.00189989	-0.0131431	-0.00608345	-0.00281969	0.0309337	TSI	EUR
NA20524	-0.0108806	0.0272085	0.0127679	0.0233254	0.00153354	-8.00001e-05	-0.015166	-0.0114905	-0.0175364	-0.0156876	TSI	EUR
NA20525	-0.0101217	0.0274358	0.00926412	0.0198475	0.00956634	0.0181453	-0.0298805	0.0105568	0.0151327	0.00482512	TSI	EUR
NA20527	-0.00967732	0.0278556	0.0100719	0.0165382	0.0120793	0.00713746	-0.0352991	-0.00809121	0.000583533	0.0224381	TSI	EUR
NA20528	-0.010697	0.0255496	0.00734948	0.0186726	0.00545325	0.00460053	-0.0269198	-0.00250711	0.00438031	0.00246153	TSI	EUR
NA20529	-0.0105021	0.0269983	0.00853156	0.019901	0.0100059	0.0111244	-0.0330603	0.00271917	-0.0129213	-0.00300113	TSI	EUR
NA20530	-0.0106533	0.0260792	0.00968819	0.0195766	0.000311684	0.00338375	-0.0267599	0.000636339	0.00677754	-0.0110994	TSI	EUR
NA20531	-0.00966151	0.0278679	0.0111682	0.0205301	0.0111786	0.00995074	-0.028603	0.00758314	0.00674891	-0.00339579	TSI	EUR
NA20532	-0.010119	0.0280773	0.0108074	0.0204038	0.00907743	0.000643116	-0.0414536	-0.00955866	0.00930124	-0.00089621	TSI	EUR
NA20533	-0.0101479	0.026788	0.0104483	0.0215892	0.0118279	0.00558833	-0.038164	-0.00618576	0.0174691	0.0286176	TSI	EUR
NA20534	-0.0101602	0.0267832	0.00502449	0.0186205	0.0110959	0.0130184	-0.0462531	-0.0112543	0.0178067	-0.00630462	TSI	EUR
NA20535	-0.0103224	0.0273139	0.00651559	0.0207229	0.0138062	0.0037967	-0.0245517	0.00202507	0.00257031	-0.00367099	TSI	EUR
NA20536	-0.0112476	0.0256181	0.00249712	0.0177828	0.00587836	0.00875818	-0.0440704	-0.00179949	0.00936241	0.0144122	TSI	EUR
NA20538	-0.00966298	0.0270429	0.00991947	0.020313	0.00498056	0.0108574	-0.0481422	-0.00444539	0.0085407	0.00915074	TSI	EUR
NA20539	-0.00903329	0.0241414	0.0077018	0.0193404	0.0136759	0.00395459	-0.03898	0.0129663	0.0154179	0.018937	TSI	EUR
NA20540	-0.010626	0.0265224	0.00614837	0.0148752	0.00304778	0.00164893	-0.0256605	-0.0108942	-0.00428291	0.0174198	TSI	EUR
NA20541	-0.0101944	0.0252176	0.00782578	0.0202788	0.00260377	-0.00556057	-0.0427551	-0.00320177	-0.00548018	0.0346546	TSI	EUR
NA20542	-0.009886	0.0275146	0.00954643	0.0181694	0.0156596	0.00336916	-0.0301405	0.0056248	0.00784112	-0.0187616	TSI	EUR
NA20543	-0.0100233	0.0253589	0.00684652	0.0175793	0.00940588	0.00326515	-0.0375506	-0.00531866	-0.0190804	0.0045938	TSI	EUR
NA20544	-0.01023	0.0268942	0.00562294	0.0174046	-0.00748805	0.00350864	-0.0115485	0.00209161	0.0159082	-0.0227877	TSI	EUR
NA20581	-0.0102377	0.0262775	0.00821177	0.0195479	-0.00355933	0.0067718	-0.0434909	-0.00634384	-0.0120971	0.0191282	TSI	EUR
NA20582	-0.0107381	0.0264433	0.00876716	0.0195012	0.007557	0.0104475	-0.0142774	-0.00422281	0.00563999	-0.018991	TSI	EUR
NA20585	-0.00988663	0.0286686	0.00996966	0.0200667	0.0131083	0.00552716	-0.0155688	0.0024658	-0.00253597	-0.00129966	TSI	EUR
NA20586	-0.00938206	0.0293265	0.00844271	0.0171037	0.0150648	0.0100007	-0.0414667	0.0182388	0.0194553	0.0259812	TSI	EUR
NA20587	-0.0107932	0.0264009	0.00798006	0.0255598	0.00768682	-0.00521679	-0.0294193	0.00750026	0.00662328	0.00403072	TSI	EUR
NA20588	-0.0106663	0.026565	0.0104455	0.0188057	0.0101022	-0.000574384	-0.0210961	-0.00537082	0.000274522	0.00131016	TSI	EUR
NA20589	-0.0106546	0.024715	0.010363	0.022307	0.00618325	0.00291041	-0.0372159	-0.0263751	-0.0333069	-0.0237823	TSI	EUR
NA20752	-0.0102664	0.0266539	0.00712741	0.0205698	0.0058205	0.00642232	-0.029504	-0.00272732	-0.00995266	0.0296718	TSI	EUR
NA20753	-0.0102002	0.0260212	0.0115039	0.0199584	0.0203411	0.0112075	-0.032982	-0.000120393	-0.00273965	0.0199934	TSI	EUR
NA20754	-0.0106672	0.024888	0.00839296	0.0175379	0.0029768	0.00969384	-0.0137054	-0.00325412	-0.000758171	-0.00528608	TSI	EUR
NA20755	-0.0104019	0.0269457	0.00694013	0.0227737	0.00945265	0.00730772	-0.0337282	-0.0154504	-0.00996874	-0.0256239	TSI	EUR
NA20756	-0.00967537	0.027156	0.00998152	0.0248413	0.00618743	0.0143695	-0.0351812	-0.00212044	0.00468284	-0.0138386	TSI	EUR
NA20757	-0.010386	0.0263257	0.00791945	0.0170641	-0.000658599	0.00363052	-0.0362504	0.00890328	0.0159847	0.0309366	TSI	EUR
NA20758	-0.0111967	0.0257907	0.00529411	0.0189679	0.00910686	0.00136981	-0.0378372	-0.011655	-0.0134538	-0.0055406	TSI	EUR
NA20759	-0.0101644	0.0279234	0.010335	0.0181448	0.0120517	0.00648407	-0.0413689	-0.0248409	-0.0358999	0.0248365	TSI	EUR
NA20760	-0.010088	0.0254009	0.0091955	0.0218131	0.0125954	0.00791343	-0.0389725	-0.00362863	0.00331158	-0.00262502	TSI	EUR
NA20761	-0.0108767	0.0257264	0.00857315	0.0149699	0.00862811	0.00988158	-0.034	-0.00531382	0.0153755	-0.00169352	TSI	EUR
NA20762	-0.00991181	0.0265571	0.00709545	0.0166488	0.0162645	0.00384577	-0.0280669	-0.0227187	-0.0412782	0.00311808	TSI	EUR
NA20763	-0.0101414	0.0253952	0.00733964	0.0197099	0.00477229	0.0162586	-0.0299644	-0.0115428	-0.0336651	0.00420761	TSI	EUR
NA20764	-0.00980149	0.0256545	0.00845686	0.0210155	0.00961763	0.000343518	-0.0267117	0.0206067	0.0123169	0.0280636	TSI	EUR
NA20765	-0.0102726	0.0268703	0.00548501	0.024128	0.00302739	0.00636901	-0.030941	-0.00302438	0.00608119	-0.00410029	TSI	EUR
NA20766	-0.0104436	0.0263659	0.00841622	0.015438	0.0061515	0.0127778	-0.0295472	0.00161584	0.0170064	-0.0371082	TSI	EUR
NA20767	-0.0101518	0.0271252	0.0110806	0.020039	0.00796895	0.00689879	-0.0261639	0.00923018	0.0313891	-0.00971469	TSI	EUR
NA20768	-0.00931278	0.0260991	0.00585547	0.0204338	-0.00118816	0.00239603	-0.0349033	-0.00821929	-0.00835513	0.0522865	TSI	EUR
NA20769	-0.0112969	0.0275182	0.00872438	0.0218328	0.0165258	0.00245211	-0.0210933	-0.00398991	0.0224807	0.000480445	TSI	EUR
NA20770	-0.0105561	0.0255049	0.0126592	0.018672	0.0028121	0.00773586	-0.038074	-0.00806932	0.0139825	-0.0213466	TSI	EUR
NA20771	-0.00882391	0.0258401	0.0103038	0.0194043	0.0153077	0.00847691	-0.0344454	-0.00287485	-0.0151106	0.0253551	TSI	EUR
NA20772	-0.0108682	0.0260263	0.0100737	0.0225957	0.00554161	0.00923961	-0.0365288	-0.00747836	0.0199745	-0.018968	TSI	EUR
NA20773	-0.0107123	0.0241933	0.0051818	0.0194965	0.00311446	0.00467984	-0.0214225	0.00557626	0.020948	0.0139255	TSI	EUR
NA20774	-0.0105587	0.0280076	0.00770782	0.020614	-0.00399575	0.00632999	-0.0275979	0.0107101	0.0103561	-0.00274322	TSI	EUR
NA20775	-0.0106738	0.0280136	0.00639423	0.0190964	0.0142149	0.00485012	-0.0273883	0.00150738	0.0195066	-0.0109545	TSI	EUR
NA20778	-0.0111482	0.0273859	0.012447	0.0179597	0.00157433	-0.00296726	-0.0261094	-0.00385114	0.0141355	-0.0196634	TSI	EUR
NA20783	-0.00949061	0.0274584	0.00589735	0.0199329	0.00243523	0.00130873	-0.0191105	0.0109829	0.00974447	0.0131377	TSI	EUR
NA20785	-0.0106788	0.0253013	0.0094428	0.0224369	0.00656595	0.00523508	-0.0349317	-0.00396834	0.0270809	0.0201824	TSI	EUR
NA20786	-0.0105123	0.0270449	0.0142171	0.020124	0.0177312	0.0127621	-0.0429749	-0.0244913	-0.0474012	0.0143278	TSI	EUR
NA20787	-0.00975624	0.0265665	0.00783929	0.0204939	0.0158362	0.0116272	-0.0379108	-0.0207903	-0.0413146	0.0130542	TSI	EUR
NA20790	-0.0102463	0.0241647	0.00904959	0.0179265	0.00647639	0.00948048	-0.0140273	-0.0242233	-0.0130137	-0.00826234	TSI	EUR
NA20792	-0.0102092	0.0255102	0.00586324	0.0182538	0.00650365	0.00581316	-0.0362412	-0.0172533	-0.023005	0.0142351	TSI	EUR
NA20795	-0.0092541	0.0292874	0.0152639	0.0210588	0.0125161	0.0140522	-0.031544	0.00609045	0.00959243	-0.0164417	TSI	EUR
NA20796	-0.0103841	0.0265982	0.00871408	0.0157167	0.0100592	0.00950867	-0.0229128	0.0109187	0.0102688	0.0254046	TSI	EUR
NA20797	-0.0106831	0.0242544	0.00843643	0.0161206	0.0155336	-0.00357389	-0.012919	-0.025689	-0.0203428	-0.00186329	TSI	EUR
NA20798	-0.0101353	0.0271019	0.00888784	0.0198005	0.0125628	0.00544638	-0.0231961	-0.0140414	-0.0314192	0.00617442	TSI	EUR
NA20799	-0.00984487	0.0272272	0.00817553	0.0198466	0.00664425	0.00728446	-0.0420506	0.00579621	-0.00788619	-0.00439813	TSI	EUR
NA20800	-0.0102908	0.0262294	0.00833975	0.0202015	0.00655524	0.00229731	-0.0426982	-0.00136537	0.00342194	-0.00298209	TSI	EUR
NA20801	-0.0113494	0.0260009	0.01218	0.0210999	0.00446646	0.00902022	-0.0359056	0.00619154	0.0198268	-0.0120859	TSI	EUR
NA20802	-0.00909123	0.0274348	0.00922152	0.019606	0.010483	0.0109075	-0.0437945	-0.0115213	-0.00333057	0.0148285	TSI	EUR
NA20803	-0.0100058	0.027161	0.0108829	0.0199477	0.00822227	0.00348606	-0.0310215	-0.00226957	-0.00470668	0.0016284	TSI	EUR
NA20804	-0.0109174	0.025866	0.00746739	0.0216435	0.00814886	0.00647685	-0.034906	0.000425236	0.0221403	-0.00914882	TSI	EUR
NA20805	-0.0111607	0.0284627	0.0106421	0.0193643	0.00623446	0.00820865	-0.0476185	-0.0112654	0.0135364	-0.0140566	TSI	EUR
NA20806	-0.0106629	0.0272704	0.00896479	0.0216449	0.0171394	0.00973094	-0.0345447	-0.0063075	0.00305063	-0.0120283	TSI	EUR
NA20807	-0.00968256	0.0278742	0.00863052	0.0200619	0.0125784	0.0110414	-0.0294676	-0.00685509	-0.0192702	0.0203168	TSI	EUR
NA20808	-0.0106716	0.0254963	0.00804432	0.0215294	0.00953861	0.00696616	-0.0344285	-0.00310277	0.023461	-0.0306244	TSI	EUR
NA20809	-0.0105143	0.0256487	0.0088647	0.0161723	0.0114815	0.00400382	-0.0227174	0.00651246	0.0212161	-0.0184044	TSI	EUR
NA20810	-0.0107154	0.0266598	0.00750365	0.0223494	0.00946732	0.0113415	-0.0556317	-0.0150417	-0.0292807	0.00858233	TSI	EUR
NA20811	-0.00961657	0.0278998	0.00949474	0.019336	0.00319836	0.00978302	-0.0384961	0.00127962	-0.010622	-0.00201014	TSI	EUR
NA20812	-0.010729	0.0255775	0.00879304	0.0159106	0.00568869	0.000680672	-0.0391352	-0.0141088	-0.00990216	0.00802198	TSI	EUR
NA20813	-0.00932008	0.0255845	0.00457951	0.0208663	0.00798203	-0.000424898	-0.0122309	-0.00308167	-0.0113545	0.0180132	TSI	EUR
NA20814	-0.0101983	0.0264547	0.00530803	0.0209764	0.00645361	0.00342641	-0.0314487	0.00949564	0.00903527	0.0286415	TSI	EUR
NA20815	-0.0101042	0.0244476	0.00862363	0.0164738	0.00392588	-0.00274494	-0.00853228	-0.0130218	-0.0189627	0.0022495	TSI	EUR
NA20818	-0.0103746	0.0258529	0.00878634	0.0182895	0.00215043	0.000252411	-0.0255174	-0.00785623	0.0133374	-0.0347948	TSI	EUR
NA20819	-0.0114733	0.0255673	0.00466804	0.0194194	0.00706275	-0.00192681	0.00548354	0.00840708	0.0177962	0.00409661	TSI	EUR
NA20821	-0.00991276	0.0255628	0.0105065	0.0113118	0.00277365	-0.00285244	-0.0279027	0.0110232	0.00114261	0.0117162	TSI	EUR
NA20822	-0.00990347	0.0266391	0.0108821	0.0219941	0.00965826	0.00150721	-0.0404004	-0.00619126	-0.00776339	-0.00392611	TSI	EUR
NA20826	-0.0104182	0.0264467	0.00775808	0.0185239	0.0119899	-0.00335739	-0.0172657	0.0138708	0.019646	0.0316083	TSI	EUR
NA20827	-0.00991569	0.0286776	0.0120513	0.0180456	0.000186016	0.00933658	-0.0129562	-0.0121248	0.000361155	0.0201735	TSI	EUR
NA20828	-0.0101579	0.0250885	0.00866914	0.0171861	0.0110939	0.0188381	-0.0303529	-0.00337762	0.00666129	-0.00981221	TSI	EUR
NA20832	-0.00939852	0.0259878	0.00907257	0.0177325	0.021413	-0.000777374	-0.0399311	-0.0236088	-0.0202889	0.013513	TSI	EUR
NA20845	-0.0112393	0.00813428	-0.0300333	-0.0131207	-0.011414	0.000407256	0.00141449	0.00302106	0.0150987	0.0103138	GIH	SAS
NA20846	-0.0111728	0.009277	-0.0298456	-0.0132954	-0.000792052	0.000746261	0.00572231	0.00168809	0.0118727	-0.0354998	GIH	SAS
NA20847	-0.00994548	0.00739437	-0.0361375	-0.0181041	0.00123344	0.00211989	-0.0153652	0.00532858	0.0253008	-0.00263506	GIH	SAS
NA20849	-0.0113499	0.00494617	-0.0382375	-0.0139073	-0.00293919	0.00152697	-0.00648636	-0.00680767	-0.00577145	0.00416143	GIH	SAS
NA20850	-0.0111411	0.011341	-0.0241006	-0.00475785	0.000478669	-0.00295613	0.00740292	0.00599237	0.0210202	-0.0130228	GIH	SAS
NA20851	-0.010926	0.00797087	-0.0387957	-0.016472	-0.000196257	-0.00308412	-0.0128426	-0.00487964	0.0070212	0.0154602	GIH	SAS
NA20852	-0.0115724	0.011021	-0.0229103	-0.0118831	-0.00201643	-0.00138515	0.00971234	-0.0059639	-0.0136065	-0.00229865	GIH	SAS
NA20853	-0.0107799	0.00722627	-0.0336035	-0.0159706	-0.0145717	-0.00203955	0.010762	0.00834363	0.00579983	-0.00740611	GIH	SAS
NA20854	-0.0114348	0.00950407	-0.0288669	-0.00903019	-0.00591167	0.000242462	0.0175787	0.0186701	0.0228052	-0.0164197	GIH	SAS
NA20856	-0.0112025	0.00693616	-0.0376414	-0.01749	-0.00223433	0.0067664	-0.00577886	0.000684305	0.0295399	-0.0244162	GIH	SAS
NA20858	-0.00993209	0.0119312	-0.0235158	-0.00796089	-0.00717644	-0.00848496	0.00832506	0.000376018	-0.0176317	0.00386304	GIH	SAS
NA20859	-0.0119648	0.00636329	-0.0395795	-0.0151146	-0.00286416	0.000139368	-0.00663509	0.00113224	0.0121986	0.0153666	GIH	SAS
NA20861	-0.0107652	0.00632892	-0.0342082	-0.0159876	0.00163719	0.00437339	0.000591269	-0.00419971	0.00671246	0.0173447	GIH	SAS
NA20862	-0.0114459	0.0115313	-0.0204247	-0.00681856	-0.000850143	-0.0102703	0.0220868	-0.00982929	-0.0206287	-0.00197071	GIH	SAS
NA20863	-0.0116695	0.00620383	-0.0350402	-0.0139576	-0.00358693	-0.00608287	-0.0107361	0.00175652	0.0202337	-0.00684315	GIH	SAS
NA20864	-0.0113836	0.0104732	-0.026424	-0.0120666	0.00120717	-0.00220321	0.00231403	-0.00854787	0.00594225	-0.0309134	GIH	SAS
NA20866	-0.010697	0.0090391	-0.0325767	-0.0129962	0.0063645	0.00910997	0.000851356	0.00362542	0.00296678	-0.00118935	GIH	SAS
NA20867	-0.0113589	0.00823441	-0.0451869	-0.014855	-0.0140045	-0.0085222	-0.000119917	0.00685386	0.021649	0.0230592	GIH	SAS
NA20868	-0.0110818	0.00477257	-0.0351597	-0.0118124	0.00240074	-0.00406745	0.00675152	0.00108886	0.00244837	-0.0413395	GIH	SAS
NA20869	-0.011178	0.00740904	-0.0351011	-0.0137739	0.0043827	0.0013324	0.00194127	0.00424331	0.0261608	-0.0113739	GIH	SAS
NA20870	-0.0108096	0.0113209	-0.0214806	-0.00514496	-0.00419424	-0.00511271	0.00611621	-0.0012373	-0.000469272	0.000397306	GIH	SAS
NA20872	-0.0106978	0.0132997	-0.0274728	-0.0136241	-0.00757438	-0.00340066	-0.00406827	0.0100807	0.00973603	0.00993641	GIH	SAS
NA20874	-0.0110759	0.00823894	-0.0331932	-0.0118705	-0.0074857	0.00690668	0.0149446	0.000937781	-0.00680018	0.0105034	GIH	SAS
NA20875	-0.0110559	0.00861684	-0.0400113	-0.0172068	-0.00149026	-0.00214386	0.000891309	-0.00497644	0.00911564	-0.0103746	GIH	SAS
NA20876	-0.0115656	0.00707793	-0.0358873	-0.0171162	-0.0144848	0.00468718	-0.00222574	-0.00232447	-0.0112218	-0.0157628	GIH	SAS
NA20877	-0.0109227	0.00927695	-0.0361288	-0.0163552	-0.0161585	-0.00506318	-0.00526434	-0.00559201	0.00120807	-0.0294944	GIH	SAS
NA20878	-0.0108773	0.00927319	-0.0392351	-0.0167062	0.00206747	-0.00642767	-0.000475321	-0.0201844	-0.0359634	0.0272812	GIH	SAS
NA20881	-0.0107708	0.0114826	-0.0269387	-0.00877266	-0.00651226	0.00194362	0.00585619	-0.00716614	-0.00275967	-0.0143676	GIH	SAS
NA20882	-0.00986526	0.00937664	-0.0260439	-0.0104527	0.00809976	0.00518765	0.0112523	0.003285	0.0127958	-0.00688671	GIH	SAS
NA20884	-0.0115112	0.00465278	-0.04077	-0.0165924	0.000860529	-0.000419724	0.00604763	0.0208955	0.022369	-0.0318374	GIH	SAS
NA20885	-0.0111909	0.0124166	-0.0273915	-0.0086725	-0.000814734	-0.00269698	0.0073921	-0.00557059	0.00373002	-0.00942774	GIH	SAS
NA20886	-0.0114728	0.0090336	-0.0281994	-0.0126179	-0.0130607	-0.00483627	0.0174226	0.0132114	0.0093492	0.0293558	GIH	SAS
NA20887	-0.0104875	0.00740463	-0.0291227	-0.0115982	-0.00264621	-0.00754284	-0.00649009	-0.0207785	-0.0389737	0.0264315	GIH	SAS
NA20888	-0.0113823	0.00529412	-0.0345793	-0.0177848	-0.00794845	0.00761748	-0.00194142	-0.0107965	-0.0237237	-0.0361044	GIH	SAS
NA20889	-0.0103181	0.0102714	-0.0364547	-0.0154289	-0.0125427	-0.00506647	-0.0119557	-0.0117744	-0.00607925	-0.0290475	GIH	SAS
NA20890	-0.0107559	0.00933564	-0.0273552	-0.0157556	0.00710707	-0.000413079	-0.00657512	-0.0198988	-0.0239742	-0.0056599	GIH	SAS
NA20891	-0.0107052	0.0117916	-0.024891	-0.00882574	0.011303	0.00411797	0.0155548	0.000788682	0.0133016	-0.0197245	GIH	SAS
NA20892	-0.0109091	0.00799455	-0.0365266	-0.013241	-0.00764537	0.00703679	-0.00933427	-0.00416857	0.00673748	-0.0330232	GIH	SAS
NA20894	-0.0105842	0.00987943	-0.0315933	-0.0149138	0.00633246	0.00319356	0.00678577	-0.0101862	-0.0140546	-0.0101583	GIH	SAS
NA20895	-0.0108858	0.0079129	-0.0273904	-0.0120005	0.00893443	-0.00703627	0.00725159	-0.0142181	-0.0324367	-0.00467992	GIH	SAS
NA20896	-0.0112091	0.00547098	-0.0403424	-0.0151516	-0.00228477	-0.0102911	-0.00234409	0.0125175	0.0276147	-0.050239	GIH	SAS
NA20897	-0.010343	0.00575146	-0.0351737	-0.0149799	-0.00294575	-0.00267781	-0.0124666	-0.00889088	-0.0402841	-0.00713903	GIH	SAS
NA20899	-0.0108134	0.0059398	-0.0386782	-0.0203882	-0.00195454	-0.00149847	0.00250341	-0.00639861	-0.0143092	-0.034939	GIH	SAS
NA20900	-0.0104076	0.0129871	-0.0216292	-0.0092584	0.00721256	0.00597103	0.0134738	0.0084927	0.025749	-0.0246977	GIH	SAS
NA20901	-0.0110778	0.00893004	-0.0349051	-0.0120348	-0.00233832	-0.000160499	-0.0067319	0.00350996	0.0320924	0.0105466	GIH	SAS
NA20902	-0.0121438	0.00480527	-0.0359918	-0.0172566	-0.0104961	-0.00556221	0.00870049	0.0159424	0.027113	-0.0297876	GIH	SAS
NA20903	-0.0108524	0.00882971	-0.0327095	-0.0111516	-0.00330002	0.00453312	-0.00138199	0.00235199	-0.00798912	0.019713	GIH	SAS
NA20904	-0.0107241	0.0108276	-0.0258523	-0.00363291	-0.000832272	0.00158905	0.0117231	-0.0121279	-0.0311722	0.0317112	GIH	SAS
NA20905	-0.0112527	0.00817673	-0.029822	-0.00985076	0.00327168	-0.00115776	0.00697794	-0.00866472	-0.0167365	-0.0162066	GIH	SAS
NA20906	-0.011661	0.00643556	-0.0352753	-0.0158207	0.00743321	-0.0083715	0.00914881	-0.0105159	0.00157818	0.00665477	GIH	SAS
NA20908	-0.0110858	0.00533479	-0.0381907	-0.0151775	0.0132141	-0.00383474	-0.0117575	0.0125856	0.00446101	0.037865	GIH	SAS
NA20910	-0.0102625	0.0127195	-0.0207498	-0.00513154	0.00165596	0.00931866	0.00061415	-0.00306438	-0.0194224	0.0165453	GIH	SAS
NA20911	-0.0112826	0.00725334	-0.035057	-0.0172109	-0.00603677	0.00457179	0.00456819	0.00536235	-0.0043008	0.0139464	GIH	SAS
NA21086	-0.0119643	0.00464707	-0.0402398	-0.013693	0.00291321	-0.00609591	0.00433342	-0.00726936	-0.0179629	-0.035053	GIH	SAS
NA21087	-0.0112181	0.00648876	-0.039495	-0.0218152	-0.000930594	-0.00026209	0.00408068	-0.00312851	0.0239394	-0.0324327	GIH	SAS
NA21088	-0.0122916	0.00812814	-0.0364971	-0.0205554	-0.0120183	-0.00276102	-0.00132994	-0.0124663	0.00188559	-0.0485212	GIH	SAS
NA21089	-0.0110337	0.010603	-0.0361898	-0.0160711	-0.00670875	-0.00194294	-0.0106368	-0.0181492	-0.0217701	-0.0339529	GIH	SAS
NA21090	-0.0112088	0.0043647	-0.0388675	-0.0174653	0.0050657	-0.00530271	0.0070196	-0.0091348	-0.00804668	0.00468106	GIH	SAS
NA21091	-0.0110131	0.00765302	-0.0371268	-0.0190677	0.00389502	0.0003558	-0.00445997	-0.00321971	0.00020266	-0.0125209	GIH	SAS
NA21092	-0.0104526	0.00853123	-0.0328718	-0.0129687	-0.00145829	-0.00345967	0.00172357	-0.0174721	-0.0163839	-0.00740145	GIH	SAS
NA21093	-0.0105432	0.0074206	-0.0400414	-0.0129162	0.00134548	-0.00422238	-0.0109248	0.00848532	0.0297138	-0.0487006	GIH	SAS
NA21094	-0.00987742	0.00931821	-0.0353746	-0.0137997	0.00177631	0.00578337	0.00471568	-0.0254279	-0.0134573	-0.00827297	GIH	SAS
NA21095	-0.0111017	0.00797069	-0.0390562	-0.0164919	0.00253377	-0.00453584	0.0108947	-0.0194616	-0.0387275	0.0110841	GIH	SAS
NA21097	-0.0113572	0.00687839	-0.0317158	-0.0147663	-0.00162168	-0.00063298	-0.00153706	-0.00288298	-0.0268719	0.0302506	GIH	SAS
NA21098	-0.0106204	0.00568704	-0.0406696	-0.0200556	-0.00371876	-0.00416645	-0.00369724	0.00508726	0.0280132	-0.0117055	GIH	SAS
NA21099	-0.0114999	0.00633756	-0.0366967	-0.0169634	0.00439636	-0.00574074	-0.00954509	0.00911911	0.0236532	-0.00210517	GIH	SAS
NA21100	-0.0116379	0.00628506	-0.0411454	-0.0217087	-0.00587969	-0.00482239	-0.00240062	-0.0175338	-0.0237019	-0.00872245	GIH	SAS
NA21101	-0.0111223	0.0069678	-0.0344463	-0.013658	0.00158803	0.00149461	-0.0123762	-0.00628123	-0.00857818	-0.0317975	GIH	SAS
NA21102	-0.0104575	0.00545847	-0.0357504	-0.0198248	0.0071588	0.000427314	-0.00623818	-0.00997544	-0.0366356	-0.0165179	GIH	SAS
NA21103	-0.010674	0.00835055	-0.038982	-0.0131413	0.00248466	0.00255045	-0.00172115	-0.001744	-0.00638227	0.0158854	GIH	SAS
NA21104	-0.0110717	0.008418	-0.0362701	-0.0108279	-0.0115835	-8.54492e-05	0.012102	-0.0113705	-0.00799009	-0.0241978	GIH	SAS
NA21105	-0.0122362	0.00630319	-0.0408734	-0.0153344	-0.00182997	-0.00582803	0.00478374	0.0016567	0.0194111	-0.00322412	GIH	SAS
NA21106	-0.0113038	0.00824314	-0.0397274	-0.0178282	-0.00612573	0.00774599	-0.00852083	0.00335279	0.00564061	-0.0144774	GIH	SAS
NA21107	-0.0115854	0.00753868	-0.0362226	-0.0125577	0.0092559	0.00152112	0.0117846	0.00207605	0.024008	-0.0244416	GIH	SAS
NA21108	-0.0101672	0.011755	-0.0269934	-0.00519561	-0.020145	-0.00228922	0.0187863	0.00801422	0.0203009	0.00623649	GIH	SAS
NA21109	-0.0105111	0.00659783	-0.0420685	-0.0191558	-0.00222344	-0.00483296	-0.000541295	0.0118449	0.0170676	0.0144678	GIH	SAS
NA21110	-0.0108599	0.00627854	-0.0351912	-0.015943	-0.00289282	-0.00446944	0.000196337	-0.00529097	0.00881683	-0.0451643	GIH	SAS
NA21111	-0.0106082	0.00754834	-0.0358049	-0.0113406	0.00998858	-0.00186988	0.00398972	-0.0096749	-0.0128608	0.02314	GIH	SAS
NA21112	-0.010854	0.0064647	-0.0364894	-0.0168329	-0.00760799	-0.00494413	-0.000441077	0.00638958	0.0186058	-0.0154723	GIH	SAS
NA21113	-0.0104985	0.00914517	-0.0354408	-0.0160014	-0.0119992	-0.00459845	0.0163192	-0.00879415	-0.0219022	-0.026776	GIH	SAS
NA21114	-0.0102898	0.00846825	-0.0315913	-0.0124979	0.00787266	-0.00163495	0.00826725	0.002542	-0.00329935	0.0234506	GIH	SAS
NA21115	-0.0106886	0.00752652	-0.0381907	-0.0109052	0.00268988	0.00156372	0.00807274	0.00405019	0.0323821	-0.00120637	GIH	SAS
NA21116	-0.0113365	0.0066531	-0.0290318	-0.00901724	0.00186454	-0.00351429	-0.00458356	-0.00391904	0.00145101	-0.0116412	GIH	SAS
NA21117	-0.0107386	0.00752734	-0.0406443	-0.020956	-0.0095361	-0.0017735	-0.00542549	-0.00656294	-0.00530473	0.0162378	GIH	SAS
NA21118	-0.0123536	0.00845492	-0.0351093	-0.0147908	0.00612809	-0.00231006	0.00713401	-0.00370814	-0.00392933	-0.036798	GIH	SAS
NA21119	-0.0108073	0.00647766	-0.040801	-0.0139762	-0.00161311	-0.00453854	-0.00379025	0.00896341	0.00438272	-0.00757323	GIH	SAS
NA21120	-0.0109277	0.00690463	-0.032671	-0.0140487	-0.00217498	-0.00208599	-0.00915752	0.00395496	-0.00681624	0.0147758	GIH	SAS
NA21122	-0.0109049	0.00673848	-0.0354489	-0.0149763	0.00655742	-0.000758736	-0.0127682	-0.00495858	0.00147098	0.0066353	GIH	SAS
NA21123	-0.0102465	0.00641093	-0.0410455	-0.0187908	0.00236716	-0.00105965	-0.000935401	0.00973001	0.0118314	-0.014694	GIH	SAS
NA21124	-0.0104021	0.00586799	-0.0404568	-0.0199173	-0.0070836	-0.00179516	0.00852142	-0.00468843	0.00598539	-0.0150843	GIH	SAS
NA21125	-0.0110046	0.00676245	-0.036534	-0.0166315	-0.00215884	-0.00267286	-0.0121709	-0.00461316	0.0150415	-0.0314733	GIH	SAS
NA21126	-0.0110964	0.00552784	-0.0409932	-0.0198623	0.0113596	-0.00145906	-0.00815066	-0.00268275	0.00270941	-0.00362316	GIH	SAS
NA21127	-0.0101923	0.00902136	-0.034212	-0.0156272	-0.0105331	-0.000978374	-0.00810905	-0.0158778	-0.0280486	0.000673529	GIH	SAS
NA21128	-0.0109	0.00746278	-0.04132	-0.0132604	-0.0071053	-0.000347714	-0.000622105	0.00665739	0.0182292	0.00461827	GIH	SAS
NA21129	-0.0109851	0.00611774	-0.0404793	-0.0189751	0.000968327	-0.000940164	0.00526238	-0.00477949	-0.00592017	0.00613939	GIH	SAS
NA21130	-0.0119719	0.00804968	-0.0346711	-0.0170711	-0.00414441	0.000639859	0.00158732	0.0026271	-0.00141271	-0.0278308	GIH	SAS
NA21133	-0.0114488	0.00776231	-0.0405809	-0.0174564	-0.000349839	-0.00509393	-0.0116274	-0.00682096	-0.00900298	-0.0108283	GIH	SAS
NA21135	-0.0120669	0.00986708	-0.0313181	-0.0138248	-0.00735567	-0.00265085	0.0133555	0.0147903	0.0181663	0.00173544	GIH	SAS
NA21137	-0.0110471	0.00613775	-0.043002	-0.0141282	8.81643e-05	0.00100075	-0.00020103	0.00198419	0.0182665	0.00632491	GIH	SAS
NA21141	-0.0109057	0.00868083	-0.03884	-0.0132115	0.0131658	-0.00396414	-0.00642629	0.00191433	0.00107197	-0.00326903	GIH	SAS
NA21142	-0.011211	0.00468253	-0.0414195	-0.0196596	-0.0007915	-0.000243956	-0.00360523	0.0161296	0.0108899	0.00235188	GIH	SAS
NA21143	-0.0109076	0.00672612	-0.040543	-0.0154677	0.000600633	-0.00781934	-0.0173162	0.0193542	0.0275592	0.0122299	GIH	SAS
NA21144	-0.0101141	0.00767811	-0.0380205	-0.014433	0.00727355	0.0019187	-0.00628334	-0.0198767	-0.0293973	0.012371	GIH	SAS
